snapped_at,price,market_cap,total_volume
2020-12-22 00:00:00 UTC,617.1649966237076,0.0,137563.02655658743
2020-12-23 00:00:00 UTC,617.1649966237076,0.0,137563.02655658743
2020-12-24 00:00:00 UTC,596.7677113169867,4424223.373088122,67102.2592157251
2020-12-25 00:00:00 UTC,611.5047123866868,5651612.707359494,54336.794214655325
2020-12-26 00:00:00 UTC,624.8004202305107,7284743.945718903,45933.06454052944
2020-12-27 00:00:00 UTC,629.0666564890665,7530256.10332518,10300.366418282534
2020-12-28 00:00:00 UTC,678.0991409249748,8034076.269339776,89087.13807428456
2020-12-29 00:00:00 UTC,730.4192863701766,11392116.720485743,2319.238431710206
2020-12-30 00:00:00 UTC,722.7676805784541,11493376.39775885,116741.44432478557
2020-12-31 00:00:00 UTC,722.2828760791737,11905413.948918724,95848.21482803432
2021-01-01 00:00:00 UTC,733.3186200214205,12333635.441624038,81813.99824695727
2021-01-02 00:00:00 UTC,723.5314329233858,12123442.78038427,5104.645519294309
2021-01-03 00:00:00 UTC,772.0626849149918,13205950.414439877,34572.923549638675
2021-01-04 00:00:00 UTC,977.5678400984992,15836679.44998422,35395.449102019724
2021-01-05 00:00:00 UTC,966.8978757629144,17475397.472125165,277333.65778191475
2021-01-06 00:00:00 UTC,1113.9010557940437,19381852.747256536,442577.97055314423
2021-01-07 00:00:00 UTC,1173.3314353182077,21396653.5960448,38065.92353668953
2021-01-08 00:00:00 UTC,1223.4467832598373,22986311.18507738,33380.0662837602
2021-01-09 00:00:00 UTC,1224.7829944332022,24866161.52233301,61432.89308072859
2021-01-10 00:00:00 UTC,1247.308135031523,27038338.911400873,16621.725032768987
2021-01-11 00:00:00 UTC,1279.3605770058432,32744969.53311306,29187.711162359734
2021-01-12 00:00:00 UTC,1087.2141097118467,28497872.511435106,45761.95916254789
2021-01-13 00:00:00 UTC,1051.1076614383398,29435948.93378641,23342.195552821166
2021-01-14 00:00:00 UTC,1137.3555154821463,53336069.24367899,65350.07202209887
2021-01-15 00:00:00 UTC,1215.0340174070896,76486156.1462544,20891.856492975992
2021-01-16 00:00:00 UTC,1160.6440942912907,77773706.44238818,23973.27157269267
2021-01-17 00:00:00 UTC,1219.3826646568334,86367412.5894856,27560.443657135864
2021-01-18 00:00:00 UTC,1193.8335285214778,84463316.17207983,7698.1161483334145
2021-01-19 00:00:00 UTC,1246.2501791878278,83549641.03804947,3633.065062628682
2021-01-20 00:00:00 UTC,1374.7240388132666,94727223.03282714,8909.006666654137
2021-01-21 00:00:00 UTC,1328.3856147705762,101801923.66360264,5907.759644804566
2021-01-22 00:00:00 UTC,1110.6621459785124,84924379.65320097,77.4220678573587
2021-01-23 00:00:00 UTC,1207.5312269124056,93051751.08442973,8820.211015767438
2021-01-24 00:00:00 UTC,1241.668428386274,110162894.87456314,7089.779960007589
2021-01-25 00:00:00 UTC,1332.3202314378657,119999757.95428069,4435.088453083787
2021-01-26 00:00:00 UTC,1323.3040641583143,121253879.31507112,2866.7722452686894
2021-01-27 00:00:00 UTC,1360.2115687998769,129743647.98528455,94.95040845503998
2021-01-28 00:00:00 UTC,1243.595224170501,121610639.34405212,62.17976120852506
2021-01-29 00:00:00 UTC,1368.3391492074202,136214636.33095643,1491.77000781867
2021-01-30 00:00:00 UTC,1304.4668986578768,130336576.17264885,275.43900370497744
2021-01-31 00:00:00 UTC,1273.1234207184214,128423916.80874236,815.8411847110183
2021-02-01 00:00:00 UTC,1329.0060049071658,140184744.40388563,13164.315981702022
2021-02-02 00:00:00 UTC,1346.727804117627,145276753.70925808,28536.077238119775
2021-02-03 00:00:00 UTC,1545.668488399302,180735971.2775028,54038.052707870615
2021-02-04 00:00:00 UTC,1624.4271769527734,203744610.56824762,19158.14964757375
2021-02-05 00:00:00 UTC,1594.5501325761145,201186682.44525746,1830.7141839224532
2021-02-06 00:00:00 UTC,1731.4765363608394,222268505.5315105,44490.71735453355
2021-02-07 00:00:00 UTC,1682.1317132892252,220914601.53389928,56381.27978942274
2021-02-08 00:00:00 UTC,1613.6562507350425,219932936.52136672,7027.011425889591
2021-02-09 00:00:00 UTC,1743.1164967557165,239165407.7590784,81848.05308774955
2021-02-10 00:00:00 UTC,1737.4069511231507,250012542.4738221,15729.270769604953
2021-02-11 00:00:00 UTC,1678.9084954200857,242295834.2448262,153624.73796377442
2021-02-12 00:00:00 UTC,1798.0872307302586,259833191.43432248,168109.01404994968
2021-02-13 00:00:00 UTC,1808.9937662840844,261280877.970859,59804.46827307374
2021-02-14 00:00:00 UTC,1802.506848236632,262939728.22138736,19653.96551087039
2021-02-15 00:00:00 UTC,1803.1335151240144,294711629.881902,46387.71027098389
2021-02-16 00:00:00 UTC,1791.3660700001963,294958586.7323307,7792.46014843974
2021-02-17 00:00:00 UTC,1767.6486962208423,291523195.17178017,112519.65140813809
2021-02-18 00:00:00 UTC,1817.0772481913507,300622581.17733866,143817.45187675042
2021-02-19 00:00:00 UTC,1875.8958846505727,333787841.51512885,494114.06289582636
2021-02-20 00:00:00 UTC,1914.1747444127998,344370114.12837386,1256535.0275572485
2021-02-21 00:00:00 UTC,1894.5326870185472,339928292.8660936,328342.46006478777
2021-02-22 00:00:00 UTC,1879.9640575572173,340343362.4612324,259935.78072799474
2021-02-23 00:00:00 UTC,1732.0358048010432,312701522.3541799,102069.60546073441
2021-02-24 00:00:00 UTC,1549.6964722163054,271660314.8449398,411399.3448702868
2021-02-25 00:00:00 UTC,1613.9529066806986,292656427.0856388,257054.520149334
2021-02-26 00:00:00 UTC,1485.5447370020397,271158609.08605045,171245.77058968096
2021-02-27 00:00:00 UTC,1445.7488463463906,263018409.71946073,157171.00950529528
2021-02-28 00:00:00 UTC,1461.0588692964116,264637341.59895805,130538.31208685029
2021-03-01 00:00:00 UTC,1409.6498807762928,257558423.01740965,142945.47115716257
2021-03-02 00:00:00 UTC,1551.5599396781754,283798158.03327113,268536.6998083374
2021-03-03 00:00:00 UTC,1483.3575096171016,273014655.5435863,428948.3910080055
2021-03-04 00:00:00 UTC,1502.8566962268505,276033518.0087915,465191.31893736
2021-03-05 00:00:00 UTC,1511.7771289697628,277102273.6344691,284001.9699187666
2021-03-06 00:00:00 UTC,1519.5798352054483,278866082.87590307,321660.9941076904
2021-03-07 00:00:00 UTC,1593.8697077830298,293038723.4337979,111495.00453677667
2021-03-08 00:00:00 UTC,1627.9380014697897,299263259.7582876,256675.641460964
2021-03-09 00:00:00 UTC,1728.0620627155777,317176961.6313772,133486.0450609236
2021-03-10 00:00:00 UTC,1781.7930417126202,329182604.3752913,33508.16314640721
2021-03-11 00:00:00 UTC,1778.5293720889251,329898559.39568394,61083.94042226839
2021-03-12 00:00:00 UTC,1781.8780907806092,333299923.5620808,107490.76294933699
2021-03-13 00:00:00 UTC,1740.263754328333,324313855.69440186,51357.06344329668
2021-03-14 00:00:00 UTC,1891.0786378878956,352839315.0936329,72495.58549016133
2021-03-15 00:00:00 UTC,1813.448773450634,337871232.21925175,5742.0862941128635
2021-03-16 00:00:00 UTC,1744.3643019692206,327760427.14815843,111250.95871980334
2021-03-17 00:00:00 UTC,1759.3685652353693,328378342.5222747,58752.291976144326
2021-03-18 00:00:00 UTC,1731.4616286672401,321599551.3513637,130013.13370337324
2021-03-19 00:00:00 UTC,1699.7323786280265,318143497.9496602,30388.06509264729
2021-03-20 00:00:00 UTC,1772.2577285366253,331655174.3892655,585.2698849659126
2021-03-21 00:00:00 UTC,1732.1929046545426,324579083.4998464,59628.56202441884
2021-03-22 00:00:00 UTC,1699.8196254046538,318975718.50393784,67276.31837229582
2021-03-23 00:00:00 UTC,1588.6239743431677,298103060.5698864,67902.2750178018
2021-03-24 00:00:00 UTC,1579.5926379576288,296240548.8227197,109868.83229236247
2021-03-25 00:00:00 UTC,1493.2380916128059,282328022.2358038,32320.77161494161
2021-03-26 00:00:00 UTC,1498.3688063294996,281726610.52717125,82558.99465446372
2021-03-27 00:00:00 UTC,1593.868325515618,300043292.80682737,25988.47988827144
2021-03-28 00:00:00 UTC,1624.8156676224924,307162321.8044741,269826.01974496635
2021-03-29 00:00:00 UTC,1601.6103450163978,301807932.7367469,69644.63430374478
2021-03-30 00:00:00 UTC,1716.8936243277683,324269510.52547604,44640.76683654571
2021-03-31 00:00:00 UTC,1742.0162918602775,329674949.0681081,352467.559209336
2021-04-01 00:00:00 UTC,1957.0555448157377,371312517.8656141,367875.14611124253
2021-04-02 00:00:00 UTC,1996.1222639108437,380181035.96008724,60395.917375928206
2021-04-03 00:00:00 UTC,2091.7340491444193,398684970.19520956,201007.64336872924
2021-04-04 00:00:00 UTC,2054.6633919914807,393148123.4491205,651546.3198182095
2021-04-05 00:00:00 UTC,2098.6603309217385,400546605.7059873,171226.37460850415
2021-04-06 00:00:00 UTC,2125.725733360798,410571877.74991435,248203.0014737549
2021-04-07 00:00:00 UTC,2148.3371962559336,415691225.734164,301918.8418557247
2021-04-08 00:00:00 UTC,2026.0049847506043,394280450.41624445,262454.6119427469
2021-04-09 00:00:00 UTC,2078.7026010783047,403455305.7118958,160130.57671428417
2021-04-10 00:00:00 UTC,2046.5888023983837,397249529.61335725,70885.7124737608
2021-04-11 00:00:00 UTC,2106.347017713862,432854220.93159914,317570.1167197053
2021-04-12 00:00:00 UTC,2117.574499255428,436029206.5328925,264403.10071984876
2021-04-13 00:00:00 UTC,2120.9323363011213,470602814.07585514,197885.26945048114
2021-04-14 00:00:00 UTC,2255.326349601962,511084059.1568367,82216.1291651061
2021-04-15 00:00:00 UTC,2344.587388180975,526918484.5554509,242297.06928206378
2021-04-16 00:00:00 UTC,2444.6217986210054,555852003.2217938,319865.21565723047
2021-04-17 00:00:00 UTC,2347.06970462939,534529234.7974068,84021.72960861442
2021-04-18 00:00:00 UTC,2277.2557479864363,518288626.1838617,181998.37625341414
2021-04-19 00:00:00 UTC,2171.64698207999,494299217.7966192,103647.0689529886
2021-04-20 00:00:00 UTC,2158.4666145601723,542126589.1605366,431.69332291203443
2021-04-21 00:00:00 UTC,2215.3781008654228,555497664.533885,66428.27940613223
2021-04-22 00:00:00 UTC,2294.700719477077,576639980.7681509,97810.69269825707
2021-04-23 00:00:00 UTC,2335.2102233718106,585848852.230604,73407.63151920518
2021-04-24 00:00:00 UTC,2253.902603151857,565826796.372817,50726.51236015995
2021-04-25 00:00:00 UTC,2188.4086211927265,553127173.3006326,165463.20381246172
2021-04-26 00:00:00 UTC,2277.552315020002,574408905.5561506,136339.43991753826
2021-04-27 00:00:00 UTC,2436.778487944533,614456049.6161923,135254.78211782372
2021-04-28 00:00:00 UTC,2678.8735965312226,676456203.2798262,908389.4449659302
2021-04-29 00:00:00 UTC,2774.5813700245208,709163451.5388601,928159.2239889475
2021-04-30 00:00:00 UTC,2774.3526944676128,710644702.0579995,292122.8861156898
2021-05-01 00:00:00 UTC,2689.4091826183712,690706798.2627119,1176354.4861071405
2021-05-02 00:00:00 UTC,2867.0008200148714,738880504.4333328,604540.317427004
2021-05-03 00:00:00 UTC,2872.241274182734,741949565.4860098,436254.83984884917
2021-05-04 00:00:00 UTC,3322.161939619979,857736338.5958,928629.2302758599
2021-05-05 00:00:00 UTC,3253.483985554426,850165593.9817842,912158.51979771
2021-05-06 00:00:00 UTC,3507.5674842655912,956207198.0695695,732915.7070911678
2021-05-07 00:00:00 UTC,3481.538939627244,958274123.4861953,873699.0028453228
2021-05-08 00:00:00 UTC,3466.4510158776084,1069920239.5706303,1101383.0022863825
2021-05-09 00:00:00 UTC,3893.7036487122223,1267235759.4814012,11420710.999399489
2021-05-10 00:00:00 UTC,3908.0317598510605,1303074816.9749866,2130746.144799231
2021-05-11 00:00:00 UTC,3998.4359433464997,1341238586.5148304,3497120.5888799895
2021-05-12 00:00:00 UTC,4087.7556914839306,1375087905.8983538,1401292.370410504
2021-05-13 00:00:00 UTC,3936.137737674107,1328837396.207625,2741139.788079122
2021-05-14 00:00:00 UTC,3687.78168533037,1253121744.9315715,2313109.471281444
2021-05-15 00:00:00 UTC,4066.371413302283,1377930608.5173578,4768501.188345241
2021-05-16 00:00:00 UTC,3793.9328258871333,1308400999.2253513,2029142.1398311513
2021-05-17 00:00:00 UTC,3578.828534191375,1230824404.55035,1823519.79024783
2021-05-18 00:00:00 UTC,3280.4596998461175,1130747577.4526253,5074496.95753498
2021-05-19 00:00:00 UTC,3327.276910059446,1170214897.8005838,840972.2853189744
2021-05-20 00:00:00 UTC,2469.5820319152413,904861058.5097243,9807968.590125304
2021-05-21 00:00:00 UTC,2738.7558636932326,962371941.7649771,3771081.677446625
2021-05-22 00:00:00 UTC,2393.131601681522,844568022.8309705,2148359.395694689
2021-05-23 00:00:00 UTC,2291.951272383459,962431004.9661512,2037601.211628654
2021-05-24 00:00:00 UTC,2107.1096801280564,867119265.0082828,1929898.2021083643
2021-05-25 00:00:00 UTC,2605.9755304831187,1078149785.2522917,2889370.452775026
2021-05-26 00:00:00 UTC,2692.770315645141,1134615330.4645839,2470541.009721001
2021-05-27 00:00:00 UTC,2864.9359668592583,1204718909.0301158,4084409.23666278
2021-05-28 00:00:00 UTC,2737.561140172022,1214557376.2937343,8227280.43943255
2021-05-29 00:00:00 UTC,2416.3744337252556,1062509186.3598927,1864800.1677993648
2021-05-30 00:00:00 UTC,2284.5217123444268,997552834.2905425,14744905.265661975
2021-05-31 00:00:00 UTC,2380.7152618390073,1056973450.8858551,2196306.4940612563
2021-06-01 00:00:00 UTC,2686.587504263337,1213071707.9638631,20585531.326668836
2021-06-02 00:00:00 UTC,2629.82439468256,1183426039.323147,47492268.829229526
2021-06-03 00:00:00 UTC,2709.8252454444087,1233045994.7736,6757403.2216157215
2021-06-04 00:00:00 UTC,2871.0438122979585,1311122176.8709826,1387056.3272320854
2021-06-05 00:00:00 UTC,2686.4342464554893,1232282614.7543592,1795494.9886855476
2021-06-06 00:00:00 UTC,2589.516060618161,1188509689.7182548,863759.9980169901
2021-06-07 00:00:00 UTC,2703.3800747943146,1240978738.45256,2352496.2028536433
2021-06-08 00:00:00 UTC,2589.644352154117,1204690845.99007,2906039.0308958325
2021-06-09 00:00:00 UTC,2525.3271219928274,1176110910.7923038,2212508.729091388
2021-06-10 00:00:00 UTC,2619.8681110558573,1229435515.2744942,7499492.335316165
2021-06-11 00:00:00 UTC,2487.4110950786517,1177678060.441553,1186083.5464135646
2021-06-12 00:00:00 UTC,2350.349074624293,1133657361.145431,1579570.500958218
2021-06-13 00:00:00 UTC,2381.8254607909585,1186386362.0820541,7520951.110591628
2021-06-14 00:00:00 UTC,2501.981172760692,1245029336.9615324,151823.55941165122
2021-06-15 00:00:00 UTC,2586.2766548728714,1286581010.9708745,4796620.855913538
2021-06-16 00:00:00 UTC,2555.228993516616,1281508725.5186393,2352052.6060850327
2021-06-17 00:00:00 UTC,2356.4772009719914,1225158886.706917,18449728.165168244
2021-06-18 00:00:00 UTC,2377.527064653595,1236034424.1817787,23461987.96277991
2021-06-19 00:00:00 UTC,2225.1205039866163,1165932426.9861948,2535000.0532352645
2021-06-20 00:00:00 UTC,2182.432492061676,1157267332.375596,1773255.8642169682
2021-06-21 00:00:00 UTC,2256.927452771751,1201432084.7911108,6689547.717737316
2021-06-22 00:00:00 UTC,1892.3607594230407,1015954766.2943395,3188546.740436682
2021-06-23 00:00:00 UTC,1867.5637768727618,1004198747.6766669,17661797.585845318
2021-06-24 00:00:00 UTC,1960.2035432172559,1052557627.9817564,5482903.254560096
2021-06-25 00:00:00 UTC,1988.5018927821723,1069719994.0503801,9987410.926060481
2021-06-26 00:00:00 UTC,1825.6278442800492,984074729.8009964,3086762.197396664
2021-06-27 00:00:00 UTC,1795.1260315776153,968013292.2225733,620753.8352515904
2021-06-28 00:00:00 UTC,1959.416763098659,1054175083.3489673,2162599.4991514715
2021-06-29 00:00:00 UTC,2085.9838827615044,1125874878.2043686,6398836.625860775
2021-06-30 00:00:00 UTC,2182.322387501916,1213341320.4139566,365488.80811873527
2021-07-01 00:00:00 UTC,2262.23124635836,1256728376.3778224,303809.0286365178
2021-07-02 00:00:00 UTC,2123.9452193812754,1235706193.3373206,44385149.04654978
2021-07-03 00:00:00 UTC,2152.709017416191,1260130988.1336462,967033.3634331414
2021-07-04 00:00:00 UTC,2212.5551197523696,1292546506.5927355,642680.0610680548
2021-07-05 00:00:00 UTC,2342.320048511181,1401762530.4935882,227776.20912128154
2021-07-06 00:00:00 UTC,2234.2200679277503,1348965067.8893256,424691.5990481987
2021-07-07 00:00:00 UTC,2330.465193419901,1410254310.372995,441428.08921239304
2021-07-08 00:00:00 UTC,2331.2531227021386,1415237829.8475943,849894.9700565657
2021-07-09 00:00:00 UTC,2121.6462535366436,1300630348.7070236,3088812.443334145
2021-07-10 00:00:00 UTC,2158.550022585467,1368106240.040887,363754.5549086522
2021-07-11 00:00:00 UTC,2124.467392441253,1349999809.670865,386546.85676217574
2021-07-12 00:00:00 UTC,2139.8903911757825,1361670252.5829895,17866798.070544843
2021-07-13 00:00:00 UTC,2039.8738256950169,1299166611.04927,2034285.1414024422
2021-07-14 00:00:00 UTC,1942.8015631666894,1239435618.1409929,1372770.5104059065
2021-07-15 00:00:00 UTC,1994.7054307039175,1275247541.392101,1134236.8602757903
2021-07-16 00:00:00 UTC,1918.7355146837454,1227482244.6058474,4821190.937995237
2021-07-17 00:00:00 UTC,1861.9454796656094,1197141202.9568176,1052258.2686467592
2021-07-18 00:00:00 UTC,1896.574816198961,1217339992.314434,2134401.913261352
2021-07-19 00:00:00 UTC,1901.1154990645603,1220783640.5140035,2806651.0383813037
2021-07-20 00:00:00 UTC,1820.1866990231097,1182675106.5331047,1006382.740441064
2021-07-21 00:00:00 UTC,1792.9902136870703,1169089352.8160412,12587729.725598652
2021-07-22 00:00:00 UTC,1986.890551037097,1299848473.9935868,16360434.161902037
2021-07-23 00:00:00 UTC,2018.9633042027706,1338474664.6828988,5099313.7545952955
2021-07-24 00:00:00 UTC,2102.0768747264856,1395043641.9384449,2289800.827350965
2021-07-25 00:00:00 UTC,2175.7696337970438,1447861354.891111,4834509.269180354
2021-07-26 00:00:00 UTC,2183.6369125641013,1464299815.4088995,890321.202919813
2021-07-27 00:00:00 UTC,2215.0695972825415,1486542868.2520564,2147321.772623125
2021-07-28 00:00:00 UTC,2282.1150328971607,1533369153.741508,1271637.2671625612
2021-07-29 00:00:00 UTC,2297.0530384206895,1548767015.973868,735535.7242826631
2021-07-30 00:00:00 UTC,2374.4150849436346,1610976221.9415655,837886.1186566851
2021-07-31 00:00:00 UTC,2442.885045386841,1665172843.3953876,1587235.5782044833
2021-08-01 00:00:00 UTC,2540.8998150876787,1750642898.5675738,20817343.664689746
2021-08-02 00:00:00 UTC,2563.221569023431,1781247376.7258396,6507384.234262036
2021-08-03 00:00:00 UTC,2623.1038445942763,1832995307.547809,3252866.049859114
2021-08-04 00:00:00 UTC,2503.632041006129,1813190841.3652246,63528918.07864276
2021-08-05 00:00:00 UTC,2725.6338554372246,1985519415.9295423,5932675.913229329
2021-08-06 00:00:00 UTC,2821.1886333829593,2069250539.764451,7004669.426179064
2021-08-07 00:00:00 UTC,2877.766362278978,2124620288.7734585,66930125.81630263
2021-08-08 00:00:00 UTC,3122.3378198068167,2324770641.2592382,40950372.0142034
2021-08-09 00:00:00 UTC,3025.7359841934913,2271192541.722215,5372702.897466747
2021-08-10 00:00:00 UTC,3135.7674613644085,2317693290.8677187,5542033.705294693
2021-08-11 00:00:00 UTC,3130.6752883691865,2359930127.055248,5394237.4352613045
2021-08-12 00:00:00 UTC,3163.7572972514745,2391352402.660178,16201973.215808451
2021-08-13 00:00:00 UTC,3030.626266759398,2298904637.942945,4670233.045542075
2021-08-14 00:00:00 UTC,3310.2826152703715,2534286676.714533,33386914.7167554
2021-08-15 00:00:00 UTC,3263.371421767289,2548922898.994465,8836782.368376376
2021-08-16 00:00:00 UTC,3297.264565062863,2662352760.9314666,3031928.640414521
2021-08-17 00:00:00 UTC,3154.8728452279347,2617322012.938399,10322487.098750355
2021-08-18 00:00:00 UTC,3023.877529917469,2533427212.1717405,4295872.536991717
2021-08-19 00:00:00 UTC,3050.182902505608,2594355385.104378,9612683.72730873
2021-08-20 00:00:00 UTC,3168.696017962801,2707688765.1838036,21201516.813846715
2021-08-21 00:00:00 UTC,3273.6754925090568,2934872968.090575,11340016.925710224
2021-08-22 00:00:00 UTC,3234.5305273245026,3002840449.854982,39364823.79308326
2021-08-23 00:00:00 UTC,3244.2100410229664,3072632792.772217,5130949.748680459
2021-08-24 00:00:00 UTC,3319.2873565191967,3249533664.981331,11279528.747598689
2021-08-25 00:00:00 UTC,3185.1598982279424,3143629102.763088,15175769.37266211
2021-08-26 00:00:00 UTC,3226.569484168665,3234649758.34802,38119680.68708841
2021-08-27 00:00:00 UTC,3122.5856242170025,3155379604.4461813,9105530.984456167
2021-08-28 00:00:00 UTC,3258.113047195916,3406303411.577397,8252000.742767426
2021-08-29 00:00:00 UTC,3228.409008018433,3607125067.1194186,9320105.866884815
2021-08-30 00:00:00 UTC,3208.777552191421,3639664707.698614,4644176.203043446
2021-08-31 00:00:00 UTC,3221.3263851021534,3673855799.219523,52134463.16941185
2021-09-01 00:00:00 UTC,3419.056919370417,3939610032.5180397,5942070.285076134
2021-09-02 00:00:00 UTC,3762.7609132041143,4355385527.065058,44627055.089667514
2021-09-03 00:00:00 UTC,3771.2628157322893,4400074823.616107,11030319.429924184
2021-09-04 00:00:00 UTC,3904.0781177586427,4580908849.444915,7378182.090365133
2021-09-05 00:00:00 UTC,3871.6656688419444,4562573934.915925,6496137.510481779
2021-09-06 00:00:00 UTC,3923.7452895704955,4614944422.940338,2332407.127682765
2021-09-07 00:00:00 UTC,3899.079418092414,4629403641.288021,16590347.791543165
2021-09-08 00:00:00 UTC,3421.6596550009167,4243360201.3540545,24501053.13910589
2021-09-09 00:00:00 UTC,3492.418500482004,4367036811.7659445,11094252.242895288
2021-09-10 00:00:00 UTC,3390.0630207582876,4249377601.5183234,21284929.043670904
2021-09-11 00:00:00 UTC,3155.6418482681156,3956928211.474225,30184250.34113264
2021-09-12 00:00:00 UTC,3203.562307416458,4062070879.174977,649227.8890088741
2021-09-13 00:00:00 UTC,3371.458951471537,4295686319.826685,18239823.576188195
2021-09-14 00:00:00 UTC,3249.238122257878,4138885968.6343164,9195919.437366657
2021-09-15 00:00:00 UTC,3371.510949556262,4320488277.541482,17883109.741726417
2021-09-16 00:00:00 UTC,3563.3917509926964,4564047642.66385,16664008.945231166
2021-09-17 00:00:00 UTC,3536.5725266416384,4549280565.716929,42294799.00614602
2021-09-18 00:00:00 UTC,3367.0356164646605,4363113999.855167,16628883.73573247
2021-09-19 00:00:00 UTC,3395.256390076024,4397679688.852399,11024064.071142847
2021-09-20 00:00:00 UTC,3306.7438173212113,4256184677.31314,3188276.599413789
2021-09-21 00:00:00 UTC,2945.1116986567263,3813486306.2208214,29658245.49442964
2021-09-22 00:00:00 UTC,2718.1142453748403,3548628013.6634407,4188011.309699247
2021-09-23 00:00:00 UTC,3037.3951120354673,3960386496.2850966,5306459.255396743
2021-09-24 00:00:00 UTC,3134.0204394536468,4097217484.910396,11950530.146116162
2021-09-25 00:00:00 UTC,2907.7532902134653,3836860649.4457426,17438520.119487297
2021-09-26 00:00:00 UTC,2917.2231526444384,3809603194.1144037,11381243.08621839
2021-09-27 00:00:00 UTC,3030.2536775436047,3970274349.822281,10173832.811174395
2021-09-28 00:00:00 UTC,2934.722802410339,3858926184.67478,12097231.403197113
2021-09-29 00:00:00 UTC,2796.295413407497,3691496027.38746,10549648.370668733
2021-09-30 00:00:00 UTC,2828.2123930351404,3727902725.8838577,9568146.180104645
2021-10-01 00:00:00 UTC,2980.4775954663573,3949031853.952046,5082557.512319852
2021-10-02 00:00:00 UTC,3278.3988065892863,4355913555.668143,17597389.74829233
2021-10-03 00:00:00 UTC,3373.666889863617,4491337310.9903755,27073743.297250737
2021-10-04 00:00:00 UTC,3406.337705830292,4545561582.576364,7339615.617970005
2021-10-05 00:00:00 UTC,3383.182145350841,4551721778.450497,17294244.192037147
2021-10-06 00:00:00 UTC,3497.2811028937067,4780833065.122322,4107458.9497807254
2021-10-07 00:00:00 UTC,3564.854358405218,4893690070.452201,10472440.926047074
2021-10-08 00:00:00 UTC,3572.7751851933663,4905668900.813038,37195417.51769334
2021-10-09 00:00:00 UTC,3543.887548866244,4887556006.068642,14337599.186819771
2021-10-10 00:00:00 UTC,3564.27379521868,4912626494.778494,9678206.678975955
2021-10-11 00:00:00 UTC,3405.533713271351,4703519712.336886,9471839.115101798
2021-10-12 00:00:00 UTC,3497.623242605424,4847650322.784992,8725530.747043794
2021-10-13 00:00:00 UTC,3473.760039785408,4836544059.701871,4925935.790606947
2021-10-14 00:00:00 UTC,3577.2008376307526,4974157811.824798,9343734.587472623
2021-10-15 00:00:00 UTC,3771.0548892306647,5249075931.288756,20844968.046191104
2021-10-16 00:00:00 UTC,3853.8505934006266,5363151343.088367,7308645.313150741
2021-10-17 00:00:00 UTC,3831.957048820312,5333535755.551124,20441946.865617644
2021-10-18 00:00:00 UTC,3816.2446019657336,5317801206.567389,10808583.049677975
2021-10-19 00:00:00 UTC,3720.3927428674747,5206520369.190967,8354967.974524122
2021-10-20 00:00:00 UTC,3845.811434390387,5415682982.844135,48334709.15367473
2021-10-21 00:00:00 UTC,4151.981587422096,5841057347.648468,30565497.466907676
2021-10-22 00:00:00 UTC,4045.5741923063965,5707843626.377282,27756953.88518158
2021-10-23 00:00:00 UTC,3976.5007112040316,5610708639.246541,13036049.647728056
2021-10-24 00:00:00 UTC,4155.008339190241,5837502728.800461,5761039.50138963
2021-10-25 00:00:00 UTC,4069.939587216434,5749926848.172849,26416605.383978758
2021-10-26 00:00:00 UTC,4199.828145419028,5953059092.5434675,20046295.36491329
2021-10-27 00:00:00 UTC,4102.0988720002515,5843342602.071635,15101408.584115058
2021-10-28 00:00:00 UTC,3939.648132804377,5592327878.260811,14766400.500797048
2021-10-29 00:00:00 UTC,4257.518161892777,6028914717.699593,22282825.88409318
2021-10-30 00:00:00 UTC,4384.3539205782,6259223476.76445,13810579.780977542
2021-10-31 00:00:00 UTC,4286.654991598203,6097961335.768939,15927133.190650137
2021-11-01 00:00:00 UTC,4265.921945523853,6095952587.070779,12336142.62825983
2021-11-02 00:00:00 UTC,4293.252158212923,6170713784.559676,18314630.74203485
2021-11-03 00:00:00 UTC,4552.327964852445,6554099528.471885,6476201.435770433
2021-11-04 00:00:00 UTC,4573.726990595305,6594092614.559629,7548962.102499904
2021-11-05 00:00:00 UTC,4516.094540242991,6499136992.007166,54404228.36080184
2021-11-06 00:00:00 UTC,4458.102540914385,6454118225.869366,8446342.4692726
2021-11-07 00:00:00 UTC,4493.44653894275,6499121489.31952,4476623.551572271
2021-11-08 00:00:00 UTC,4587.051957224445,6649159267.807342,5700462.718695381
2021-11-09 00:00:00 UTC,4775.452755152845,6947051933.09497,12420678.877047177
2021-11-10 00:00:00 UTC,4711.492518607869,6886248423.213939,7289376.371931542
2021-11-11 00:00:00 UTC,4598.414527927654,6728114010.988432,10334934.81171304
2021-11-12 00:00:00 UTC,4711.588923985917,6891785584.005333,18420629.44606971
2021-11-13 00:00:00 UTC,4636.901157771041,6799593755.627619,7373525.739056768
2021-11-14 00:00:00 UTC,4621.572163409523,6789892928.022081,3639004.101643388
2021-11-15 00:00:00 UTC,4598.067762742563,6735285107.815584,8384211.276665649
2021-11-16 00:00:00 UTC,4550.205639948147,6725664449.267692,16549890.319892542
2021-11-17 00:00:00 UTC,4209.689919298247,6243240709.393653,10365591.16427027
2021-11-18 00:00:00 UTC,4251.5321947765015,6283930836.437527,6994019.635203169
2021-11-19 00:00:00 UTC,3954.9107590405342,5849360682.37868,9531216.647749757
2021-11-20 00:00:00 UTC,4285.825221934427,6348634516.389113,90687276.05586945
2021-11-21 00:00:00 UTC,4394.147480618784,6542839156.8481045,4001936.5304969396
2021-11-22 00:00:00 UTC,4308.21063927808,6432456065.063097,10954859.62607515
2021-11-23 00:00:00 UTC,4068.072471291511,6081683728.812919,14424167.074722175
2021-11-24 00:00:00 UTC,4319.162411842389,6455805337.891525,15143185.142578203
2021-11-25 00:00:00 UTC,4232.581528897545,6356678942.449415,9221537.974091329
2021-11-26 00:00:00 UTC,4489.562943042966,6759971405.736244,7518880.670784604
2021-11-27 00:00:00 UTC,4014.436689671845,6028962644.783409,9005242.936757026
2021-11-28 00:00:00 UTC,4058.924264726355,6110073492.139746,929404.0520406605
2021-11-29 00:00:00 UTC,4249.007674661704,6400148695.846412,1099443.1499814587
2021-11-30 00:00:00 UTC,4383.714226135919,6624953873.11269,640533.0011474555
2021-12-01 00:00:00 UTC,4596.5230090601435,6968542633.266444,494484.51323021296
2021-12-02 00:00:00 UTC,4545.156140172059,6896581704.18211,6505661.986577474
2021-12-03 00:00:00 UTC,4500.007785961225,6840774744.628017,4510463.850171169
2021-12-04 00:00:00 UTC,4212.116379309459,6446550360.659457,12053480.714324197
2021-12-05 00:00:00 UTC,4073.833512534281,6227382852.004574,8118427.254530243
2021-12-06 00:00:00 UTC,4157.0414577584,6378017718.210722,3526509.6330006826
2021-12-07 00:00:00 UTC,4307.943334096965,6630650363.094756,20848780.431556586
2021-12-08 00:00:00 UTC,4266.902952847442,6627832859.681795,7489741.296593747
2021-12-09 00:00:00 UTC,4397.508336974567,6820706315.625412,10948445.06305246
2021-12-10 00:00:00 UTC,4114.2108129971,6423662628.182414,4634653.491363711
2021-12-11 00:00:00 UTC,3879.7709232376283,6089205950.661661,11029150.399278762
2021-12-12 00:00:00 UTC,4045.939520262508,6339375293.107472,9527545.618834503
2021-12-13 00:00:00 UTC,4097.184753962518,6441079577.147753,8090903.63791214
2021-12-14 00:00:00 UTC,3753.980777771959,5914080997.125677,9423223.607502142
2021-12-15 00:00:00 UTC,3829.6174198306126,6010594880.602587,4657393.234845119
2021-12-16 00:00:00 UTC,3987.9166974441487,6270780455.061357,15233993.77891945
2021-12-17 00:00:00 UTC,3935.687271355892,6206399323.125986,15019048.698167337
2021-12-18 00:00:00 UTC,3861.5212970210086,6104607352.575231,10412098.067565635
2021-12-19 00:00:00 UTC,3939.651601646989,6231647992.167746,3761670.437803726
2021-12-20 00:00:00 UTC,3907.6365086351134,6237008946.753379,20126089.423880693
2021-12-21 00:00:00 UTC,3930.4734602596423,6286686499.4576,10049888.394767575
2021-12-22 00:00:00 UTC,4016.038814059001,6428831755.752763,27058841.179429494
2021-12-23 00:00:00 UTC,3971.8108146435875,6367973060.588092,7226854.509067253
2021-12-24 00:00:00 UTC,4088.966416733019,6541985648.977486,6692048.383933094
2021-12-25 00:00:00 UTC,4012.0797813807953,6482464021.961557,4081789.844837801
2021-12-26 00:00:00 UTC,4083.124933381449,6614876916.094035,5501738.866266903
2021-12-27 00:00:00 UTC,4050.7525899045086,6557314511.864522,4793769.008805738
2021-12-28 00:00:00 UTC,4019.3178863826033,6528991955.396749,4893703.893215504
2021-12-29 00:00:00 UTC,3778.222886234948,6151342374.969248,5890546.383893557
2021-12-30 00:00:00 UTC,3617.2959522735637,5860874473.17915,9069209.336018978
2021-12-31 00:00:00 UTC,3697.613101753275,6015406885.855861,19061837.449070502
2022-01-01 00:00:00 UTC,3666.146305046014,5985253188.664137,9013148.662485152
2022-01-02 00:00:00 UTC,3751.8291682780414,6118126216.452799,7915144.289645757
2022-01-03 00:00:00 UTC,3826.6938640240037,6279721591.512786,9496328.026544534
2022-01-04 00:00:00 UTC,3759.175313278915,6181903698.902188,5334854.198957971
2022-01-05 00:00:00 UTC,3789.759142049392,6328037480.286828,3259961.7563543697
2022-01-06 00:00:00 UTC,3545.8880718997684,5901619443.046301,11972929.414657962
2022-01-07 00:00:00 UTC,3402.9053602919366,5683299495.426443,25054102.381736044
2022-01-08 00:00:00 UTC,3186.727188305556,5338088086.63037,107727979.28091417
2022-01-09 00:00:00 UTC,3080.4929212679235,5179242921.900888,27334589.62685057
2022-01-10 00:00:00 UTC,3152.7830059455428,5276447356.204707,2961502.161242599
2022-01-11 00:00:00 UTC,3083.399025149222,5169447691.365928,11548401.921588814
2022-01-12 00:00:00 UTC,3238.0700125426333,5459002556.201232,10506302.083298909
2022-01-13 00:00:00 UTC,3372.0297699159473,5678455226.5473385,9079578.305094566
2022-01-14 00:00:00 UTC,3256.28014371938,5499821250.115652,21840838.526786137
2022-01-15 00:00:00 UTC,3311.521381161522,5590635170.544575,9204659.350012654
2022-01-16 00:00:00 UTC,3326.7844404480384,5629903308.390038,3342483.1951486124
2022-01-17 00:00:00 UTC,3353.951848218599,5684399343.526995,22520879.573175985
2022-01-18 00:00:00 UTC,3209.338901032784,5450046634.163107,18637190.34947985
2022-01-19 00:00:00 UTC,3159.5372802628112,5368217633.012189,2776977.6923104683
2022-01-20 00:00:00 UTC,3084.8810948734713,5264302643.407832,9344475.058588373
2022-01-21 00:00:00 UTC,3006.627793471521,5136133913.053415,64404321.64096885
2022-01-22 00:00:00 UTC,2559.543830890205,4383335547.018107,21968253.069163546
2022-01-23 00:00:00 UTC,2408.080871058292,4151138270.5958714,161827158.34349048
2022-01-24 00:00:00 UTC,2540.609382867809,4479288350.97409,24236955.10491931
2022-01-25 00:00:00 UTC,2441.276918026416,4324054467.356626,38358510.540701665
2022-01-26 00:00:00 UTC,2459.662651293478,4360899813.128999,2874190.354526841
2022-01-27 00:00:00 UTC,2468.1792136260447,4389936228.103434,2038507.9549551492
2022-01-28 00:00:00 UTC,2418.3921875073343,4295848285.998609,12382703.794220965
2022-01-29 00:00:00 UTC,2548.2351334008663,4552675105.296347,9464832.916232876
2022-01-30 00:00:00 UTC,2589.931526860135,4630697684.835768,126222752.988388
2022-01-31 00:00:00 UTC,2599.7551840030255,4665257895.296758,1861308.4094688317
2022-02-01 00:00:00 UTC,2685.4722347920497,4819093900.228953,88631629.12222436
2022-02-02 00:00:00 UTC,2799.0562639226664,5032086441.387289,32273684.51748248
2022-02-03 00:00:00 UTC,2681.435411126908,4831914913.079314,17530500.528618388
2022-02-04 00:00:00 UTC,2664.7304826491372,4807337259.911551,3659956.234254511
2022-02-05 00:00:00 UTC,2957.364625872442,5371061755.896131,12351090.105887963
2022-02-06 00:00:00 UTC,3014.0407585313014,5496269311.065655,16405808.55597675
2022-02-07 00:00:00 UTC,3059.7070273933514,5593499468.286674,7360408.454904784
2022-02-08 00:00:00 UTC,3143.068681051028,5757527328.11746,7658213.583210636
2022-02-09 00:00:00 UTC,3122.158424281389,5746794609.32827,5226009.978696922
2022-02-10 00:00:00 UTC,3243.85226943283,5974875308.542019,5385625.922029531
2022-02-11 00:00:00 UTC,3077.563427311871,5691401804.705929,9535687.629403375
2022-02-12 00:00:00 UTC,2922.2760355598343,5430438880.953042,6685800.731138508
2022-02-13 00:00:00 UTC,2910.9445622825315,5399189284.807504,3062520.86724986
2022-02-14 00:00:00 UTC,2890.3980457590196,5403565399.602775,34200849.01419225
2022-02-15 00:00:00 UTC,2931.6274981871634,5487920362.9034605,2013634.2366621098
2022-02-16 00:00:00 UTC,3179.1217862909184,5973608152.894295,2571494.9745420194
2022-02-17 00:00:00 UTC,3130.784155738068,5900148555.812779,3365820.6544003733
2022-02-18 00:00:00 UTC,2878.916291479737,5453583529.493202,2376746.76742163
2022-02-19 00:00:00 UTC,2786.619754108407,5289599486.715581,6300468.552451716
2022-02-20 00:00:00 UTC,2763.9497972533113,5242481125.501139,15215109.046038987
2022-02-21 00:00:00 UTC,2636.735841223093,5030332867.166947,15169774.182782311
2022-02-22 00:00:00 UTC,2567.485900311207,4909454776.915733,7179022.339523271
2022-02-23 00:00:00 UTC,2640.1577327585183,5117384848.715166,21487786.225200504
2022-02-24 00:00:00 UTC,2593.1876575107467,5110445568.985073,3963238.4680282953
2022-02-25 00:00:00 UTC,2595.748479344622,5121443878.634555,19460624.0590006
2022-02-26 00:00:00 UTC,2765.6316457413664,5470258988.250756,8649737.141038928
2022-02-27 00:00:00 UTC,2777.6119117837284,5507643180.074156,1672899.620013538
2022-02-28 00:00:00 UTC,2625.816058957998,5228048429.353387,3502295.354679023
2022-03-01 00:00:00 UTC,2912.900538463257,5853266536.655793,5807037.3125208095
2022-03-02 00:00:00 UTC,2969.23604269803,6016918903.57947,3488787.561246699
2022-03-03 00:00:00 UTC,2948.318234311264,6011679255.142072,1722744.267770294
2022-03-04 00:00:00 UTC,2834.1345394032646,5852092161.195787,5722845.303825674
2022-03-05 00:00:00 UTC,2615.9345481766213,5443990729.60473,2102214.9867037013
2022-03-06 00:00:00 UTC,2666.789256838708,5579466892.040286,4605920.096460935
2022-03-07 00:00:00 UTC,2555.406140922801,5389533120.375341,2176738.236583152
2022-03-08 00:00:00 UTC,2493.0533961450997,5307261719.182611,10810333.723471949
2022-03-09 00:00:00 UTC,2574.0366696634565,5584450510.196132,32607921.58633356
2022-03-10 00:00:00 UTC,2729.39876205011,6019790465.774778,7765345.322805552
2022-03-11 00:00:00 UTC,2607.5626290425116,5829894341.475059,5339422.188457578
2022-03-12 00:00:00 UTC,2560.211704927937,5759863218.750276,8306218.007365297
2022-03-13 00:00:00 UTC,2575.890970991141,5834291853.687969,6658744.112292561
2022-03-14 00:00:00 UTC,2515.777902358839,5700828911.477273,1767062.9607971767
2022-03-15 00:00:00 UTC,2584.8100332867048,5960574154.732164,2821016.181790467
2022-03-16 00:00:00 UTC,2617.195111049566,6560351779.191537,32029858.825115386
2022-03-17 00:00:00 UTC,2771.3740708960563,7101529745.568059,18877033.193627078
2022-03-18 00:00:00 UTC,2812.9279093085015,7270772917.843655,5952847.37212555
2022-03-19 00:00:00 UTC,2944.082760698681,7795968331.99998,11398951.711446194
2022-03-20 00:00:00 UTC,2942.428818936613,8022743980.472396,8774816.776619408
2022-03-21 00:00:00 UTC,2861.1977341432867,7813376527.600488,8093404.158857636
2022-03-22 00:00:00 UTC,2893.196338684553,7925101282.423853,9870976.409013413
2022-03-23 00:00:00 UTC,2969.6891912094134,8162546226.439241,9126624.065559585
2022-03-24 00:00:00 UTC,3020.983341135694,8387734274.8146515,13555723.619744135
2022-03-25 00:00:00 UTC,3101.0321759731987,8654053772.498728,19546603.005902857
2022-03-26 00:00:00 UTC,3105.8947600363063,8698209319.626938,20556261.343086787
2022-03-27 00:00:00 UTC,3138.466941731035,8834490951.164022,8215395.462039665
2022-03-28 00:00:00 UTC,3281.9714769574575,9238822645.032265,8687340.609883318
2022-03-29 00:00:00 UTC,3326.9451099634325,9444751693.095934,3833857.104055268
2022-03-30 00:00:00 UTC,3400.525451637292,9621717510.696257,41313412.28712484
2022-03-31 00:00:00 UTC,3384.5971230723935,9783860610.409113,102737879.09484033
2022-04-01 00:00:00 UTC,3284.6970390075276,9725620013.912312,75261520.35751408
2022-04-02 00:00:00 UTC,3448.74595188533,10337751231.407446,5936468.0222318405
2022-04-03 00:00:00 UTC,3441.2736856861898,10398033142.026737,4795499.416649873
2022-04-04 00:00:00 UTC,3517.826917943361,10726207412.1102,10653421.739729382
2022-04-05 00:00:00 UTC,3516.7160580880127,10796712877.157352,6160294.744377607
2022-04-06 00:00:00 UTC,3414.0638445776713,10620447007.501074,4429251.083198258
2022-04-07 00:00:00 UTC,3168.541858320003,9952713661.088142,6138424.60429655
2022-04-08 00:00:00 UTC,3233.115823011846,10198303766.262129,42639452.68869563
2022-04-09 00:00:00 UTC,3187.074680860528,10108353765.50296,53304861.60987203
2022-04-10 00:00:00 UTC,3265.0018985631195,10431191256.781765,9745725.835580282
2022-04-11 00:00:00 UTC,3210.6234723020284,10384323184.588482,6025650.133573821
2022-04-12 00:00:00 UTC,2981.547234219326,9658375227.012169,65180899.955095254
2022-04-13 00:00:00 UTC,3033.845967106251,9857752456.608429,22087348.63465223
2022-04-14 00:00:00 UTC,3120.015803679633,10307311220.181122,47651100.4813909
2022-04-15 00:00:00 UTC,3022.0733460646784,10010694294.399097,23447911.26401185
2022-04-16 00:00:00 UTC,3045.7727149352236,10277794325.155043,381296487.17454404
2022-04-17 00:00:00 UTC,3066.166657525332,10393501893.326426,95966488.16228628
2022-04-18 00:00:00 UTC,2991.655972793796,10173318996.43894,22581041.340099003
2022-04-19 00:00:00 UTC,3059.070430215887,10457193451.18972,17842073.568430793
2022-04-20 00:00:00 UTC,3101.7952549032825,10679303007.443117,4969471.2208521925
2022-04-21 00:00:00 UTC,3078.291795861765,10642001736.465843,7591857.512836566
2022-04-22 00:00:00 UTC,2983.485078529221,10390049091.637974,24162818.041803703
2022-04-23 00:00:00 UTC,2968.282879059433,10449418257.451416,11953529.155008098
2022-04-24 00:00:00 UTC,2939.4078270354903,10375298639.268156,8194285.627300523
2022-04-25 00:00:00 UTC,2919.082801372607,10339777067.27992,4343555.202184523
2022-04-26 00:00:00 UTC,3006.302094276373,10682584697.219732,47566995.723871395
2022-04-27 00:00:00 UTC,2807.0208185482097,10115620564.428335,11365708.612412265
2022-04-28 00:00:00 UTC,2888.8688671826435,10597134105.841366,29669080.314036194
2022-04-29 00:00:00 UTC,2933.258409973065,10866067962.674227,133828333.17399515
2022-04-30 00:00:00 UTC,2816.3317536544437,10507185011.561974,38260669.51667603
2022-05-01 00:00:00 UTC,2734.889799893958,10238246818.480974,7061719.709278182
2022-05-02 00:00:00 UTC,2829.636427285565,10750363457.402107,4683544.645581464
2022-05-03 00:00:00 UTC,2859.161585107815,11202073385.900335,10009636.785007313
2022-05-04 00:00:00 UTC,2782.596121656577,11061491183.858006,7921234.057043142
2022-05-05 00:00:00 UTC,2940.6941069356963,11765309194.32184,33044938.034763426
2022-05-06 00:00:00 UTC,2748.7061930459413,11043106069.018562,32558643.80259455
2022-05-07 00:00:00 UTC,2696.4528120600858,10977591794.970528,17301375.832127266
2022-05-08 00:00:00 UTC,2638.7181172599967,10775884972.38283,69347331.99553618
2022-05-09 00:00:00 UTC,2505.8050957119867,10264804624.93736,264458133.15027308
2022-05-10 00:00:00 UTC,2233.5625774709665,9321658326.354452,300475307.9100606
2022-05-11 00:00:00 UTC,2324.331532349655,9676082769.243183,92307598.50016527
2022-05-12 00:00:00 UTC,2055.579915469846,8680953301.085045,370531747.9659231
2022-05-13 00:00:00 UTC,1931.2269751000983,8089713704.110515,470701666.0551831
2022-05-14 00:00:00 UTC,1958.6656562503467,8227379571.85146,612888426.1438128
2022-05-15 00:00:00 UTC,2016.6396397657102,8434693912.907213,45253254.51141611
2022-05-16 00:00:00 UTC,2113.1715170104026,8845293112.917147,120887834.57788678
2022-05-17 00:00:00 UTC,1991.664153381077,8345536186.620411,46235396.154643804
2022-05-18 00:00:00 UTC,2064.0442125721147,8661282912.942308,56042985.04344398
2022-05-19 00:00:00 UTC,1885.9959989941283,7911982951.712055,43742728.21701595
2022-05-20 00:00:00 UTC,1988.5455036973433,8338123600.810966,29883119.12472877
2022-05-21 00:00:00 UTC,1932.73025345247,8104819283.090656,15894248.504581895
2022-05-22 00:00:00 UTC,1928.8572162473342,8090820961.340594,229856569.9846862
2022-05-23 00:00:00 UTC,2000.1248196700622,8396760953.487575,20537828.195572518
2022-05-24 00:00:00 UTC,1936.6327994138232,8132260250.765886,53199528.59291648
2022-05-25 00:00:00 UTC,1938.0802602719623,8130581524.88062,29736468.253083628
2022-05-26 00:00:00 UTC,1902.2393322984997,7988197887.759521,47114276.30171464
2022-05-27 00:00:00 UTC,1769.3881456529664,7442570170.654356,28375783.484838877
2022-05-28 00:00:00 UTC,1683.8881150887337,7080940939.196049,55099478.51628897
2022-05-29 00:00:00 UTC,1757.332120099503,7395148781.117982,15738989.079256603
2022-05-30 00:00:00 UTC,1772.4238596955222,7452825587.154863,13603261.290227544
2022-05-31 00:00:00 UTC,1954.8527114100793,8223158026.619717,24092937.51194596
2022-06-01 00:00:00 UTC,1910.8884803915225,8041422929.290812,17925220.390487056
2022-06-02 00:00:00 UTC,1794.1589754791034,7560248654.362515,30970196.39943505
2022-06-03 00:00:00 UTC,1796.1677405360144,7577304819.114354,42190663.27897201
2022-06-04 00:00:00 UTC,1738.551950085931,7317260276.463918,10149799.530893639
2022-06-05 00:00:00 UTC,1765.5435620530814,7424823891.75299,15606514.300385471
2022-06-06 00:00:00 UTC,1766.9815173610496,7460199867.3518715,5111070.529942667
2022-06-07 00:00:00 UTC,1819.421170162726,7678247862.957668,22781538.595078878
2022-06-08 00:00:00 UTC,1780.9756182605709,7522485552.641427,30373178.912398294
2022-06-09 00:00:00 UTC,1753.1913474084747,7383213637.51818,160851676.36661828
2022-06-10 00:00:00 UTC,1738.1922423195697,7327512603.793387,50672813.42313787
2022-06-11 00:00:00 UTC,1571.6605670617253,6628965043.060749,350675476.9109781
2022-06-12 00:00:00 UTC,1474.5944668531918,6212996630.491895,198536808.66615373
2022-06-13 00:00:00 UTC,1391.9127128063658,5922630635.066095,68300554.5782247
2022-06-14 00:00:00 UTC,1156.0575554504726,4847407472.994494,318136611.13769203
2022-06-15 00:00:00 UTC,1155.9085878813619,4879954539.931867,259540789.89260224
2022-06-16 00:00:00 UTC,1160.514671857714,4865407329.051592,138167348.53324863
2022-06-17 00:00:00 UTC,1009.2724897745038,4257858688.7828417,70077412.73664129
2022-06-18 00:00:00 UTC,1017.9119111765708,4307837556.750413,72144376.88184188
2022-06-19 00:00:00 UTC,930.1245769887839,3922399248.4766216,65203953.94662797
2022-06-20 00:00:00 UTC,1056.5421902376113,4457664922.764555,2519842.33014858
2022-06-21 00:00:00 UTC,1064.6946362643753,4501647032.740176,2088131.0493336944
2022-06-22 00:00:00 UTC,1063.2193910531144,4490670024.552946,2166202.5256097307
2022-06-23 00:00:00 UTC,998.1632566611141,4218075087.8180566,2523066.5114084887
2022-06-24 00:00:00 UTC,1090.3867260321917,4614888480.122886,2329470.819891272
2022-06-25 00:00:00 UTC,1181.5012718162077,5038149370.953691,2986440.4894663705
2022-06-26 00:00:00 UTC,1201.0763232234265,5060528237.822553,3400981.0972329774
2022-06-27 00:00:00 UTC,1161.0195343338066,4915147104.206046,39532976.327136196
2022-06-28 00:00:00 UTC,1152.7501334395906,4884596047.889135,25777841.55627736
2022-06-29 00:00:00 UTC,1097.6340901064955,4640821767.797468,26194153.56161128
2022-06-30 00:00:00 UTC,1055.9471642589006,4467892660.285434,19246206.444957767
2022-07-01 00:00:00 UTC,1015.3400213866194,4211619844.6465187,9962577.490992654
2022-07-02 00:00:00 UTC,1027.046193961278,4378681789.618856,11057438.956384674
2022-07-03 00:00:00 UTC,1026.6644012015024,4353436415.376632,8527969.74026335
2022-07-04 00:00:00 UTC,1039.7773282013484,4411805835.972882,14116535.639327826
2022-07-05 00:00:00 UTC,1116.865183529885,4729292134.636917,10224447.29706729
2022-07-06 00:00:00 UTC,1099.2811885462797,4661843869.536346,15638845.568545705
2022-07-07 00:00:00 UTC,1154.649012472029,4902711789.943342,10510706.674543843
2022-07-08 00:00:00 UTC,1206.930634515557,5123663863.524259,9364204.158156898
2022-07-09 00:00:00 UTC,1196.2233600142515,5102008282.903102,14025801.367684666
2022-07-10 00:00:00 UTC,1183.4429058542935,5017250643.718504,6882784.684352385
2022-07-11 00:00:00 UTC,1135.3949455979891,4818834088.345334,4553914.279320819
2022-07-12 00:00:00 UTC,1066.1107603949722,4533671782.678072,5689682.924552903
2022-07-13 00:00:00 UTC,1000.7204270899509,4261062148.2572255,64040887.86782658
2022-07-14 00:00:00 UTC,1071.87304699197,4542205959.072858,30204801.376096275
2022-07-15 00:00:00 UTC,1151.7283488754022,4887508290.928523,15925656.257954458
2022-07-16 00:00:00 UTC,1194.6125382297403,5067415086.312718,21930480.077347286
2022-07-17 00:00:00 UTC,1316.0235356566886,5581292701.920685,21307362.285560627
2022-07-18 00:00:00 UTC,1306.8519261232059,5581014197.252612,23721646.76383771
2022-07-19 00:00:00 UTC,1534.704146609868,6494464366.342948,28915736.320895024
2022-07-20 00:00:00 UTC,1507.0692236377404,6385071674.464718,21947517.342576858
2022-07-21 00:00:00 UTC,1486.2842232502117,6355618438.080071,65148793.290453665
2022-07-22 00:00:00 UTC,1543.0658947164297,6568103615.170443,10639880.133389488
2022-07-23 00:00:00 UTC,1505.8027550711606,6407474200.286925,19537429.66927094
2022-07-24 00:00:00 UTC,1522.969732109685,6476287387.458344,6911796.846275241
2022-07-25 00:00:00 UTC,1570.0488027309136,6717799826.187524,5682500.450249216
2022-07-26 00:00:00 UTC,1413.5890549736928,6098775348.532058,7776328.352610626
2022-07-27 00:00:00 UTC,1412.7179664271519,6023733117.313266,7746762.493744908
2022-07-28 00:00:00 UTC,1602.6924681586383,6824946533.3296175,26653423.26871598
2022-07-29 00:00:00 UTC,1682.0660792029025,7144959194.195663,69356240.08675295
2022-07-30 00:00:00 UTC,1687.694525815476,7303606215.64289,18725477.137782503
2022-07-31 00:00:00 UTC,1651.0999992008997,7037492704.723047,11188078.337891314
2022-08-01 00:00:00 UTC,1643.3481909306954,7010984455.047548,14079972.418641832
2022-08-02 00:00:00 UTC,1596.2658853854532,6803570573.060276,15168200.489444397
2022-08-03 00:00:00 UTC,1597.2008356515944,6843160511.423947,14653637.642248861
2022-08-04 00:00:00 UTC,1579.6444659362894,6737417147.305449,13989863.087505884
2022-08-05 00:00:00 UTC,1566.998978255799,6679602810.463341,24351363.699338585
2022-08-06 00:00:00 UTC,1662.5458056793966,7103591896.9214525,58913434.692894265
2022-08-07 00:00:00 UTC,1634.610894344249,6994980382.731074,14975850.454498209
2022-08-08 00:00:00 UTC,1637.4392239248273,6991834832.758008,17391972.874687724
2022-08-09 00:00:00 UTC,1717.2688409870682,7338784507.626755,3124199.2292743223
2022-08-10 00:00:00 UTC,1644.3505502211483,7029733034.330966,3401992.719080456
2022-08-11 00:00:00 UTC,1785.0363273701205,7633104711.790445,4291972.608876282
2022-08-12 00:00:00 UTC,1822.0038357710253,7793448427.356814,4538323.635755711
2022-08-13 00:00:00 UTC,1903.5847175108129,8136610650.357737,3616166.3800266637
2022-08-14 00:00:00 UTC,1931.3505293288629,8260419685.503164,3988186.6605285485
2022-08-15 00:00:00 UTC,1887.144648901006,8067516367.49971,3658653.899723171
2022-08-16 00:00:00 UTC,1855.6915082230107,7946792588.74309,3453034.0067584696
2022-08-17 00:00:00 UTC,1826.5388483512145,7825284710.344142,6051170.187502645
2022-08-18 00:00:00 UTC,1786.976099988312,7637427765.662581,5147248.529463004
2022-08-19 00:00:00 UTC,1799.0729890111306,7705681436.400962,5888605.0808582315
2022-08-20 00:00:00 UTC,1570.9114251120636,6738833775.458749,6979006.035771617
2022-08-21 00:00:00 UTC,1533.8219956640783,6567095671.800141,4532260.958467274
2022-08-22 00:00:00 UTC,1580.315519185278,6773924223.228787,5232674.894616588
2022-08-23 00:00:00 UTC,1581.9070398030635,6738696241.020569,5117541.44336833
2022-08-24 00:00:00 UTC,1618.9771280168884,6932455955.904602,4805367.683082042
2022-08-25 00:00:00 UTC,1611.5901119731916,6923962464.477235,3927796.445379203
2022-08-26 00:00:00 UTC,1654.936813205796,7101401201.431968,4522965.991886034
2022-08-27 00:00:00 UTC,1464.8014477385705,6362054056.125156,2759880.814232255
2022-08-28 00:00:00 UTC,1451.6618283446358,6226154258.657948,1910790.3754680667
2022-08-29 00:00:00 UTC,1393.0834298319842,6004257750.302116,1563015.9925258006
2022-08-30 00:00:00 UTC,1514.174794517631,6508334497.262884,5327974.9280273765
2022-08-31 00:00:00 UTC,1477.7521217538701,6380308544.950418,4378578.091807426
2022-09-01 00:00:00 UTC,1506.1508127926431,6466310230.106593,5811274.965511678
2022-09-02 00:00:00 UTC,1541.25931070356,6619148963.0821905,4973866.884241715
2022-09-03 00:00:00 UTC,1525.639504701441,6562234111.265855,5431802.598152196
2022-09-04 00:00:00 UTC,1506.6937706564604,6482394551.167986,4294291.667551175
2022-09-05 00:00:00 UTC,1525.8796664721574,6549555065.156529,4119577.2829503794
2022-09-06 00:00:00 UTC,1564.8824300708754,6732119356.700365,4606358.1211441625
2022-09-07 00:00:00 UTC,1500.430021229774,6463655044.323632,6950405.41607843
2022-09-08 00:00:00 UTC,1564.8284975355689,6751875331.21695,5787851.089085595
2022-09-09 00:00:00 UTC,1574.1448897722437,6776403651.635008,26184932.564277414
2022-09-10 00:00:00 UTC,1664.9641431524014,7163879965.713063,44546550.039879434
2022-09-11 00:00:00 UTC,1728.958661154188,7431824652.909487,23953584.82167037
2022-09-12 00:00:00 UTC,1711.9659000447052,7381004859.80098,30446271.504495226
2022-09-13 00:00:00 UTC,1665.3869073278515,7151962820.219782,17463699.419534888
2022-09-14 00:00:00 UTC,1528.9100332728467,6586261902.9927845,38983190.93633893
2022-09-15 00:00:00 UTC,1589.7870457506892,6827475224.868255,45550579.35814079
2022-09-16 00:00:00 UTC,1452.289529092862,6277134394.381585,51086980.45424626
2022-09-17 00:00:00 UTC,1413.6687991351637,6095747447.794498,39893049.83775566
2022-09-18 00:00:00 UTC,1459.0319514665598,6303277126.333473,43649212.91638443
2022-09-19 00:00:00 UTC,1325.2850425313295,5729767450.9610615,35259051.162136644
2022-09-20 00:00:00 UTC,1365.9853243754164,5913393820.261443,40505203.977957964
2022-09-21 00:00:00 UTC,1312.6937053460188,5694617595.227454,39502345.45652744
2022-09-22 00:00:00 UTC,1243.6581652837267,5387122057.517202,22759627.6204219
2022-09-23 00:00:00 UTC,1320.925162928874,5745714889.935232,15465304.681653209
2022-09-24 00:00:00 UTC,1324.321102534793,5769167744.553447,31556100.091694113
2022-09-25 00:00:00 UTC,1310.9388934401532,5710134717.152978,9186136.726360949
2022-09-26 00:00:00 UTC,1291.203315221285,5619405273.49638,24672112.432045523
2022-09-27 00:00:00 UTC,1328.4372709856643,5818207239.062292,17987976.414759725
2022-09-28 00:00:00 UTC,1327.688712191161,5822108683.140007,103536060.20369992
2022-09-29 00:00:00 UTC,1335.9609187557044,5857604800.651561,12349486.727307905
2022-09-30 00:00:00 UTC,1330.0908854967865,5844669275.477385,17281084.96281365
2022-10-01 00:00:00 UTC,1326.8041705348116,5827879364.529762,19708788.97885929
2022-10-02 00:00:00 UTC,1308.8675292884707,5753527997.427032,10165706.756350357
2022-10-03 00:00:00 UTC,1274.8521850826653,5622356479.767201,19995421.76773795
2022-10-04 00:00:00 UTC,1315.699798413342,5793676583.487297,4264879.6244219495
2022-10-05 00:00:00 UTC,1356.0664457223359,5974916740.674551,16638274.564406073
2022-10-06 00:00:00 UTC,1346.064719792792,5931731566.048718,15833555.720937347
2022-10-07 00:00:00 UTC,1345.285301263207,5930941805.77313,13502275.047060495
2022-10-08 00:00:00 UTC,1314.7681536420712,5806265004.91694,4189992.761844446
2022-10-09 00:00:00 UTC,1306.8170515330628,5776732446.228416,6686153.385476873
2022-10-10 00:00:00 UTC,1314.4702287097382,5799156347.92074,9202419.872590125
2022-10-11 00:00:00 UTC,1283.9334679619633,5680660386.30351,13474962.663005983
2022-10-12 00:00:00 UTC,1272.9860020435483,5630758239.115841,20877127.948779974
2022-10-13 00:00:00 UTC,1286.842154103643,5697820052.219713,6910148.133032344
2022-10-14 00:00:00 UTC,1282.3258465619379,5676119985.160315,28966242.932212986
2022-10-15 00:00:00 UTC,1290.3631134010473,5712539613.377349,28153346.188801307
2022-10-16 00:00:00 UTC,1268.4105715483743,5635180566.082779,19476007.812879838
2022-10-17 00:00:00 UTC,1301.3098990652873,5762209296.699345,15525117.771651372
2022-10-18 00:00:00 UTC,1327.5442421256337,5894795478.946444,14821520.358100448
2022-10-19 00:00:00 UTC,1305.475811214826,5806095000.298631,20370992.452795245
2022-10-20 00:00:00 UTC,1282.027080887009,5698904040.100257,52827149.60144531
2022-10-21 00:00:00 UTC,1278.9395067316914,5694367108.031004,14014346.12683322
2022-10-22 00:00:00 UTC,1296.6570308208525,5792056235.61437,33559453.821414635
2022-10-23 00:00:00 UTC,1309.818724961977,5858698610.555436,4533716.348726182
2022-10-24 00:00:00 UTC,1361.8446657677634,6080417096.400047,16686556.308381831
2022-10-25 00:00:00 UTC,1340.9479741864086,6000864795.015077,7870942.402720903
2022-10-26 00:00:00 UTC,1457.8601598032399,6571011371.5155735,57789795.12143576
2022-10-27 00:00:00 UTC,1565.2362072547116,7097175875.541156,27039221.453025695
2022-10-28 00:00:00 UTC,1513.5394936025943,6895282834.032576,12858980.174053088
2022-10-29 00:00:00 UTC,1553.5754875713012,7081753088.323587,13304673.742837327
2022-10-30 00:00:00 UTC,1618.0680577225341,7430097230.6077175,8084016.577720348
2022-10-31 00:00:00 UTC,1588.6382842473831,7325631469.486218,10247012.225513346
2022-11-01 00:00:00 UTC,1572.6119235239607,7285300040.137615,7599735.476546092
2022-11-02 00:00:00 UTC,1579.481456155966,7344101742.065548,11317073.280349893
2022-11-03 00:00:00 UTC,1520.342984075593,7101121716.646308,15081800.517908469
2022-11-04 00:00:00 UTC,1529.3924466225853,7144256213.7321615,22819701.3254377
2022-11-05 00:00:00 UTC,1642.9272822620992,7685017108.4891615,30387469.262078658
2022-11-06 00:00:00 UTC,1626.2115259784305,7627124839.875362,14560247.690060284
2022-11-07 00:00:00 UTC,1569.0371877209066,7391625840.314437,9789233.341071535
2022-11-08 00:00:00 UTC,1564.430924298185,7361843184.061771,50373835.08545245
2022-11-09 00:00:00 UTC,1322.1747972348583,6221582993.281982,73533349.49906376
2022-11-10 00:00:00 UTC,1085.9204678159406,5102706662.097981,31692113.68459878
2022-11-11 00:00:00 UTC,1290.8548230251488,6081564269.3819475,79251438.01929364
2022-11-12 00:00:00 UTC,1272.3983799010198,6005197495.98456,13739591.562864136
2022-11-13 00:00:00 UTC,1234.1870032695774,5823106451.836141,56758467.179744035
2022-11-14 00:00:00 UTC,1207.6185546324266,5700367860.796303,23817293.34704218
2022-11-15 00:00:00 UTC,1229.8672465673392,5825501497.927515,68915169.37217723
2022-11-16 00:00:00 UTC,1240.6031555757452,5868133482.46255,28936688.037936527
2022-11-17 00:00:00 UTC,1205.5514524293835,5697457572.971102,37548023.369870745
2022-11-18 00:00:00 UTC,1189.190388842172,5650395932.528888,29545634.222439818
2022-11-19 00:00:00 UTC,1197.9883457024325,5685078291.553492,55921092.6788221
2022-11-20 00:00:00 UTC,1205.1567659503,5724675394.118849,4589203.334974308
2022-11-21 00:00:00 UTC,1128.203451415207,5362498586.384487,8594080.27062334
2022-11-22 00:00:00 UTC,1091.658053814835,5195826027.49819,38871311.54733409
2022-11-23 00:00:00 UTC,1116.6959398160948,5326801028.455854,20571092.891147237
2022-11-24 00:00:00 UTC,1165.6062077693157,5534286662.386819,16092828.88402632
2022-11-25 00:00:00 UTC,1178.6990442517597,5609657486.286354,45086866.62304968
2022-11-26 00:00:00 UTC,1179.1116898556857,5620289084.546999,27178258.191936634
2022-11-27 00:00:00 UTC,1182.8200875483278,5638320453.628352,5895187.421870058
2022-11-28 00:00:00 UTC,1178.8455614062268,5625232634.243158,13700930.901985632
2022-11-29 00:00:00 UTC,1152.586879131558,5496891657.70437,24709206.63930003
2022-11-30 00:00:00 UTC,1203.565542332634,5743891707.850835,55849381.43751764
2022-12-01 00:00:00 UTC,1281.4872200304167,6116877419.369578,22379093.014971767
2022-12-02 00:00:00 UTC,1262.6047560858638,6032034912.870484,23704664.5151321
2022-12-03 00:00:00 UTC,1279.0482231269273,6104776620.816607,15007996.384156385
2022-12-04 00:00:00 UTC,1228.1747815917317,5891968571.452104,4854234.591597152
2022-12-05 00:00:00 UTC,1267.6285869643139,6055458937.991422,6886927.9466601405
2022-12-06 00:00:00 UTC,1244.4153601681535,5957976970.385943,18283762.10762609
2022-12-07 00:00:00 UTC,1258.0481968394115,6011058239.5687895,16162927.726814305
2022-12-08 00:00:00 UTC,1221.1052978091768,5846030865.7113085,8135149.096859027
2022-12-09 00:00:00 UTC,1267.3960411388834,6068832127.875582,10745238.625587404
2022-12-10 00:00:00 UTC,1250.1869191377764,5989996723.215491,11768662.55647698
2022-12-11 00:00:00 UTC,1250.408544178786,5989233154.798015,3575157.289429634
2022-12-12 00:00:00 UTC,1252.6862368630816,6001542958.436913,8632926.831285166
2022-12-13 00:00:00 UTC,1260.718839066066,6050177551.968813,18025383.41515512
2022-12-14 00:00:00 UTC,1305.6394271957483,6270958557.918309,11998828.335096046
2022-12-15 00:00:00 UTC,1295.3592609481377,6212757857.854957,39649414.86383167
2022-12-16 00:00:00 UTC,1249.3961489870721,6001355340.745705,8265518.283884957
2022-12-17 00:00:00 UTC,1152.7935276598014,5518928210.710342,10495476.06829574
2022-12-18 00:00:00 UTC,1174.2558698619127,5651503638.925841,7439048.963238566
2022-12-19 00:00:00 UTC,1173.611417144184,5657957094.513998,4349732.553501332
2022-12-20 00:00:00 UTC,1153.8014234977531,5556574363.649509,17496806.56842536
2022-12-21 00:00:00 UTC,1205.0835705534455,5807368000.944763,40096213.05181383
2022-12-22 00:00:00 UTC,1199.398006952895,5780044454.136509,10420759.789035182
2022-12-23 00:00:00 UTC,1204.7742022832715,5807205405.431674,22505102.954860616
2022-12-24 00:00:00 UTC,1209.0791715155178,5828684124.245161,57633680.75953876
2022-12-25 00:00:00 UTC,1208.263661883539,5833661382.246134,12123922.03685646
2022-12-26 00:00:00 UTC,1206.7034395015467,5819013703.97251,7202361.927440025
2022-12-27 00:00:00 UTC,1214.4488304399183,5853944169.104971,11189626.609897356
2022-12-28 00:00:00 UTC,1198.8782901225368,5789045787.393336,19562153.13958917
2022-12-29 00:00:00 UTC,1177.1380994753783,5682951506.563533,27839464.28610643
2022-12-30 00:00:00 UTC,1188.1078497608776,5739216952.207322,11235883.524389915
2022-12-31 00:00:00 UTC,1184.7304505626166,5736374003.576525,28742718.56035058
2023-01-01 00:00:00 UTC,1180.2640127795964,5707855127.293974,171250661.46558398
2023-01-02 00:00:00 UTC,1184.713344002363,5734759124.519761,6866892.928679693
2023-01-03 00:00:00 UTC,1199.6526820543029,5812986113.778079,12774850.538510794
2023-01-04 00:00:00 UTC,1199.4748023942054,5814006574.713131,14679410.763615163
2023-01-05 00:00:00 UTC,1241.4573588306102,6013456003.929383,15954028.72716309
2023-01-06 00:00:00 UTC,1235.8748308053978,5992370267.930434,7267824.540511354
2023-01-07 00:00:00 UTC,1254.775684665545,6085542773.319208,14482753.425861688
2023-01-08 00:00:00 UTC,1253.752163802758,6084508690.498978,67089346.03199817
2023-01-09 00:00:00 UTC,1271.3943340810185,6172224255.129828,7508957.1698458735
2023-01-10 00:00:00 UTC,1310.5623673444422,6371381589.18455,43858832.87896333
2023-01-11 00:00:00 UTC,1325.1156186719015,6440767360.562783,10578390.800217709
2023-01-12 00:00:00 UTC,1377.7822947798797,6696082123.531617,37420361.03128733
2023-01-13 00:00:00 UTC,1406.4382382148517,6842988159.133516,27824389.190550547
2023-01-14 00:00:00 UTC,1437.8452118724613,7006794615.662371,19135455.583560158
2023-01-15 00:00:00 UTC,1541.9357100485286,7505040498.837343,87594283.9294595
2023-01-16 00:00:00 UTC,1540.3190000572831,7497916702.428108,38517541.41624783
2023-01-17 00:00:00 UTC,1568.449263947124,7649381219.041487,52502631.371194765
2023-01-18 00:00:00 UTC,1559.5871230134492,7610379590.825803,45481645.61635209
2023-01-19 00:00:00 UTC,1505.5328181930038,7404334117.253815,39604783.57855561
2023-01-20 00:00:00 UTC,1545.4503553772952,7586885631.769587,137903163.4090561
2023-01-21 00:00:00 UTC,1655.9332536505956,8130903294.864454,29158220.860353447
2023-01-22 00:00:00 UTC,1619.2619160176112,7961839448.179484,21500899.8586145
2023-01-23 00:00:00 UTC,1624.8470377772637,7990588480.645748,22240480.212263264
2023-01-24 00:00:00 UTC,1643.9743008164337,8177354205.620351,834985189.5778962
2023-01-25 00:00:00 UTC,1575.4038501712582,7849875031.121959,203914704.46510273
2023-01-26 00:00:00 UTC,1613.3309191210583,8034690485.881267,39887171.90238046
2023-01-27 00:00:00 UTC,1599.1523438695294,7989636754.712247,60527595.1575982
2023-01-28 00:00:00 UTC,1596.1922064327812,7967721556.417488,18168753.032470237
2023-01-29 00:00:00 UTC,1567.9923549942189,7848932458.425067,67296008.05011372
2023-01-30 00:00:00 UTC,1645.119886482058,8230941780.90216,20599331.997335576
2023-01-31 00:00:00 UTC,1564.7070407664608,7839174121.803632,34370731.06111937
2023-02-01 00:00:00 UTC,1580.3633246364748,7932232308.791936,195477680.3202243
2023-02-02 00:00:00 UTC,1637.2658020285435,8220482062.120646,25421543.379544184
2023-02-03 00:00:00 UTC,1642.838748721442,8266851906.806078,26713835.663491525
2023-02-04 00:00:00 UTC,1660.0029877375227,8366514066.772184,27727719.996568203
2023-02-05 00:00:00 UTC,1662.0342305169293,8393107877.367451,22283299.845658362
2023-02-06 00:00:00 UTC,1626.745136563264,8234225367.453091,26441752.52759864
2023-02-07 00:00:00 UTC,1613.3299712173741,8137621845.328571,12978919.520284038
2023-02-08 00:00:00 UTC,1670.1648844678846,8454810573.185893,97437364.71567096
2023-02-09 00:00:00 UTC,1648.0171552917545,8358434660.907914,36659350.67657947
2023-02-10 00:00:00 UTC,1542.4115668430238,7825596026.610581,62268153.14136796
2023-02-11 00:00:00 UTC,1513.4508685622575,7695397298.787022,78651387.50380619
2023-02-12 00:00:00 UTC,1546.7141432605588,7843454141.0508175,73785946.818128
2023-02-13 00:00:00 UTC,1538.6799846346144,7880399059.426295,49398384.29089661
2023-02-14 00:00:00 UTC,1506.2983818638581,7677171476.158453,46313092.60044421
2023-02-15 00:00:00 UTC,1556.9251129256038,7945234017.430379,9655653.844790682
2023-02-16 00:00:00 UTC,1675.977648750143,8557515578.823345,38223733.2577888
2023-02-17 00:00:00 UTC,1648.1858862988715,8470419661.183444,24669836.861916546
2023-02-18 00:00:00 UTC,1698.9650273496975,8720760186.13467,15015007.015169768
2023-02-19 00:00:00 UTC,1689.8718265261546,8700705358.784023,9830519.53787598
2023-02-20 00:00:00 UTC,1677.6335388269554,8690397836.190691,15877309.042795708
2023-02-21 00:00:00 UTC,1697.6060521764705,8782834579.79654,28319663.53578301
2023-02-22 00:00:00 UTC,1653.4794269165902,8564849762.977795,60848715.8585652
2023-02-23 00:00:00 UTC,1639.5119683247926,8537971362.452335,39262318.437845096
2023-02-24 00:00:00 UTC,1647.2937669793769,8563416095.506916,33579641.251488596
2023-02-25 00:00:00 UTC,1605.8125484112936,8366784564.370216,23339805.992494557
2023-02-26 00:00:00 UTC,1592.0593349917333,8604492272.311796,14494210.811698306
2023-02-27 00:00:00 UTC,1639.4078074215763,8959113585.281605,45607769.74226174
2023-02-28 00:00:00 UTC,1632.9490352133253,9213179805.434076,53429460.123981
2023-03-01 00:00:00 UTC,1603.7741710318107,9092602386.6164,13805883.71709526
2023-03-02 00:00:00 UTC,1662.2922616027477,9431613078.082075,15321245.890425546
2023-03-03 00:00:00 UTC,1647.3493692272868,9378087210.653965,23301712.33103348
2023-03-04 00:00:00 UTC,1568.0874775605191,8950176644.08843,20167818.510518167
2023-03-05 00:00:00 UTC,1566.622253524,8952583123.18871,9984955.62876445
2023-03-06 00:00:00 UTC,1563.3860240544748,8937685122.309391,6008757.247866563
2023-03-07 00:00:00 UTC,1566.1952475731148,8961983355.63791,11982215.806581607
2023-03-08 00:00:00 UTC,1562.8780456127945,8930510584.62565,11425789.887283415
2023-03-09 00:00:00 UTC,1534.0911356973388,8799646983.48918,14414004.910696326
2023-03-10 00:00:00 UTC,1438.9497286767892,8284845483.308834,7190228.161929511
2023-03-11 00:00:00 UTC,1428.437214279111,8232889948.891647,35543204.53175492
2023-03-12 00:00:00 UTC,1460.0685772173729,8438252719.787197,218455719.5457383
2023-03-13 00:00:00 UTC,1579.9510869364933,9112545400.567417,127441961.10636777
2023-03-14 00:00:00 UTC,1672.6899097767703,9683097048.157576,467352726.872634
2023-03-15 00:00:00 UTC,1699.9111119334211,9864072285.039959,65162432.42739939
2023-03-16 00:00:00 UTC,1655.4758441743672,9598538695.49861,54467850.60384774
2023-03-17 00:00:00 UTC,1676.0188342039983,9725553550.410582,55946310.44253281
2023-03-18 00:00:00 UTC,1787.103066441541,10375189868.458132,90824114.30901276
2023-03-19 00:00:00 UTC,1763.4376482508833,10287145155.793215,59921283.40524053
2023-03-20 00:00:00 UTC,1804.1818707922196,10520226671.0793,42098708.97835347
2023-03-21 00:00:00 UTC,1741.5582701817077,10174267842.562922,147123579.39603606
2023-03-22 00:00:00 UTC,1807.8393611002994,10546361030.684137,39059388.162231736
2023-03-23 00:00:00 UTC,1743.265206927856,10187570783.45151,37240135.81237817
2023-03-24 00:00:00 UTC,1813.0436568577422,10650533353.713242,22569670.74814414
2023-03-25 00:00:00 UTC,1746.3321461855048,10285141933.85558,16896720.753751066
2023-03-26 00:00:00 UTC,1752.1404212034913,10265093242.353403,25286136.66522335
2023-03-27 00:00:00 UTC,1770.8285744369693,10426865074.025099,13587378.762423484
2023-03-28 00:00:00 UTC,1713.8587880907148,10054616128.86698,19961003.5632582
2023-03-29 00:00:00 UTC,1772.888315796689,10418504828.506739,15466220.88022059
2023-03-30 00:00:00 UTC,1791.242384517118,10540846770.296997,16534841.226133464
2023-03-31 00:00:00 UTC,1788.145898680711,10521015669.528986,7691713.791238489
2023-04-01 00:00:00 UTC,1820.918138126067,10743770851.14807,20932346.869217966
2023-04-02 00:00:00 UTC,1817.0164614408343,10718411591.528515,11485372.372078491
2023-04-03 00:00:00 UTC,1790.2101496057996,10558499829.85663,7915934.255871188
2023-04-04 00:00:00 UTC,1806.8254274636038,10676877710.104595,34873269.63330246
2023-04-05 00:00:00 UTC,1867.1597219981486,11026189920.544598,32511896.398593295
2023-04-06 00:00:00 UTC,1905.731428667759,11283644131.611122,25556160.249159474
2023-04-07 00:00:00 UTC,1865.7378672329007,11046114124.74054,20255931.879220538
2023-04-08 00:00:00 UTC,1856.4770988610408,10995625861.716928,6338230.188889074
2023-04-09 00:00:00 UTC,1845.104486461416,10937016950.55951,22949055.11215828
2023-04-10 00:00:00 UTC,1852.2456524096363,11013539881.990574,39903695.864595525
2023-04-11 00:00:00 UTC,1897.5598650386091,11271046815.94245,9021392.153481131
2023-04-12 00:00:00 UTC,1887.8294011528428,11209393474.825712,31821270.03290557
2023-04-13 00:00:00 UTC,1913.0233375833375,11364794960.16634,56852458.60896765
2023-04-14 00:00:00 UTC,2010.6635849544948,11951703953.507082,73017716.87721069
2023-04-15 00:00:00 UTC,2097.537669252903,12513832146.251245,36874341.86444582
2023-04-16 00:00:00 UTC,2087.2940649845455,12483284476.654598,16401761.432076542
2023-04-17 00:00:00 UTC,2134.412121362056,12812624731.116758,41377573.68366531
2023-04-18 00:00:00 UTC,2071.2753449591223,12469818926.726454,21927715.191707205
2023-04-19 00:00:00 UTC,2104.1705093120154,12709993968.132944,19761122.563011136
2023-04-20 00:00:00 UTC,1935.0494455497328,11725315389.67671,26842919.9494023
2023-04-21 00:00:00 UTC,1937.5039679629538,11767567928.750286,43327563.08234544
2023-04-22 00:00:00 UTC,1849.0945779124786,11249014657.430258,33448951.789833758
2023-04-23 00:00:00 UTC,1877.343303930284,11469074773.642439,29931849.41191176
2023-04-24 00:00:00 UTC,1856.7129552687052,11371268228.910519,11513133.968656741
2023-04-25 00:00:00 UTC,1840.5332698518268,11300896040.15192,11832972.572860446
2023-04-26 00:00:00 UTC,1864.761335807278,11479034175.824064,48339450.13670414
2023-04-27 00:00:00 UTC,1866.3930641548852,11470403528.97714,15796297.974981392
2023-04-28 00:00:00 UTC,1906.1732389460067,11766701157.397074,38985471.147805944
2023-04-29 00:00:00 UTC,1891.4146271990908,11724232121.724426,11781763.481996948
2023-04-30 00:00:00 UTC,1900.7251029854976,11792497099.543173,20015443.797749706
2023-05-01 00:00:00 UTC,1882.6767013263689,11698972199.023617,9985622.362402914
2023-05-02 00:00:00 UTC,1828.88724650367,11376872144.771116,21114078.522804722
2023-05-03 00:00:00 UTC,1869.9551822515814,11685156989.602587,6483795.152178262
2023-05-04 00:00:00 UTC,1900.6169744393937,11938348678.21909,14504314.801947713
2023-05-05 00:00:00 UTC,1875.378873462585,11790412827.968092,18212814.68299774
2023-05-06 00:00:00 UTC,1991.8039765470364,12556138780.655933,8787969.473416565
2023-05-07 00:00:00 UTC,1893.4332041492414,11953614271.73727,11215105.08631786
2023-05-08 00:00:00 UTC,1894.9383796154102,12108195424.050577,5350768.527871189
2023-05-09 00:00:00 UTC,1847.709147378576,11769538535.919727,25934477.007758085
2023-05-10 00:00:00 UTC,1844.6072922389199,11800817302.922401,28696370.12792653
2023-05-11 00:00:00 UTC,1842.4056246507714,11881654124.60602,32725602.912484482
2023-05-12 00:00:00 UTC,1797.1442872773384,11661345729.374374,19886554.164071165
2023-05-13 00:00:00 UTC,1808.2549523200903,11929855848.1063,38935843.30329059
2023-05-14 00:00:00 UTC,1796.056104479933,11950104098.197147,8892506.10798139
2023-05-15 00:00:00 UTC,1797.7944461087784,11948616633.29613,21290659.850667883
2023-05-16 00:00:00 UTC,1819.7891986874947,12145434638.212826,7675445.0368433185
2023-05-17 00:00:00 UTC,1823.4527914355506,12256809763.112682,9985859.60909952
2023-05-18 00:00:00 UTC,1818.588010038521,11489676761.972109,15437456.30398234
2023-05-19 00:00:00 UTC,1801.3125033723925,11480347334.792576,12382486.560547635
2023-05-20 00:00:00 UTC,1810.8457159955308,11605359705.63713,8826950.82619353
2023-05-21 00:00:00 UTC,1817.2735021730657,11695399482.341728,9228619.214649493
2023-05-22 00:00:00 UTC,1804.8287387478097,11725919599.886974,8642175.200984227
2023-05-23 00:00:00 UTC,1816.989853613372,11851586116.113544,12101923.833343064
2023-05-24 00:00:00 UTC,1851.3111454636605,12302854188.57573,7239389.257708974
2023-05-25 00:00:00 UTC,1800.5933260425143,12017377439.779137,11872039.548731336
2023-05-26 00:00:00 UTC,1804.4275867216238,12078802342.248299,6702777.673666855
2023-05-27 00:00:00 UTC,1827.9527441946586,12328689763.32472,6465852.681072119
2023-05-28 00:00:00 UTC,1827.9220353557705,12420507287.274902,2090262.1616979279
2023-05-29 00:00:00 UTC,1912.4432558157944,13037570395.789587,18269889.53830856
2023-05-30 00:00:00 UTC,1892.005416812165,12953029632.836025,16478058.435611764
2023-05-31 00:00:00 UTC,1900.4007610029946,13098975639.099731,6116794.593255523
2023-06-01 00:00:00 UTC,1873.401412965614,13021076320.522196,23145220.394933585
2023-06-02 00:00:00 UTC,1860.9409313595227,13027249236.508108,28930076.305968292
2023-06-03 00:00:00 UTC,1905.9266100335362,13417170747.44076,10769899.840686461
2023-06-04 00:00:00 UTC,1892.6418667070561,13364129970.984344,23888335.541045383
2023-06-05 00:00:00 UTC,1890.7672052577595,13356937962.587244,5328930.852098256
2023-06-06 00:00:00 UTC,1810.7367146547983,12837434305.78783,23737289.32561353
2023-06-07 00:00:00 UTC,1881.7221065443487,13379519056.79761,20942924.922552917
2023-06-08 00:00:00 UTC,1830.2872582006685,13079631108.971638,30035227.537575465
2023-06-09 00:00:00 UTC,1844.528496927033,13212074480.07935,13113819.487615589
2023-06-10 00:00:00 UTC,1836.3046101638226,13150352881.891594,12533557.08004406
2023-06-11 00:00:00 UTC,1753.07532068658,12561153562.196796,92732407.73888245
2023-06-12 00:00:00 UTC,1750.7689778614626,12566958722.230125,10194606.896427998
2023-06-13 00:00:00 UTC,1742.1745422094602,12514895138.737213,17042174.039730895
2023-06-14 00:00:00 UTC,1735.261002040847,12473266141.720457,11053518.041962922
2023-06-15 00:00:00 UTC,1650.2583079683975,11875857482.38813,18863829.59046566
2023-06-16 00:00:00 UTC,1664.1853802587896,12005097733.44295,54291391.91687864
2023-06-17 00:00:00 UTC,1715.9600511285578,12401508407.954552,6293699.293246046
2023-06-18 00:00:00 UTC,1725.2997398761615,12497773072.63976,15686966.820977962
2023-06-19 00:00:00 UTC,1717.3462272981644,12463611506.54243,2208731.7695946405
2023-06-20 00:00:00 UTC,1732.3122092690928,12648930246.55503,13973765.750147574
2023-06-21 00:00:00 UTC,1790.503351363132,13045144580.24388,8417964.62296934
2023-06-22 00:00:00 UTC,1892.2813912458107,13879165500.313904,10781776.29052375
2023-06-23 00:00:00 UTC,1873.3978883839231,13801461662.31047,3610628.0882519907
2023-06-24 00:00:00 UTC,1891.470858217243,13956154155.485582,7405958.230199507
2023-06-25 00:00:00 UTC,1873.4564123742578,13852399639.962883,3982611.8832545914
2023-06-26 00:00:00 UTC,1898.4775376810005,14039503410.844482,2362817.865696416
2023-06-27 00:00:00 UTC,1858.7463245658225,13768645427.425682,18441049.573519573
2023-06-28 00:00:00 UTC,1888.5374472203305,14034976372.437082,3256009.904418589
2023-06-29 00:00:00 UTC,1828.3643985089293,13622433718.34336,3620220.112048091
2023-06-30 00:00:00 UTC,1853.4400408994957,13826346817.006332,1322852.5907157036
2023-07-01 00:00:00 UTC,1933.60185016297,14468983365.519205,16040973.86307087
2023-07-02 00:00:00 UTC,1920.944336284253,14440936396.870987,15798063.556223685
2023-07-03 00:00:00 UTC,1932.8828378084402,14555591869.748037,7974715.445160341
2023-07-04 00:00:00 UTC,1953.6369976996912,14738634582.520638,28445351.392706368
2023-07-05 00:00:00 UTC,1937.3660124187002,14631315834.409767,11784691.825451039
2023-07-06 00:00:00 UTC,1909.7323227854565,14450532938.405315,19880778.428018846
2023-07-07 00:00:00 UTC,1855.5568864713082,14077300253.31666,15185755.641629929
2023-07-08 00:00:00 UTC,1868.8158890231166,14211459495.238033,9008259.100243673
2023-07-09 00:00:00 UTC,1863.886406557789,14176222860.7744,10688164.314060947
2023-07-10 00:00:00 UTC,1862.6603992326957,14183757370.198599,9027023.764638474
2023-07-11 00:00:00 UTC,1879.1467989963696,14303778624.657835,9202975.527058955
2023-07-12 00:00:00 UTC,1878.3759936263214,14327737164.94914,21092168.305821583
2023-07-13 00:00:00 UTC,1872.9384808768132,14372019051.594494,18719629.79549111
2023-07-14 00:00:00 UTC,2003.0451072851702,15394436577.33244,20826424.953466088
2023-07-15 00:00:00 UTC,1935.5808195845664,14916736320.931376,18854015.7621633
2023-07-16 00:00:00 UTC,1930.4817593886064,14920946853.556885,8396781.523721593
2023-07-17 00:00:00 UTC,1923.0932643756641,14851533624.241224,3581791.8371243994
2023-07-18 00:00:00 UTC,1910.5928154675446,14792944879.373808,17192962.023952812
2023-07-19 00:00:00 UTC,1896.0090126564196,14689731096.028547,20458044.86798784
2023-07-20 00:00:00 UTC,1890.2139417921564,14653634680.31486,23724896.383596413
2023-07-21 00:00:00 UTC,1890.7601876339027,14698229763.050348,20290040.296384323
2023-07-22 00:00:00 UTC,1891.5164761632432,14706664429.081219,24600194.191680852
2023-07-23 00:00:00 UTC,1858.692044082893,14454240801.063433,28769736.829710916
2023-07-24 00:00:00 UTC,1886.872312955153,14739939371.555532,9217959.476056304
2023-07-25 00:00:00 UTC,1850.727788842365,14465557579.474003,18213362.6048622
2023-07-26 00:00:00 UTC,1857.2230023977731,14560396379.829506,3824616.1647629845
2023-07-27 00:00:00 UTC,1871.9117292026663,14680735652.068718,16898693.921443567
2023-07-28 00:00:00 UTC,1857.8891647901662,14631806420.333897,14332398.144146917
2023-07-29 00:00:00 UTC,1874.510978602906,14802330305.789785,12325073.801056996
2023-07-30 00:00:00 UTC,1879.405655273413,14866129877.042194,8847649.856718142
2023-07-31 00:00:00 UTC,1859.7882530098032,14739272676.205055,67648892.09927827
2023-08-01 00:00:00 UTC,1857.5534750220843,14758278423.256407,111384819.26671536
2023-08-02 00:00:00 UTC,1879.2246825536781,14845044810.330414,72484659.77919583
2023-08-03 00:00:00 UTC,1836.0649611834647,14622113009.402468,43552961.48885914
2023-08-04 00:00:00 UTC,1835.2683095347893,14608785871.659029,24833590.723732498
2023-08-05 00:00:00 UTC,1827.4361381378212,14592643450.681702,31489694.454938337
2023-08-06 00:00:00 UTC,1835.100504793616,14640752800.217916,6371593.972550152
2023-08-07 00:00:00 UTC,1826.2352825535975,14583167670.943533,26173043.144569162
2023-08-08 00:00:00 UTC,1821.723824176022,14559781857.915077,2265095.249240333
2023-08-09 00:00:00 UTC,1856.7951332187026,14858626035.796799,80950309.91820213
2023-08-10 00:00:00 UTC,1855.3594032561637,14883030152.614477,33245589.84917804
2023-08-11 00:00:00 UTC,1849.451422941048,14891867268.091602,22500456.483789563
2023-08-12 00:00:00 UTC,1846.2983125799199,14861851192.255163,22880008.911015734
2023-08-13 00:00:00 UTC,1846.7109982190877,14933314406.103376,2289124.3848210364
2023-08-14 00:00:00 UTC,1837.912571845355,14877132696.766102,3616811.8940067803
2023-08-15 00:00:00 UTC,1842.5525032037704,14932196393.363676,5027849.070381252
2023-08-16 00:00:00 UTC,1826.3613401832067,14849881755.752842,18299361.448946506
2023-08-17 00:00:00 UTC,1807.8985594709097,14732257513.906897,17776128.62031863
2023-08-18 00:00:00 UTC,1678.531049758973,13700344341.671913,27553657.338982858
2023-08-19 00:00:00 UTC,1659.9901648128944,13560560825.12622,25265068.441063404
2023-08-20 00:00:00 UTC,1668.8638687028388,13683448649.885233,24361720.30621833
2023-08-21 00:00:00 UTC,1683.12124261729,13812247718.837658,5056610.743987472
2023-08-22 00:00:00 UTC,1667.3540579313103,13775162028.358068,9289767.275610141
2023-08-23 00:00:00 UTC,1631.335094750959,13589981394.384872,52051238.27734178
2023-08-24 00:00:00 UTC,1678.2876979904313,13998775717.812021,11408685.35233847
2023-08-25 00:00:00 UTC,1655.8143521726724,13853366940.590841,5696577.971057007
2023-08-26 00:00:00 UTC,1652.8503591426936,13848322158.211288,22603265.73359582
2023-08-27 00:00:00 UTC,1644.3058442642428,13802936032.137886,5891168.472695966
2023-08-28 00:00:00 UTC,1655.4047301081164,13902134809.058899,4585927.813573591
2023-08-29 00:00:00 UTC,1650.4675145915326,13961420854.500263,11437286.681949362
2023-08-30 00:00:00 UTC,1727.2404463631985,14691982618.922346,19678580.195991434
2023-08-31 00:00:00 UTC,1703.7194513376592,14515419334.581385,20408102.00048413
2023-09-01 00:00:00 UTC,1643.9776560312173,14028219078.489252,16418221.641232118
2023-09-02 00:00:00 UTC,1628.076362858311,13889902654.988337,13514615.431957923
2023-09-03 00:00:00 UTC,1635.2064683557292,13965110112.083359,8757105.368104799
2023-09-04 00:00:00 UTC,1635.483943167856,13952939921.717815,2779684.1576067945
2023-09-05 00:00:00 UTC,1628.6296946377283,13930011979.60536,6167327.392801344
2023-09-06 00:00:00 UTC,1630.8862013105245,13974625969.789139,21659326.401006617
2023-09-07 00:00:00 UTC,1629.9844954421576,13958854939.650648,50861905.63570109
2023-09-08 00:00:00 UTC,1644.3518147898196,14128117969.049744,21841140.117406044
2023-09-09 00:00:00 UTC,1634.928454846139,14050752541.93859,13025430.969479803
2023-09-10 00:00:00 UTC,1634.1649367024547,14050721163.997772,9223515.980562171
2023-09-11 00:00:00 UTC,1617.7057694372604,13914525949.993832,12019610.593186468
2023-09-12 00:00:00 UTC,1548.8165232474855,13375685213.950779,39503556.00360868
2023-09-13 00:00:00 UTC,1594.0774073947114,13748229127.652208,8387032.743894688
2023-09-14 00:00:00 UTC,1607.485425541413,13868496670.216673,7093588.812613779
2023-09-15 00:00:00 UTC,1627.3688151587512,14046406315.842283,3639231.577615102
2023-09-16 00:00:00 UTC,1641.9629115321416,14193258015.566938,5361160.648214485
2023-09-17 00:00:00 UTC,1634.942137570923,14133784492.192568,4989671.11674894
2023-09-18 00:00:00 UTC,1621.6040120083057,14011046958.275742,3347548.176218919
2023-09-19 00:00:00 UTC,1636.9451707662224,14208211204.069294,5222271.836844604
2023-09-20 00:00:00 UTC,1644.1591940267479,14291136094.520588,3384764.475459947
2023-09-21 00:00:00 UTC,1621.1367857382556,14119873964.078077,3041283.4911158835
2023-09-22 00:00:00 UTC,1584.1038271796217,13788316191.88088,6245115.854484298
2023-09-23 00:00:00 UTC,1593.125621990247,13894025755.695364,3419820.1461848626
2023-09-24 00:00:00 UTC,1592.312686786056,13885538301.757751,6427422.421116662
2023-09-25 00:00:00 UTC,1578.55021516942,13779078859.228683,14056895.985590216
2023-09-26 00:00:00 UTC,1586.8521950805518,13844703874.636488,6622709.345838406
2023-09-27 00:00:00 UTC,1592.3037015749042,13922350014.205133,9288285.678007329
2023-09-28 00:00:00 UTC,1597.4992537621852,13968294518.146646,3589256.0063395584
2023-09-29 00:00:00 UTC,1651.4155124751767,14444943065.37819,14103067.21332871
2023-09-30 00:00:00 UTC,1667.2664269190238,14620515271.399183,9215446.485096343
2023-10-01 00:00:00 UTC,1669.6694959506988,14673174824.913551,9725150.123170005
2023-10-02 00:00:00 UTC,1736.274594811311,15231908481.86138,5389183.289227917
2023-10-03 00:00:00 UTC,1664.8149552742864,14622512869.931887,6190592.4341547
2023-10-04 00:00:00 UTC,1654.6037053649068,14571795011.72237,2367846.8877831604
2023-10-05 00:00:00 UTC,1648.3572597499094,14526799467.20448,7129481.3955510175
2023-10-06 00:00:00 UTC,1613.3110669425391,14234166559.37133,5923245.28718275
2023-10-07 00:00:00 UTC,1645.8271692374624,14502177739.741915,6467612.871685251
2023-10-08 00:00:00 UTC,1634.5646035360157,14398447305.785269,1855199.7657374472
2023-10-09 00:00:00 UTC,1632.8351982137626,14434974749.22553,27419364.06992494
2023-10-10 00:00:00 UTC,1578.4438187330932,13932942159.73557,24116710.511742022
2023-10-11 00:00:00 UTC,1567.6768084295845,13823288608.024632,11330736.051913707
2023-10-12 00:00:00 UTC,1565.7638858505663,13816961500.773691,3675472.0543344202
2023-10-13 00:00:00 UTC,1538.7338643052485,13579667697.90354,7920588.703476408
2023-10-14 00:00:00 UTC,1549.142314443536,13661035672.177166,4006829.794220268
2023-10-15 00:00:00 UTC,1555.77257757837,13733208789.407618,2881898.6479286905
2023-10-16 00:00:00 UTC,1557.2599553676407,13745855310.833122,17959814.852684088
2023-10-17 00:00:00 UTC,1600.8816056144212,14129650522.642323,26844613.330054093
2023-10-18 00:00:00 UTC,1563.0716987043813,13806348935.207428,16354220.154204957
2023-10-19 00:00:00 UTC,1563.759721720683,13789060382.645216,10385038.078380726
2023-10-20 00:00:00 UTC,1566.9135920223764,13821101353.135368,6295908.352068562
2023-10-21 00:00:00 UTC,1604.0719293189882,14185029144.263184,21340531.95727896
2023-10-22 00:00:00 UTC,1626.6506100621436,14369145548.614565,9020562.997630538
2023-10-23 00:00:00 UTC,1663.0927821150929,14491582497.331326,7552801.744559242
2023-10-24 00:00:00 UTC,1766.6082988421344,15548303211.383003,25441398.15623418
2023-10-25 00:00:00 UTC,1783.0427246702623,15629314293.488829,37839686.44991791
2023-10-26 00:00:00 UTC,1783.8796962466363,15677755269.55951,11169519.427366467
2023-10-27 00:00:00 UTC,1804.1266779413097,15857037813.968872,16429628.80864666
2023-10-28 00:00:00 UTC,1781.3213684958089,15665689376.713823,10523927.7983101
2023-10-29 00:00:00 UTC,1774.9783695656738,15590650484.519165,3793038.8530126265
2023-10-30 00:00:00 UTC,1795.7168963467836,15792050889.918879,4678974.9751144005
2023-10-31 00:00:00 UTC,1807.6298648429947,15907784803.642193,5790755.516363751
2023-11-01 00:00:00 UTC,1813.8921870245538,15984316106.288525,11338833.019791698
2023-11-02 00:00:00 UTC,1842.8147939718972,16237429470.427345,10661682.137992155
2023-11-03 00:00:00 UTC,1799.9581908289122,15978596860.83454,38635266.64832619
2023-11-04 00:00:00 UTC,1833.7261758330812,16224613580.165611,15731253.642498966
2023-11-05 00:00:00 UTC,1857.1071173845164,16459797470.93892,4450111.653812642
2023-11-06 00:00:00 UTC,1893.4183614662636,16853208238.944649,8493823.466726426
2023-11-07 00:00:00 UTC,1896.9976628183074,16945965455.251335,11430660.429213572
2023-11-08 00:00:00 UTC,1885.5111350558225,16856303638.175764,11020154.94749889
2023-11-09 00:00:00 UTC,1890.1782194663112,16933783399.494246,7658673.323711402
2023-11-10 00:00:00 UTC,2127.357280365978,19042849493.32302,36660517.63632934
2023-11-11 00:00:00 UTC,2076.225823532419,18609917407.56461,29795942.33615016
2023-11-12 00:00:00 UTC,2051.003892671136,18355559703.946033,17571761.971443046
2023-11-13 00:00:00 UTC,2047.0241208668228,18327456945.556404,9453020.39709248
2023-11-14 00:00:00 UTC,2059.9544046106193,18479250556.510082,21266068.88621666
2023-11-15 00:00:00 UTC,1978.844854149522,17722307362.38272,20556159.22530025
2023-11-16 00:00:00 UTC,2057.132022593657,18388986032.341297,24873140.7258659
2023-11-17 00:00:00 UTC,1959.1935490724875,17503019168.44603,12564630.062380489
2023-11-18 00:00:00 UTC,1957.044953284084,17529994297.311684,8487344.989263332
2023-11-19 00:00:00 UTC,1961.3628181853937,17569138647.69495,5634201.820862402
2023-11-20 00:00:00 UTC,2004.8843794127267,18023330396.327778,9737137.373414446
2023-11-21 00:00:00 UTC,2022.0348979070836,18189828264.268547,13032420.91180828
2023-11-22 00:00:00 UTC,1940.4971247453132,17534927575.64333,13513798.9436364
2023-11-23 00:00:00 UTC,2066.316744347498,18870884180.553448,14727964.259594139
2023-11-24 00:00:00 UTC,2061.264231524258,18898493858.184513,11499162.630630141
2023-11-25 00:00:00 UTC,2078.252735126843,19093909968.773514,12167383.64906697
2023-11-26 00:00:00 UTC,2082.6045731748895,19173519752.97307,11316353.048739709
2023-11-27 00:00:00 UTC,2064.499383672017,19033456183.31913,3730835.2838755194
2023-11-28 00:00:00 UTC,2026.5138870511869,18675565797.815933,19015479.53212502
2023-11-29 00:00:00 UTC,2049.435690450809,18907807718.036995,13540775.383716682
2023-11-30 00:00:00 UTC,2025.6483337173086,18753656046.67261,3834569.0541569144
2023-12-01 00:00:00 UTC,2048.4525479725453,18994193986.346428,10910958.29476633
2023-12-02 00:00:00 UTC,2084.704748459709,19332353620.05593,22388360.825809967
2023-12-03 00:00:00 UTC,2164.3414798835656,20079676863.63905,8178615.9344556015
2023-12-04 00:00:00 UTC,2193.277778311207,20385850406.79805,12080364.84513209
2023-12-05 00:00:00 UTC,2240.5200392944867,20809072107.688576,7771211.481057891
2023-12-06 00:00:00 UTC,2288.4583921367125,21263676455.092255,74017362.30304971
2023-12-07 00:00:00 UTC,2233.548272612632,20689666370.360714,39909740.99707644
2023-12-08 00:00:00 UTC,2352.1514469782473,21701902531.02936,20421734.550454643
2023-12-09 00:00:00 UTC,2356.374782382414,21747474303.13253,18525010.884390466
2023-12-10 00:00:00 UTC,2337.6932619287836,21558054806.210186,116654830.00992937
2023-12-11 00:00:00 UTC,2350.406257263151,21662995122.25319,27130977.073961474
2023-12-12 00:00:00 UTC,2221.1298351226765,20468691957.962494,41375073.613587864
2023-12-13 00:00:00 UTC,2201.2524903600142,20301598239.71357,59318076.83940306
2023-12-14 00:00:00 UTC,2259.514051302125,20843906114.40331,53910941.90002707
2023-12-15 00:00:00 UTC,2313.6026796650585,21352347764.86277,10141003.891254395
2023-12-16 00:00:00 UTC,2218.5202964152813,20476742314.87677,11414801.04314857
2023-12-17 00:00:00 UTC,2222.736155756713,20443438223.89274,18589053.030697655
2023-12-18 00:00:00 UTC,2201.984929366403,20154685819.910873,35249558.28236809
2023-12-19 00:00:00 UTC,2216.284654700907,20350184918.761658,42699172.35734924
2023-12-20 00:00:00 UTC,2174.727036860334,19901840337.417976,15913882.972031243
2023-12-21 00:00:00 UTC,2191.1146382268557,20049076636.012764,96720552.08071026
2023-12-22 00:00:00 UTC,2233.3564256353898,20434549138.48794,24809814.75098411
2023-12-23 00:00:00 UTC,2324.5186652351545,21271614185.876865,23954426.257561516
2023-12-24 00:00:00 UTC,2307.4204995484693,21121953469.559578,31429833.691259354
2023-12-25 00:00:00 UTC,2263.029022328592,20609330705.37745,20904689.029544607
2023-12-26 00:00:00 UTC,2270.517286558201,20672439337.332737,26268518.889166422
2023-12-27 00:00:00 UTC,2228.012051455141,20238323059.16432,26108618.14911198
2023-12-28 00:00:00 UTC,2376.3439856746013,21750175261.68582,21541288.59084489
2023-12-29 00:00:00 UTC,2347.625985374971,21520383637.893764,19717270.037998594
2023-12-30 00:00:00 UTC,2295.9991699602065,21005543241.775158,20156886.774865244
2023-12-31 00:00:00 UTC,2295.3538400099205,21123661423.571266,18188956.339107696
2024-01-01 00:00:00 UTC,2277.753313786249,20988968614.352074,9363343.4608926
2024-01-02 00:00:00 UTC,2345.476128327646,21626044486.09318,17260177.78205445
2024-01-03 00:00:00 UTC,2354.261240347121,21698144150.27756,28720127.173708145
2024-01-04 00:00:00 UTC,2207.7352478058738,20418252940.07801,41038774.593259595
2024-01-05 00:00:00 UTC,2270.9985127049886,21014154375.294437,9731579.89558909
2024-01-06 00:00:00 UTC,2264.3642137555917,20948253830.109886,34504712.98649811
2024-01-07 00:00:00 UTC,2239.912028477092,20723085382.021587,10969864.170687001
2024-01-08 00:00:00 UTC,2218.9809783068144,20505090704.813198,13648386.299773542
2024-01-09 00:00:00 UTC,2329.091156554353,21547389674.91489,18859140.343907014
2024-01-10 00:00:00 UTC,2342.5117789372116,21663976360.597298,32658356.234851953
2024-01-11 00:00:00 UTC,2571.751554938807,23961370998.76231,42274741.807983145
2024-01-12 00:00:00 UTC,2621.5622250312117,24389477760.762516,41649757.05470476
2024-01-13 00:00:00 UTC,2523.541080303175,23497429974.386898,26841754.42293346
2024-01-14 00:00:00 UTC,2580.766815503295,24036966321.803036,13384020.214274807
2024-01-15 00:00:00 UTC,2471.0562770123206,23116248921.874508,17910523.072135743
2024-01-16 00:00:00 UTC,2517.6563012332927,23480479068.719273,12274626.308965238
2024-01-17 00:00:00 UTC,2588.100559692717,24109327310.5914,23619777.642662242
2024-01-18 00:00:00 UTC,2523.659240342434,23495551401.67663,14056250.78063586
2024-01-19 00:00:00 UTC,2464.7055308251092,22980677531.55837,7217518.135689341
2024-01-20 00:00:00 UTC,2489.8355522240613,23227778404.90598,27254974.76779485
2024-01-21 00:00:00 UTC,2467.745834429918,23037824166.708126,16599388.306695439
2024-01-22 00:00:00 UTC,2451.9847390551245,22939403054.555515,8464874.588559179
2024-01-23 00:00:00 UTC,2306.506451681446,21584417511.880905,20995085.50364835
2024-01-24 00:00:00 UTC,2242.4925066658448,20976564789.29612,83877552.62266985
2024-01-25 00:00:00 UTC,2233.2880861314115,20901462157.90706,18982871.77270935
2024-01-26 00:00:00 UTC,2218.43245242988,20783882875.33558,19609190.30212562
2024-01-27 00:00:00 UTC,2268.09703918068,21205802456.002373,15404806.178229377
2024-01-28 00:00:00 UTC,2264.8167100476394,21244011002.582096,7809253.057648126
2024-01-29 00:00:00 UTC,2254.8488855569067,21156943737.365173,14943165.711833036
2024-01-30 00:00:00 UTC,2312.2744046914704,21758853795.28817,43166682.54134796
2024-01-31 00:00:00 UTC,2343.985623624999,22044168454.078434,17680282.342136342
2024-02-01 00:00:00 UTC,2281.32911811098,21485566117.659714,19929163.919346195
2024-02-02 00:00:00 UTC,2302.7025184674653,21737209309.456158,20941616.373465184
2024-02-03 00:00:00 UTC,2310.2495869021423,21896711879.323353,15229326.982478958
2024-02-04 00:00:00 UTC,2296.2725905698903,21753880185.89906,9735348.591571841
2024-02-05 00:00:00 UTC,2290.0981554435148,21725722096.408066,7440878.853677309
2024-02-06 00:00:00 UTC,2298.130120290044,21811520522.05669,19327381.789512295
2024-02-07 00:00:00 UTC,2373.8984192631638,22555034915.50041,8818597.26939501
2024-02-08 00:00:00 UTC,2424.759950449344,23086349213.34584,30109988.54555323
2024-02-09 00:00:00 UTC,2424.1223604911297,23180799211.2732,18198101.324518584
2024-02-10 00:00:00 UTC,2486.1286167934118,23914203415.046017,21494334.383660313
2024-02-11 00:00:00 UTC,2499.2000750349343,24009900988.40954,8333606.700238289
2024-02-12 00:00:00 UTC,2508.876669348494,24091805069.269196,6250675.418682209
2024-02-13 00:00:00 UTC,2655.5500473270945,25558896896.283054,10741139.544014677
2024-02-14 00:00:00 UTC,2639.5078892050165,25519817483.23168,14994651.884826208
2024-02-15 00:00:00 UTC,2778.1451135728394,27037120106.36051,34321404.45035304
2024-02-16 00:00:00 UTC,2823.7965276341765,27624686582.988583,14889355.62656299
2024-02-17 00:00:00 UTC,2805.1139505460665,27435618683.423187,31219791.449676678
2024-02-18 00:00:00 UTC,2783.4990483907036,27239515469.66714,6973990.305166935
2024-02-19 00:00:00 UTC,2868.724335731698,28089939650.0,9223796.911441075
2024-02-20 00:00:00 UTC,2938.8472186797558,28774459903.735603,20040441.250438016
2024-02-21 00:00:00 UTC,3009.526135760951,29460484883.08736,25703489.708111774
2024-02-22 00:00:00 UTC,2977.09463032049,29193652873.525288,20279151.739212546
2024-02-23 00:00:00 UTC,2974.365244095076,29153471759.958202,121275225.91931655
2024-02-24 00:00:00 UTC,2919.5547034696338,28695017179.544376,37683464.74293861
2024-02-25 00:00:00 UTC,2985.215086724264,29269602168.93447,22931879.75010684
2024-02-26 00:00:00 UTC,3109.928669025007,30526606672.35908,22967456.535986878
2024-02-27 00:00:00 UTC,3168.200349540846,31074974650.8263,38165904.69773761
2024-02-28 00:00:00 UTC,3241.806668516603,31795707086.35891,65986285.65334521
2024-02-29 00:00:00 UTC,3374.4747782518357,33150804082.4036,69595063.6863979
2024-03-01 00:00:00 UTC,3343.100875694517,32976259786.278687,41628993.62664702
2024-03-02 00:00:00 UTC,3426.92911671611,33745471002.706764,31415655.14944715
2024-03-03 00:00:00 UTC,3416.7248340193564,33644545010.386097,23438099.503778182
2024-03-04 00:00:00 UTC,3477.942996467507,34197861312.435078,27248561.06840487
2024-03-05 00:00:00 UTC,3623.861064625198,35678274503.63361,47521280.6322172
2024-03-06 00:00:00 UTC,3577.794802889734,35227441422.54432,83651731.5419031
2024-03-07 00:00:00 UTC,3816.1654688332196,37476769782.48609,79701661.88660736
2024-03-08 00:00:00 UTC,3857.039155079732,37975347955.58329,55988929.562707275
2024-03-09 00:00:00 UTC,3890.2758144772592,38309616730.29863,49158321.569320545
2024-03-10 00:00:00 UTC,3911.8609633522087,38548263341.97118,24442896.204037167
2024-03-11 00:00:00 UTC,3882.691629962496,38300130839.869354,29788047.723113142
2024-03-12 00:00:00 UTC,4067.4788293759316,40208183428.92564,86255790.15841326
2024-03-13 00:00:00 UTC,3971.174425006254,39136483550.805626,74102646.25732814
2024-03-14 00:00:00 UTC,4000.2026850083626,39398965991.128685,71324600.03177112
2024-03-15 00:00:00 UTC,3876.3571681759317,38184868590.89873,57361733.8862592
2024-03-16 00:00:00 UTC,3734.6410982501175,36814413948.2165,222005087.65533578
2024-03-17 00:00:00 UTC,3512.920114179522,34410243662.88935,67844914.08548377
2024-03-18 00:00:00 UTC,3647.2106019744188,35599062667.81345,79749901.96951936
2024-03-19 00:00:00 UTC,3524.387793085141,34488135565.85557,107336059.87935534
2024-03-20 00:00:00 UTC,3159.82473662374,31011834005.707195,290193260.9876437
2024-03-21 00:00:00 UTC,3510.9282294567715,34401286483.1495,208239549.7535987
2024-03-22 00:00:00 UTC,3486.526092470764,34185274332.89926,66705914.52478403
2024-03-23 00:00:00 UTC,3317.7173715216304,32409887531.183777,146460432.83047593
2024-03-24 00:00:00 UTC,3345.1300260562593,32719273478.90405,85361721.26604527
2024-03-25 00:00:00 UTC,3447.4356589033887,33668896241.890175,99528085.78323767
2024-03-26 00:00:00 UTC,3582.3681175406177,34666623403.128105,97551779.71155177
2024-03-27 00:00:00 UTC,3590.4985797891445,34765862572.12553,132485917.07755317
2024-03-28 00:00:00 UTC,3498.7341236362076,33789149314.27538,238445892.8480865
2024-03-29 00:00:00 UTC,3552.378511969561,34438571152.09961,220450718.7669043
2024-03-30 00:00:00 UTC,3504.052295323504,33991055228.294384,83723324.9809911
2024-03-31 00:00:00 UTC,3497.885666487047,33894903338.505722,54151142.62227749
2024-04-01 00:00:00 UTC,3631.8507534957967,35213350128.73767,53244339.426460996
2024-04-02 00:00:00 UTC,3500.2371763702035,33807575984.243526,122958066.55887882
2024-04-03 00:00:00 UTC,3267.8988853438373,31346188108.948204,142015155.53050914
2024-04-04 00:00:00 UTC,3309.7312647951485,31629773553.373306,106049655.28138454
2024-04-05 00:00:00 UTC,3323.369399251932,31696243084.797493,78565233.32371975
2024-04-06 00:00:00 UTC,3319.4282376636256,31774452210.502857,88165745.11806683
2024-04-07 00:00:00 UTC,3358.7447141372277,31994166905.93503,87404793.51714152
2024-04-08 00:00:00 UTC,3448.736049223783,32918250903.40179,89725954.29542287
2024-04-09 00:00:00 UTC,3687.949143931034,35188753077.44927,109123376.72576742
2024-04-10 00:00:00 UTC,3498.7600918460253,33299604253.225384,209385739.37910327
2024-04-11 00:00:00 UTC,3535.2162292032094,33423902681.472836,116962704.94976228
2024-04-12 00:00:00 UTC,3500.86747603852,32963416251.11636,102180694.101232
2024-04-13 00:00:00 UTC,3235.2530786008465,30421742542.90026,188021469.70630687
2024-04-14 00:00:00 UTC,2996.650475790675,28429808478.89856,341656381.5086519
2024-04-15 00:00:00 UTC,3151.6763223197763,29664497021.815685,241354406.84749022
2024-04-16 00:00:00 UTC,3097.454295369382,29067460316.034313,165650304.35077518
2024-04-17 00:00:00 UTC,3077.541942036283,28914024596.31365,122134124.32142812
2024-04-18 00:00:00 UTC,2976.988480033677,27958502365.60101,173104087.43574002
2024-04-19 00:00:00 UTC,3063.006188034227,28666053136.668022,105421033.19929501
2024-04-20 00:00:00 UTC,3063.766918474181,28587559672.490864,236861768.32181203
2024-04-21 00:00:00 UTC,3150.5014516512056,29393134346.386528,71109078.1230062
2024-04-22 00:00:00 UTC,3147.5215962317625,29346816568.603683,69580988.90880074
2024-04-23 00:00:00 UTC,3199.4292433695387,29854605053.463936,152664800.15547636
2024-04-24 00:00:00 UTC,3216.4980576970042,30010560606.55747,78155421.6968592
2024-04-25 00:00:00 UTC,3136.2785484606848,29274861717.83972,100801155.14496149
2024-04-26 00:00:00 UTC,3155.2959807727575,29506799721.567417,99318162.86916725
2024-04-27 00:00:00 UTC,3129.2579231366203,29229581717.191566,76519175.43221514
2024-04-28 00:00:00 UTC,3257.9333351678433,30411939134.62814,78401520.72171728
2024-04-29 00:00:00 UTC,3257.766494016068,30460959312.119255,85522481.1978054
2024-04-30 00:00:00 UTC,3212.590235064842,30025195926.779152,122272950.37927014
2024-05-01 00:00:00 UTC,3018.9706393381116,28211088710.706696,187719222.12035552
2024-05-02 00:00:00 UTC,2972.511527037976,27815512365.605286,204999383.03677905
2024-05-03 00:00:00 UTC,2981.9067468283015,27879794178.009075,109066164.63612364
2024-05-04 00:00:00 UTC,3097.8525306727665,28987027515.286766,96385031.94114733
2024-05-05 00:00:00 UTC,3113.7214869835007,29131212492.195522,61140701.66221563
2024-05-06 00:00:00 UTC,3134.620561276685,29303895922.265087,47496657.743836045
2024-05-07 00:00:00 UTC,3063.751766082146,28662801120.201027,93103380.7717487
2024-05-08 00:00:00 UTC,3013.828659450414,28223756836.310444,72508329.78358273
2024-05-09 00:00:00 UTC,2973.9035592286373,27799712170.285225,69255604.09919487
2024-05-10 00:00:00 UTC,3035.864690760059,28405020109.40658,54332384.828796305
2024-05-11 00:00:00 UTC,2909.5434676167456,27250898530.420116,77219552.69176368
2024-05-12 00:00:00 UTC,2907.7966097360863,27229102545.663193,30115942.681678664
2024-05-13 00:00:00 UTC,2930.349700927456,27455134417.42369,23068650.257161196
2024-05-14 00:00:00 UTC,2947.0604481404876,27616383623.215485,85467103.37180205
2024-05-15 00:00:00 UTC,2879.7662015358064,26991494334.81102,74683471.41376564
2024-05-16 00:00:00 UTC,3027.6584307716166,28420233394.492718,81492864.7750731
2024-05-17 00:00:00 UTC,2941.368124829561,27521610467.141014,85354989.59508847
2024-05-18 00:00:00 UTC,3091.057468160971,28883031219.968952,113037617.19262391
2024-05-19 00:00:00 UTC,3119.066331229682,29184224879.041855,47460465.53218225
2024-05-20 00:00:00 UTC,3069.5518678208496,28577007693.68878,73559079.51705703
2024-05-21 00:00:00 UTC,3652.342660042163,34128056603.37576,233913139.41886926
2024-05-22 00:00:00 UTC,3793.177155527557,35328196863.62028,298294770.02540636
2024-05-23 00:00:00 UTC,3739.3026241575244,34836398698.74997,216906157.251158
2024-05-24 00:00:00 UTC,3765.5610921080747,35100355267.93764,392540213.87360007
2024-05-25 00:00:00 UTC,3725.3794648812404,34624872348.319016,152697260.17436978
2024-05-26 00:00:00 UTC,3748.5423788490934,34806259093.463524,46786112.795150995
2024-05-27 00:00:00 UTC,3824.7083038222263,35549516051.89049,83525718.90189736
2024-05-28 00:00:00 UTC,3893.323684248006,36173145673.400154,150943916.88810205
2024-05-29 00:00:00 UTC,3839.2346154181123,36278574387.557724,110773577.71489613
2024-05-30 00:00:00 UTC,3761.6374598437314,35747476587.73794,87244906.34255262
2024-05-31 00:00:00 UTC,3747.3793908512353,35573266954.86797,78686895.48700906
2024-06-01 00:00:00 UTC,3759.2225495368166,35738889225.465485,79460158.18186629
2024-06-02 00:00:00 UTC,3811.4102391314223,36183095483.380226,34028302.59623987
2024-06-03 00:00:00 UTC,3777.9835872467593,35887838793.65198,51078795.40499755
2024-06-04 00:00:00 UTC,3765.434008498348,35772223471.28045,60586501.87548763
2024-06-05 00:00:00 UTC,3814.347319810231,36259860859.71086,47902167.33425472
2024-06-06 00:00:00 UTC,3866.7930279941256,36756166429.2036,80663217.27354361
2024-06-07 00:00:00 UTC,3810.5332493195333,36271832627.68181,63162023.67377925
2024-06-08 00:00:00 UTC,3676.42367384757,35002620193.071365,77846788.75647777
2024-06-09 00:00:00 UTC,3681.049501815064,35021152411.60709,24835246.06255167
2024-06-10 00:00:00 UTC,3703.280224386967,35252866527.57704,41602574.9644794
2024-06-11 00:00:00 UTC,3664.2355782975974,34837705877.81971,61973519.35852483
2024-06-12 00:00:00 UTC,3497.8152307142295,33252566116.634075,147345134.2358924
2024-06-13 00:00:00 UTC,3559.154469519449,33849846089.12376,85574664.19567607
2024-06-14 00:00:00 UTC,3466.128931882317,33066633007.478264,81696810.75547858
2024-06-15 00:00:00 UTC,3479.577040830458,33181494747.541447,88576233.3254067
2024-06-16 00:00:00 UTC,3563.677469192178,33981781678.20067,51899506.3218076
2024-06-17 00:00:00 UTC,3617.068186435505,34501449359.446815,40746578.63982855
2024-06-18 00:00:00 UTC,3511.558909166693,33445695541.23239,91461855.6281752
2024-06-19 00:00:00 UTC,3483.086666556516,33157644423.497997,115646376.06194013
2024-06-20 00:00:00 UTC,3554.9474011102207,33934713404.742886,83202823.79710546
2024-06-21 00:00:00 UTC,3511.2970013149006,33586191237.19562,63559786.33568955
2024-06-22 00:00:00 UTC,3515.31099833653,33682989170.08669,72917283.39182945
2024-06-23 00:00:00 UTC,3495.6331980629025,33544036393.384083,19413359.982052002
2024-06-24 00:00:00 UTC,3415.962951667374,32882337988.782127,50049673.98811711
2024-06-25 00:00:00 UTC,3353.9462205871187,32307088768.88692,77696106.49417251
2024-06-26 00:00:00 UTC,3393.633925323743,32749802070.496117,37658450.69736075
2024-06-27 00:00:00 UTC,3364.2697047191386,32497385391.99121,69819368.4721109
2024-06-28 00:00:00 UTC,3442.998439403524,33419226570.88026,53830932.87123452
2024-06-29 00:00:00 UTC,3373.716576715168,32794815003.324944,57804774.860037
2024-06-30 00:00:00 UTC,3370.5302996733803,32787455198.442722,17471337.4469748
2024-07-01 00:00:00 UTC,3435.0298967968715,33393073797.174625,30347107.357845735
2024-07-02 00:00:00 UTC,3438.0059044998216,33402120995.796127,41329089.93288634
2024-07-03 00:00:00 UTC,3415.889933895639,33205658712.589066,24785786.73746227
2024-07-04 00:00:00 UTC,3295.340277277251,32173349159.923504,62600447.91312668
2024-07-05 00:00:00 UTC,3066.234292191368,29876172114.32862,99530470.37058847
2024-07-06 00:00:00 UTC,2981.824243340523,29086345431.19459,178748591.5843981
2024-07-07 00:00:00 UTC,3062.0683310841664,29823956328.067005,51404624.79587402
2024-07-08 00:00:00 UTC,2928.108307310733,28329081980.679733,73478599.379463
2024-07-09 00:00:00 UTC,3016.0384848086305,29219621732.319412,128429199.00404139
2024-07-10 00:00:00 UTC,3063.0967825890134,29766662439.899353,60206069.900583595
2024-07-11 00:00:00 UTC,3099.5030718812463,30133086137.61367,78919522.34329475
2024-07-12 00:00:00 UTC,3101.043697427881,30091334976.30038,51405984.277434856
2024-07-13 00:00:00 UTC,3132.093235861778,30361274221.91351,34845152.757221915
2024-07-14 00:00:00 UTC,3181.48454390298,30871360823.188473,26512748.626565136
2024-07-15 00:00:00 UTC,3258.6720165765064,31651964632.384106,38778183.54861643
2024-07-16 00:00:00 UTC,3491.611874026716,33968757304.79779,75032318.37599982
2024-07-17 00:00:00 UTC,3448.321147137126,33611884020.271255,75627741.4341266
2024-07-18 00:00:00 UTC,3390.1964836474694,33063645029.501495,80544787.55973746
2024-07-19 00:00:00 UTC,3429.0430082766147,33437850502.41496,53060113.816814065
2024-07-20 00:00:00 UTC,3505.131101463982,34208840543.778107,59527554.12480885
2024-07-21 00:00:00 UTC,3521.964710006871,34383613450.26049,35235491.81802539
2024-07-22 00:00:00 UTC,3531.8554919613493,34533491137.63803,37711769.60233727
2024-07-23 00:00:00 UTC,3441.6667555698828,33685954216.51073,44399264.594496705
2024-07-24 00:00:00 UTC,3483.309366617488,34208147054.95008,81950297.16047266
2024-07-25 00:00:00 UTC,3333.8230697862596,32751471746.945335,55275056.152174495
2024-07-26 00:00:00 UTC,3173.8884021270947,31187067979.25798,175594091.04262593
2024-07-27 00:00:00 UTC,3277.45291681648,32190610833.49491,63197879.47929867
2024-07-28 00:00:00 UTC,3253.716263515213,31974700903.21691,39750920.91592778
2024-07-29 00:00:00 UTC,3272.0218185603862,32139537597.09393,20021951.287597977
2024-07-30 00:00:00 UTC,3319.736138787086,32753937645.542706,54141913.90082898
2024-07-31 00:00:00 UTC,3275.7695861370703,32240714201.628643,45223125.20619114
2024-08-01 00:00:00 UTC,3232.0063708288144,31789987889.966805,83971955.97483757
2024-08-02 00:00:00 UTC,3201.4110244117715,31500602816.01514,95715530.71606243
2024-08-03 00:00:00 UTC,2981.1978302386046,29376293256.019077,246567473.90648854
2024-08-04 00:00:00 UTC,2904.942376279734,28541316918.5792,66909861.81531782
2024-08-05 00:00:00 UTC,2682.4840410197316,26395874550.79607,155202602.22140634
2024-08-06 00:00:00 UTC,2413.187303714984,23788025926.59579,1017264780.6987207
2024-08-07 00:00:00 UTC,2450.5987429010756,24055661753.9751,112964142.97320282
2024-08-08 00:00:00 UTC,2335.855341746917,22975326160.535076,114018746.54651695
2024-08-09 00:00:00 UTC,2685.0285913677285,26359817505.60723,98569477.33861272
2024-08-10 00:00:00 UTC,2601.2206928478577,25447269302.63318,84704171.54796559
2024-08-11 00:00:00 UTC,2607.253648516964,25557504890.399593,45294271.00241551
2024-08-12 00:00:00 UTC,2556.61510042393,25075689741.39551,59882487.26071785
2024-08-13 00:00:00 UTC,2725.811163095678,26682188898.112335,68875689.23962969
2024-08-14 00:00:00 UTC,2705.0148213547795,26433385495.6771,51337742.43143447
2024-08-15 00:00:00 UTC,2663.290677438241,26083187458.592697,32420829.568460822
2024-08-16 00:00:00 UTC,2570.673041214064,25226750528.200283,60635958.597462706
2024-08-17 00:00:00 UTC,2592.689834969372,25478268093.491123,52931444.70824634
2024-08-18 00:00:00 UTC,2611.5296080395897,25641457306.75891,30227531.95716211
2024-08-19 00:00:00 UTC,2611.1018279942646,25709671863.907497,29779768.29708915
2024-08-20 00:00:00 UTC,2638.1795396600946,25917752435.77668,32647171.11963887
2024-08-21 00:00:00 UTC,2575.477298793896,25309977448.3997,93348232.54466996
2024-08-22 00:00:00 UTC,2629.4693997116397,25807514134.527405,62981301.53335769
2024-08-23 00:00:00 UTC,2623.029888631146,25733681104.207832,42771488.62473537
2024-08-24 00:00:00 UTC,2763.8729743891404,27085593416.45554,50763027.23982818
2024-08-25 00:00:00 UTC,2766.3383667227363,27067341375.774456,55279979.24339231
2024-08-26 00:00:00 UTC,2743.380543219505,26884070134.794197,29127333.362329736
2024-08-27 00:00:00 UTC,2682.1946658241222,26277150826.188423,36327635.1278847
2024-08-28 00:00:00 UTC,2457.625595676466,24106917472.3996,71351188.06832993
2024-08-29 00:00:00 UTC,2524.754423305431,24806015450.93734,66323530.2587147
2024-08-30 00:00:00 UTC,2525.6110559824733,24751699730.298923,34087319.43712446
2024-08-31 00:00:00 UTC,2526.238949059829,24763890620.400276,54841926.26292522
2024-09-01 00:00:00 UTC,2512.551042140711,24627264277.54376,17001842.18939668
2024-09-02 00:00:00 UTC,2428.0478118640967,23807157618.38435,38418239.658945315
2024-09-03 00:00:00 UTC,2534.3305196973765,24828910917.16307,42370268.16460086
2024-09-04 00:00:00 UTC,2433.4649604371107,23875453505.687843,38973544.39197168
2024-09-05 00:00:00 UTC,2448.3471542985985,23985027828.128574,103054291.11146645
2024-09-06 00:00:00 UTC,2366.818645303044,23217035736.733154,82965706.92662835
2024-09-07 00:00:00 UTC,2220.564314732752,21768427681.464996,240774800.2160128
2024-09-08 00:00:00 UTC,2270.878082017049,22273219498.66542,53147795.45487558
2024-09-09 00:00:00 UTC,2294.3399330108755,22503081041.101944,89944381.54872389
2024-09-10 00:00:00 UTC,2357.5051495984258,23119607892.246357,47219339.97793001
2024-09-11 00:00:00 UTC,2387.593768698015,23402477740.238327,43345603.01953864
2024-09-12 00:00:00 UTC,2341.9472287116846,22923743361.669174,35031178.34588097
2024-09-13 00:00:00 UTC,2363.1188853698277,23108933848.68247,30137469.386133324
2024-09-14 00:00:00 UTC,2446.6279066772568,23882296252.442833,22115929.531749107
2024-09-15 00:00:00 UTC,2416.778541299174,23612899322.778732,11902623.539251607
2024-09-16 00:00:00 UTC,2319.2307774099277,22657969468.555614,17794730.455166243
2024-09-17 00:00:00 UTC,2293.9877479649454,22414896301.40831,29861168.02798357
2024-09-18 00:00:00 UTC,2338.030023017909,22819656073.392464,30514204.158247817
2024-09-19 00:00:00 UTC,2363.0096463003947,23063991717.991165,60689888.06279984
2024-09-20 00:00:00 UTC,2464.053133039145,24047161992.953438,64623651.37879114
2024-09-21 00:00:00 UTC,2555.4935899107,24912317146.876278,36528081.25375914
2024-09-22 00:00:00 UTC,2615.2072934619687,25491856215.026,18862439.470686104
2024-09-23 00:00:00 UTC,2581.675048799389,25173978170.52442,29666192.855727885
2024-09-24 00:00:00 UTC,2648.2573293247347,25849640539.971172,41809036.56864209
2024-09-25 00:00:00 UTC,2653.9633062753014,25929514390.879166,36290114.69625472
2024-09-26 00:00:00 UTC,2578.3396870470942,25238397487.48628,33296557.89654445
2024-09-27 00:00:00 UTC,2630.3575795810802,25828011541.570057,33494009.9342965
2024-09-28 00:00:00 UTC,2696.039799535901,26438353883.31745,34758063.22371434
2024-09-29 00:00:00 UTC,2677.4021199955746,26206109348.91482,34283624.689274855
2024-09-30 00:00:00 UTC,2656.427953346308,26011989480.287216,31002156.59096326
2024-10-01 00:00:00 UTC,2594.9269232258193,25436682843.149094,47326257.63946884
2024-10-02 00:00:00 UTC,2449.9854266301904,24056406331.50346,58700881.560996234
2024-10-03 00:00:00 UTC,2363.659938216086,23182862528.451447,74839527.20022042
2024-10-04 00:00:00 UTC,2346.79292316798,23042109136.631107,50760662.34367777
2024-10-05 00:00:00 UTC,2415.9830411214803,23675917293.715492,39561218.68146704
2024-10-06 00:00:00 UTC,2414.329453847788,23683604837.06894,17173082.985411376
2024-10-07 00:00:00 UTC,2437.191994047116,23928400091.58803,13241185.125709271
2024-10-08 00:00:00 UTC,2423.459978944734,23684012173.179337,55086905.565423526
2024-10-09 00:00:00 UTC,2440.8006029292646,23764490985.219196,65887617.205262266
2024-10-10 00:00:00 UTC,2367.2490760771334,23037222086.087536,52004354.27387475
2024-10-11 00:00:00 UTC,2380.2236119399927,23177105033.782864,36995014.28845768
2024-10-12 00:00:00 UTC,2434.9367710982215,23670845550.341602,30185851.31896719
2024-10-13 00:00:00 UTC,2477.308938289851,24132678632.67258,35585505.77111578
2024-10-14 00:00:00 UTC,2465.4199339641477,24029416043.621254,14644331.656330535
2024-10-15 00:00:00 UTC,2627.4938603869887,25666371576.87503,82537155.96502163
2024-10-16 00:00:00 UTC,2601.651552487879,25406718709.316654,42412606.12400114
2024-10-17 00:00:00 UTC,2610.7074330496807,25517634470.694786,42425682.26912515
2024-10-18 00:00:00 UTC,2602.18138599972,25385470502.96645,33667231.24044673
2024-10-19 00:00:00 UTC,2642.093102407646,25801673001.94259,30379392.90162244
2024-10-20 00:00:00 UTC,2648.9612751079617,25833087793.16606,20062369.635804262
2024-10-21 00:00:00 UTC,2743.0639861170534,26721760916.19729,37567374.516499504
2024-10-22 00:00:00 UTC,2666.2162663787612,25988277372.950893,56680863.21563421
2024-10-23 00:00:00 UTC,2619.2237314188137,25541139412.53475,37545241.63973955
2024-10-24 00:00:00 UTC,2521.920677089822,24567633896.79044,52183805.863016985
2024-10-25 00:00:00 UTC,2534.4389499548993,24684441934.585503,56318418.78282206
2024-10-26 00:00:00 UTC,2420.8898235839115,23533565564.354664,52440677.632814385
2024-10-27 00:00:00 UTC,2478.9433523931393,24148421329.914238,25068737.552482106
2024-10-28 00:00:00 UTC,2504.497741549069,24432466366.546524,21012372.214147568
2024-10-29 00:00:00 UTC,2563.5538760253867,25007884462.075886,41137818.360164076
2024-10-30 00:00:00 UTC,2636.3941282565006,25640504726.70128,59733450.16668553
2024-10-31 00:00:00 UTC,2656.7849672039074,25924451504.19722,47374360.81313207
2024-11-01 00:00:00 UTC,2515.549321432777,24543259280.747227,33046249.549127325
2024-11-02 00:00:00 UTC,2512.614402333334,24508156466.430058,66176727.35062005
2024-11-03 00:00:00 UTC,2490.4520495334355,24299150240.294216,23382790.06294167
2024-11-04 00:00:00 UTC,2454.9947237926913,23966489975.028564,31139190.82475923
2024-11-05 00:00:00 UTC,2394.865652709156,23335908175.563812,32190393.956425004
2024-11-06 00:00:00 UTC,2419.7975864882487,23623782362.526436,43933740.3767637
2024-11-07 00:00:00 UTC,2720.36153189985,26531899526.10396,66832470.40828514
2024-11-08 00:00:00 UTC,2891.931361066263,28278600785.197178,62920193.28333043
2024-11-09 00:00:00 UTC,2962.3604469651705,29040854049.044327,211629013.2993598
2024-11-10 00:00:00 UTC,3126.509113479216,30717851976.684196,34743512.07307445
2024-11-11 00:00:00 UTC,3187.4103587117556,31210498738.224583,77159345.68775742
2024-11-12 00:00:00 UTC,3373.6893068543136,33213821295.66611,100701620.79561184
2024-11-13 00:00:00 UTC,3255.027840489225,31897339557.307514,99794335.39067216
2024-11-14 00:00:00 UTC,3185.6599414525363,31260021612.319324,70927020.13621274
2024-11-15 00:00:00 UTC,3052.216614588692,29851176765.8571,116307704.78921597
2024-11-16 00:00:00 UTC,3089.4330783368046,30211375062.188835,109060561.339399
2024-11-17 00:00:00 UTC,3129.525835021484,30658775092.250027,93098168.46495524
2024-11-18 00:00:00 UTC,3072.174949361242,30080715215.110752,107546696.36122972
2024-11-19 00:00:00 UTC,3205.7046162151564,31420688381.80064,109137743.94078992
2024-11-20 00:00:00 UTC,3111.296113038513,30459122601.337486,80232298.2324813
2024-11-21 00:00:00 UTC,3069.3357187568076,30048129027.62737,102364467.60206048
2024-11-22 00:00:00 UTC,3363.5039681699704,32933541136.258984,152251431.69346422
2024-11-23 00:00:00 UTC,3326.860389969475,32567734705.407055,99314073.56826726
2024-11-24 00:00:00 UTC,3396.029954495001,33246104630.938625,85088992.44272162
2024-11-25 00:00:00 UTC,3358.0722645080814,32879104987.35192,69514016.15953021
2024-11-26 00:00:00 UTC,3415.28262823372,33423539649.72071,113717879.61337669
2024-11-27 00:00:00 UTC,3323.5646006018123,32542715352.34392,122233864.04135822
2024-11-28 00:00:00 UTC,3659.9021222613937,35888156364.05421,154381902.80378616
2024-11-29 00:00:00 UTC,3578.7899666254516,35078327842.94574,113603705.76300168
2024-11-30 00:00:00 UTC,3597.1711670394066,35241630868.243484,63218132.48311
2024-12-01 00:00:00 UTC,3710.112409763995,36439282386.01828,108527667.69299679
2024-12-02 00:00:00 UTC,3710.2617831544244,36431151229.011055,87245821.5562218
2024-12-03 00:00:00 UTC,3640.273785773703,35802266747.5052,168346153.6591624
2024-12-04 00:00:00 UTC,3623.810065539938,35693855310.53785,107736703.49929242
2024-12-05 00:00:00 UTC,3839.910406028195,37797738138.1503,128565769.03489642
2024-12-06 00:00:00 UTC,3795.6631162465933,37345508974.50756,198350482.37104005
2024-12-07 00:00:00 UTC,4009.607448807852,39446446905.44819,146753155.77386266
2024-12-08 00:00:00 UTC,3998.98467528338,39343222393.382706,102597703.03592218
2024-12-09 00:00:00 UTC,4013.757828255235,39460803871.5761,89812691.31988375
2024-12-10 00:00:00 UTC,3717.3938203468338,36493818136.87917,211451772.7614417
2024-12-11 00:00:00 UTC,3628.3598219830014,35662653440.970345,302073066.9548546
2024-12-12 00:00:00 UTC,3828.312304583448,37658590329.030365,122716727.69319417
2024-12-13 00:00:00 UTC,3873.956509202841,38060750335.599434,266593406.55741128
2024-12-14 00:00:00 UTC,3906.9166892887138,38311697207.32146,148111733.88934517
2024-12-15 00:00:00 UTC,3861.237592460254,37870336045.01171,355209360.28624666
2024-12-16 00:00:00 UTC,3940.7451853872954,38738637206.608925,171352208.56286386
2024-12-17 00:00:00 UTC,3984.9486636071447,39077731853.57343,175133146.55228367
2024-12-18 00:00:00 UTC,3873.819190036487,37977918563.664345,150111456.00785276
2024-12-19 00:00:00 UTC,3615.4623273993725,35498267593.77697,151911622.34430787
2024-12-20 00:00:00 UTC,3422.1446369346645,33592171090.416267,171986156.86799765
2024-12-21 00:00:00 UTC,3466.457638902884,33869770610.897717,191274928.17825153
2024-12-22 00:00:00 UTC,3328.310551035799,32459188271.530266,105744327.26718213
2024-12-23 00:00:00 UTC,3268.2545441714856,31773609039.886806,150645625.91006118
2024-12-24 00:00:00 UTC,3409.0766807036375,33017295480.193966,145659649.9358172
2024-12-25 00:00:00 UTC,3494.587649838559,33830811968.06419,115435689.1876013
2024-12-26 00:00:00 UTC,3493.9594151123765,33783202869.242184,147882735.89466494
2024-12-27 00:00:00 UTC,3327.317646230303,32175042925.64742,127733413.09327012
2024-12-28 00:00:00 UTC,3327.382795436106,32167680913.381992,92388873.1039098
2024-12-29 00:00:00 UTC,3397.39430202897,32834827803.818165,55819736.88991543
2024-12-30 00:00:00 UTC,3349.927318947991,32408780547.19686,54082294.354694255
2024-12-31 00:00:00 UTC,3355.326994917581,32451508114.387703,86505833.20869873
2025-01-01 00:00:00 UTC,3335.3316169834156,32214147116.724037,70422668.84273626
2025-01-02 00:00:00 UTC,3348.6352203107585,32302715018.78538,29640947.900061782
2025-01-03 00:00:00 UTC,3446.26098882767,33249270417.15207,53470909.76389417
2025-01-04 00:00:00 UTC,3601.1247764045024,34753883914.77448,47824191.20589149
2025-01-05 00:00:00 UTC,3658.4006632186665,35260242919.670296,45123726.84074244
2025-01-06 00:00:00 UTC,3631.8506234284046,35004227920.938416,37763630.63175989
2025-01-07 00:00:00 UTC,3684.977141350485,35508850355.510445,47887357.65460263
2025-01-08 00:00:00 UTC,3376.9726104564634,32553457649.683346,67828810.09747489
2025-01-09 00:00:00 UTC,3323.9479334094794,32082040591.21738,57986396.3977838
2025-01-10 00:00:00 UTC,3217.8466927133004,30970552738.490128,66686084.18974577
2025-01-11 00:00:00 UTC,3266.904495981397,31440238332.764565,60089118.47364757
2025-01-12 00:00:00 UTC,3279.420875630935,31497630506.477604,27098445.451395325
2025-01-13 00:00:00 UTC,3263.516770538674,31355145135.330975,23758917.50458621
2025-01-14 00:00:00 UTC,3133.410124715645,30093210243.357426,127955467.94456832
2025-01-15 00:00:00 UTC,3220.6565681279426,30935675071.676594,59700960.798797704
2025-01-16 00:00:00 UTC,3445.0026328846666,33078203315.367935,39951546.44431217
2025-01-17 00:00:00 UTC,3305.6325977367237,31684615626.431545,60111973.27782023
2025-01-18 00:00:00 UTC,3473.485063660588,33384688080.5855,58377311.85988489
2025-01-19 00:00:00 UTC,3299.39790869378,31681314576.670452,145316123.58352455
2025-01-20 00:00:00 UTC,3209.785385263705,30738187157.203846,250150874.32994345
2025-01-21 00:00:00 UTC,3263.4026127627594,31154379220.149345,156532254.97314456
2025-01-22 00:00:00 UTC,3319.93048042932,31750701184.236805,127383599.43303628
2025-01-23 00:00:00 UTC,3233.4966795431183,30949512686.78412,115177398.37806876
2025-01-24 00:00:00 UTC,3330.794257736754,31825103111.751495,55872867.037464134
2025-01-25 00:00:00 UTC,3306.6110286424514,31605444817.51428,55185089.629830316
2025-01-26 00:00:00 UTC,3310.183212565046,31650001808.998543,57249294.72481435
2025-01-27 00:00:00 UTC,3229.1307485254483,30843765237.755077,33934333.02420267
2025-01-28 00:00:00 UTC,3169.256852216487,30242346742.042713,88171638.18357322
2025-01-29 00:00:00 UTC,3072.970762675948,29205022622.990517,107208812.68548292
2025-01-30 00:00:00 UTC,3112.8381084408397,29565436379.928642,57745913.99627866
2025-01-31 00:00:00 UTC,3245.28129502835,30807573555.892025,60677083.48936779
2025-02-01 00:00:00 UTC,3293.745782036962,31263171548.05059,65900289.03191651
2025-02-02 00:00:00 UTC,3119.9952944458632,29623170792.999203,45890115.16020742
2025-02-03 00:00:00 UTC,2854.6062199425364,27046213913.886227,94859232.03528492
2025-02-04 00:00:00 UTC,2869.4396825440467,27202530373.0393,934231726.179326
2025-02-05 00:00:00 UTC,2732.3074274583137,25823907354.56908,169605650.95957807
2025-02-06 00:00:00 UTC,2786.56487363223,26289358356.881622,102754967.0014788
2025-02-07 00:00:00 UTC,2682.3188636849036,25303789904.677258,63950567.69900399
2025-02-08 00:00:00 UTC,2617.353115576511,24673310904.26382,131445877.2138621
2025-02-09 00:00:00 UTC,2630.9868097719195,24803276788.587788,99837141.32039462
2025-02-10 00:00:00 UTC,2629.168768323585,24754595674.261623,103248065.2711859
2025-02-11 00:00:00 UTC,2656.5518232877007,24977436921.52044,50648890.06821762
2025-02-12 00:00:00 UTC,2600.645843134877,24457462436.269154,90971829.27209555
2025-02-13 00:00:00 UTC,2738.9918336069404,25718570151.86509,172279592.99347177
2025-02-14 00:00:00 UTC,2675.1979431206987,25147319383.116753,56680465.17634326
2025-02-15 00:00:00 UTC,2724.602909488817,25615727869.269615,68013206.28237356
2025-02-16 00:00:00 UTC,2691.9444569712487,25285640608.90183,26473041.694760963
2025-02-17 00:00:00 UTC,2661.4589802606715,25000604047.6771,31208753.89055954
2025-02-18 00:00:00 UTC,2740.408721698653,25740887371.479424,69641132.80777225
2025-02-19 00:00:00 UTC,2667.992311053779,25094593480.20614,78502208.23249975
2025-02-20 00:00:00 UTC,2717.248448471692,25556364255.892017,57714596.94916418
2025-02-21 00:00:00 UTC,2739.8879512043018,25804192507.233425,55190401.592883095
2025-02-22 00:00:00 UTC,2654.9042165269157,24981428380.189034,574372666.2149549
2025-02-23 00:00:00 UTC,2758.3670330156583,25982969755.517796,105692266.33716491
2025-02-24 00:00:00 UTC,2819.79554718565,26550376462.5425,31737358.710121177
2025-02-25 00:00:00 UTC,2504.2817711912394,23596860884.775894,111500218.91916524
2025-02-26 00:00:00 UTC,2495.9992643781347,23499159843.598167,192444442.2421741
2025-02-27 00:00:00 UTC,2326.3512018862375,21865372060.64544,111465176.60421525
2025-02-28 00:00:00 UTC,2302.0837242504417,21624764225.07515,50489461.59901301
2025-03-01 00:00:00 UTC,2230.6125724551644,20951570465.976166,268444796.1928031
2025-03-02 00:00:00 UTC,2213.6153485415616,20846645497.09552,90980160.87050828
2025-03-03 00:00:00 UTC,2511.696755730195,23625846583.25322,76073699.06169881
2025-03-04 00:00:00 UTC,2145.918896094175,20160738081.311474,107585043.99179411
2025-03-05 00:00:00 UTC,2167.25678204526,20352378369.15002,151441768.20346335
2025-03-06 00:00:00 UTC,2240.698534213216,21042264514.431847,74796296.00691949
2025-03-07 00:00:00 UTC,2203.3442577826104,20658485910.403553,84103616.48339356
2025-03-08 00:00:00 UTC,2137.934029421359,19980594571.65333,85566929.97647156
2025-03-09 00:00:00 UTC,2199.2240608520515,20544799383.71989,40429725.80809959
2025-03-10 00:00:00 UTC,2014.1134663488242,18833721650.43323,61591002.352237694
2025-03-11 00:00:00 UTC,1872.889837188395,17573157568.929234,242198567.86495182
2025-03-12 00:00:00 UTC,1918.467725400197,17948181708.09924,183001283.99136898
2025-03-13 00:00:00 UTC,1908.0385872594707,17830518306.492805,136523058.44951686
2025-03-14 00:00:00 UTC,1861.4463828556704,17378901735.513382,65010860.37234711
2025-03-15 00:00:00 UTC,1907.1943283552382,17818506369.824547,20704964.27403099
2025-03-16 00:00:00 UTC,1938.2488320258756,18071110458.225533,19624696.765071183
2025-03-17 00:00:00 UTC,1886.368224764909,17564332341.460365,14609615.433140583
2025-03-18 00:00:00 UTC,1928.1587021638932,17940997237.321465,21405598.768168908
2025-03-19 00:00:00 UTC,1931.1847703055807,18021748481.50064,46476428.64115341
2025-03-20 00:00:00 UTC,2055.6098037153824,19197286466.276394,76118768.24205878
2025-03-21 00:00:00 UTC,1979.0260558467407,18473806993.906822,13683165.483551739
2025-03-22 00:00:00 UTC,1962.4107702652136,18337084626.83428,12060012.797236236
2025-03-23 00:00:00 UTC,1977.6805666526802,18471573379.68212,3091814.196891776
2025-03-24 00:00:00 UTC,2002.1029793396565,18678189277.794266,16255875.928851387
2025-03-25 00:00:00 UTC,2075.513590219406,19362106252.94734,17673174.754598875
2025-03-26 00:00:00 UTC,2067.607905107557,19328163319.370987,11155591.578601418
2025-03-27 00:00:00 UTC,2005.8190953021588,18762054253.484917,9306551.970810365
2025-03-28 00:00:00 UTC,2000.4163561927844,18744657906.133915,20175923.587590985
2025-03-29 00:00:00 UTC,1896.3516574339912,17746236224.60517,18917174.958504062
2025-03-30 00:00:00 UTC,1827.6756447245405,17128359627.46469,12756649.125937033
2025-03-31 00:00:00 UTC,1803.467065662741,16885963800.833118,13412958.371348873
2025-04-01 00:00:00 UTC,1824.1693308158074,17106061493.347483,16061984.204012282
2025-04-02 00:00:00 UTC,1906.666517929216,17880481276.16749,23250314.337119274
2025-04-03 00:00:00 UTC,1795.5839873559087,16830989486.700047,18024279.84553631
2025-04-04 00:00:00 UTC,1816.4421317277643,17027892571.403357,20607176.175726615
2025-04-05 00:00:00 UTC,1812.4454323761547,16999603379.382027,17983358.813605204
2025-04-06 00:00:00 UTC,1807.8231260045177,16905511404.430752,14664675.259290043
2025-04-07 00:00:00 UTC,1570.628060030283,14687051228.167461,63240213.42126108
2025-04-08 00:00:00 UTC,1552.8068442521849,14718603591.370329,286244816.67381024
2025-04-09 00:00:00 UTC,1469.4726248343811,13774980169.468811,48899575.53119541
2025-04-10 00:00:00 UTC,1660.9568341139804,15547811668.36949,92189067.63933165
2025-04-11 00:00:00 UTC,1521.3219709269504,14297910166.186274,53877916.578646824
2025-04-12 00:00:00 UTC,1567.0953475286146,14683122074.613142,37208225.27668877
2025-04-13 00:00:00 UTC,1646.0506506881852,15355356315.152258,19553819.167772204
2025-04-14 00:00:00 UTC,1594.5775617184736,14840898549.719515,20685416.104106825
2025-04-15 00:00:00 UTC,1618.7811035598259,15067457017.326649,30060415.09065685
2025-04-16 00:00:00 UTC,1586.1102853995635,14749474296.37296,11711168.837002756
2025-04-17 00:00:00 UTC,1575.743238550785,14651516437.920006,31050492.994616985
2025-04-18 00:00:00 UTC,1582.2243001393942,14705708536.077984,23254006.87561137
2025-04-19 00:00:00 UTC,1587.9060230835237,14749331171.76026,10856130.432344032
2025-04-20 00:00:00 UTC,1614.1350856649522,14979083193.316025,20389280.239750084
2025-04-21 00:00:00 UTC,1584.6922535550616,14694575331.308449,23165947.968220815
2025-04-22 00:00:00 UTC,1576.21356799729,14602553864.418718,27877019.25664835
2025-04-23 00:00:00 UTC,1758.0513801659868,16288031576.820436,44955926.01073825
2025-04-24 00:00:00 UTC,1792.3939544096772,16579900603.94141,139830792.27028695
2025-04-25 00:00:00 UTC,1766.7160728119534,16341806049.49059,18916414.039380617
2025-04-26 00:00:00 UTC,1786.3596807033234,16517847154.443052,28767644.485183343
2025-04-27 00:00:00 UTC,1819.2179831198541,16810110665.328236,19704233.659489837
2025-04-28 00:00:00 UTC,1791.6589190276334,16547570999.552544,20420939.603527464
2025-04-29 00:00:00 UTC,1797.0736672540233,16601333888.850552,24487319.612000756
2025-04-30 00:00:00 UTC,1793.5737767021747,16568334456.628693,18127639.531707082
2025-05-01 00:00:00 UTC,1792.4492449518705,16555801408.242336,14927402.34209969
2025-05-02 00:00:00 UTC,1836.992184691778,16892846841.081358,14729724.369999899
2025-05-03 00:00:00 UTC,1840.3706050950302,16915096521.666143,18156240.525396414
2025-05-04 00:00:00 UTC,1834.033155848157,16858669119.958609,5125402.036185644
2025-05-05 00:00:00 UTC,1807.2970029728335,16589279746.133394,7274850.574587744
2025-05-06 00:00:00 UTC,1817.4115442564166,16703486790.755903,11047826.185455615
2025-05-07 00:00:00 UTC,1813.839626357368,16637011591.287483,14666944.757669795
2025-05-08 00:00:00 UTC,1809.8281477544924,16605238449.909645,13959893.232528258
2025-05-09 00:00:00 UTC,2194.6015884034787,20115221538.63288,76608104.27998365
2025-05-10 00:00:00 UTC,2335.130280023862,21418171284.583977,138041579.5419336
2025-05-11 00:00:00 UTC,2585.045083636902,23638666831.83732,53993251.69355132
2025-05-12 00:00:00 UTC,2502.398569080808,22864097960.49111,40512076.716520764
2025-05-13 00:00:00 UTC,2489.6543634571676,22759714609.006325,42818935.65305937
2025-05-14 00:00:00 UTC,2673.7403420445,24397797008.588764,54145522.28208797
2025-05-15 00:00:00 UTC,2597.993702301132,23720570776.58364,23393881.355841227
2025-05-16 00:00:00 UTC,2538.2816868204886,23128255573.157078,25970931.431657296
2025-05-17 00:00:00 UTC,2554.552849340254,23313652052.359123,16095048.548898146
2025-05-18 00:00:00 UTC,2473.139033523277,22562591105.392654,12947213.296565432
2025-05-19 00:00:00 UTC,2466.2164541724906,22371404720.809776,21398186.569744013
2025-05-20 00:00:00 UTC,2526.08176826058,22938906615.25317,46288415.98911253
2025-05-21 00:00:00 UTC,2521.951329144544,22749479056.66441,18124449.47321557
2025-05-22 00:00:00 UTC,2556.690359933838,23083769888.98769,41197736.02146794
2025-05-23 00:00:00 UTC,2652.5850107340843,23929556366.766724,26892206.916674003
2025-05-24 00:00:00 UTC,2518.0805701258555,22683302266.83313,42973216.50333517
2025-05-25 00:00:00 UTC,2524.5757424112603,22721322972.20372,23461497.8758843
2025-05-26 00:00:00 UTC,2542.272840987695,22877581320.886696,13622623.81036753
2025-05-27 00:00:00 UTC,2559.5627148185645,23030266466.22789,10390164.802060582
2025-05-28 00:00:00 UTC,2657.192235999288,23907749217.196438,22873202.852863714
2025-05-29 00:00:00 UTC,2674.039409035104,24051056775.97585,12093772.082032353
2025-05-30 00:00:00 UTC,2629.928967788396,23619332782.730286,34633787.30277593
2025-05-31 00:00:00 UTC,2522.6655873472946,22635475151.6622,29048964.24648025
2025-06-01 00:00:00 UTC,2531.327454254195,22719776380.531147,13033408.250500215
2025-06-02 00:00:00 UTC,2535.4321020002376,22754322521.861053,14067070.880290423
2025-06-03 00:00:00 UTC,2606.5590570029576,23401796041.800716,12021594.62900973
2025-06-04 00:00:00 UTC,2589.8340647729033,23237528587.270702,17747507.624135632
2025-06-05 00:00:00 UTC,2608.5498551517744,23384901331.32349,15390789.375514533
2025-06-06 00:00:00 UTC,2421.8469286839127,21737770978.08436,23075107.97648144
2025-06-07 00:00:00 UTC,2480.5864799611154,22212013509.023678,12248600.365003452
2025-06-08 00:00:00 UTC,2525.3066610632004,22653051249.05398,7376366.347250209
2025-06-09 00:00:00 UTC,2507.964625426172,22495968728.220375,7214731.730175361
2025-06-10 00:00:00 UTC,2681.5430405918632,24130810842.441936,12737430.648280453
2025-06-11 00:00:00 UTC,2808.3505353442188,25333896575.009247,39274067.10931672
2025-06-12 00:00:00 UTC,2774.895957145206,25104015612.102512,18718305.25478806
2025-06-13 00:00:00 UTC,2651.6988317413966,24041371290.98607,15795206.943146676
2025-06-14 00:00:00 UTC,2575.8924321901463,23398595760.535187,27958844.46705449
2025-06-15 00:00:00 UTC,2532.695451520613,23027631984.76867,20492846.570087332
2025-06-16 00:00:00 UTC,2546.1386313378384,23149641602.298954,8581967.209999902
2025-06-17 00:00:00 UTC,2556.909391253933,23308998631.476765,15707341.340941934
2025-06-18 00:00:00 UTC,2514.692388884717,22926057102.993828,16321662.30218965
2025-06-19 00:00:00 UTC,2519.811657542893,22964275055.725178,11159547.885277243
2025-06-20 00:00:00 UTC,2522.1703087677733,23017824336.25508,6508221.829060909
2025-06-21 00:00:00 UTC,2405.7090197056455,22023856965.334267,13552129.429365957
2025-06-22 00:00:00 UTC,2278.217032046599,20751305572.380474,16016827.987475825
2025-06-23 00:00:00 UTC,2225.398575008448,20360856079.3563,31406520.05617743
2025-06-24 00:00:00 UTC,2421.678527476904,22195298891.202724,27943591.70314476
2025-06-25 00:00:00 UTC,2445.0681921728424,22391714107.4496,22927998.760554753
2025-06-26 00:00:00 UTC,2416.678273580911,22101467419.30721,13342529.254724352
2025-06-27 00:00:00 UTC,2413.8272905740973,22013121472.67317,54989716.77003593
2025-06-28 00:00:00 UTC,2421.0402350845934,22043389777.394585,11395942.435978752
2025-06-29 00:00:00 UTC,2435.5345228552565,22175692498.108105,9292486.964801785
2025-06-30 00:00:00 UTC,2502.5933026974553,22771902239.66044,54070544.103217535
2025-07-01 00:00:00 UTC,2487.9975072414745,22626062171.113075,14818375.150204733
2025-07-02 00:00:00 UTC,2403.923803262989,21868510065.87176,8435303.38341774
2025-07-03 00:00:00 UTC,2570.612270543077,23391648812.03565,67479680.44975713
2025-07-04 00:00:00 UTC,2588.6459948544048,23553871151.458702,15005251.988834782
2025-07-05 00:00:00 UTC,2506.8995902293786,22807318446.163185,15130185.335445013
2025-07-06 00:00:00 UTC,2517.0012448231723,22906384575.65141,2955646.449532036
2025-07-07 00:00:00 UTC,2570.6838634326655,23384264782.891586,7897221.691258602
2025-07-08 00:00:00 UTC,2543.51613923689,23206396196.02893,9925304.213217083
2025-07-09 00:00:00 UTC,2614.3944032574345,23860973664.630814,28317913.262142193
2025-07-10 00:00:00 UTC,2768.312953750444,25302382838.714478,41997567.459737025
2025-07-11 00:00:00 UTC,2951.229664830037,26890154188.7003,47788315.51043717
2025-07-12 00:00:00 UTC,2956.8626306631663,26989226368.372112,102680841.10008699
2025-07-13 00:00:00 UTC,2943.109099911859,26862330676.075436,30072703.425904047
2025-07-14 00:00:00 UTC,2976.8465913357895,27171870807.965355,24303087.163984157
2025-07-15 00:00:00 UTC,3011.2834862251443,27488708661.579483,29422729.151640292
2025-07-16 00:00:00 UTC,3130.813310628091,28541551431.609985,31380039.66397654
2025-07-17 00:00:00 UTC,3364.7882547450536,30657483619.55688,111628638.20122759
2025-07-18 00:00:00 UTC,3472.7912668559993,31646263623.05517,178583354.79037192
2025-07-19 00:00:00 UTC,3540.9560899286794,32214532464.17619,196812471.39563358
2025-07-20 00:00:00 UTC,3586.7269485388074,32669593004.129803,55338400.55829516
2025-07-21 00:00:00 UTC,3750.06712783849,34146927379.57597,141410941.65169778
2025-07-22 00:00:00 UTC,3750.440809685372,34156972216.37083,116367834.7170022
2025-07-23 00:00:00 UTC,3731.398715503805,33993384171.4001,186663848.0319434
2025-07-24 00:00:00 UTC,3619.3017500459873,32938403790.749794,105503720.94958799
2025-07-25 00:00:00 UTC,3700.719079091337,33468306705.508026,194863077.0094226
2025-07-26 00:00:00 UTC,3721.433030594186,33503473951.39846,113784228.37392572
2025-07-27 00:00:00 UTC,3750.747871124506,33795723307.259827,50858689.5568378
2025-07-28 00:00:00 UTC,3871.9975139677417,34690861889.83639,61306246.922179975
2025-07-29 00:00:00 UTC,3786.5833741105776,34013255255.171265,76182252.71272972
2025-07-30 00:00:00 UTC,3783.7913697427016,33932380032.49596,86723685.00206162
2025-07-31 00:00:00 UTC,3803.385593768374,34110670309.787212,88707858.05918255
2025-08-01 00:00:00 UTC,3693.4939353108334,33086322550.598007,43944655.543278396
2025-08-02 00:00:00 UTC,3480.1676335068164,31201781927.83936,95875115.43888286
2025-08-03 00:00:00 UTC,3387.6801569635722,30403716822.2199,61259090.35869142
2025-08-04 00:00:00 UTC,3490.943612265683,31109954347.316845,49237967.039218195
2025-08-05 00:00:00 UTC,3713.6153814187546,32964908859.1933,61021494.40650728
2025-08-06 00:00:00 UTC,3606.6443708581546,32088502046.3497,38441054.00941916
2025-08-07 00:00:00 UTC,3678.2440168803246,32693211160.222557,42882994.84247209
2025-08-08 00:00:00 UTC,3905.274305139093,34677141392.34519,96381513.75966711
2025-08-09 00:00:00 UTC,4005.675307212129,35556179338.47128,138075000.37560034
2025-08-10 00:00:00 UTC,4263.222703851318,37764906406.09093,147672502.87150124
2025-08-11 00:00:00 UTC,4244.696759852396,37633969862.32961,59912889.223965116
2025-08-12 00:00:00 UTC,4222.079361154044,37482626847.65736,137132400.66314337
2025-08-13 00:00:00 UTC,4581.463197322342,40598951548.36799,159254501.12262568
2025-08-14 00:00:00 UTC,4753.64928146381,42060108405.62949,198062935.54114956
2025-08-15 00:00:00 UTC,4546.565700283939,40302794136.69324,160652087.3150885
2025-08-16 00:00:00 UTC,4418.3037767839605,39023734945.34366,65948148.70077012
2025-08-17 00:00:00 UTC,4414.133652707055,39015421718.74318,61691107.36527982
2025-08-18 00:00:00 UTC,4480.764614172868,39576032378.40643,46544071.40076
2025-08-19 00:00:00 UTC,4306.867740256977,38000161574.367836,86367989.13611044
2025-08-20 00:00:00 UTC,4066.167480897343,35962870508.995056,65943131.28660103
2025-08-21 00:00:00 UTC,4318.604323244501,38129202903.844475,39529118.402268745
2025-08-22 00:00:00 UTC,4213.97303988231,37169302518.52945,32324187.971677158
2025-08-23 00:00:00 UTC,4811.362784592771,42274339219.12207,106056253.08438478
2025-08-24 00:00:00 UTC,4761.178734347495,41718041459.92924,44535144.96811033
2025-08-25 00:00:00 UTC,4767.977022425808,41893930512.2154,61659164.96192207
2025-08-26 00:00:00 UTC,4369.336562225555,38282362252.50102,51601350.51647391
2025-08-27 00:00:00 UTC,4588.196515428631,40141767366.795,100038264.2032648
2025-08-28 00:00:00 UTC,4490.998342086438,39290261906.59135,86842499.62000489
2025-08-29 00:00:00 UTC,4492.090338903166,39292713915.669556,37446127.460921295
2025-08-30 00:00:00 UTC,4354.4031338003115,38108614822.51322,54867809.967575625
2025-08-31 00:00:00 UTC,4361.236546794974,38227995872.183815,22261834.994798522
2025-09-01 00:00:00 UTC,4378.208007451222,38247619462.89723,34871378.531568
2025-09-02 00:00:00 UTC,4295.814708609883,37404543052.47451,46243148.93272388
2025-09-03 00:00:00 UTC,4314.455379980196,37471911771.11103,75128781.26111345
2025-09-04 00:00:00 UTC,4439.6347802419605,38528788803.95771,46855174.621067695
2025-09-05 00:00:00 UTC,4297.314014754938,37315482275.964584,73308553.79039752
2025-09-06 00:00:00 UTC,4297.646328198017,37292871439.38392,71912782.31517223
2025-09-07 00:00:00 UTC,4267.139999745778,37017019669.19762,48517763.46801027
2025-09-08 00:00:00 UTC,4300.448573970001,37356965578.986565,29961906.730012573
2025-09-09 00:00:00 UTC,4303.035812099703,37273215583.127914,51799837.10057306
2025-09-10 00:00:00 UTC,4305.430768155236,37318005756.64092,72932981.01106565
2025-09-11 00:00:00 UTC,4343.491045724199,37510360286.42396,75875240.2915056
2025-09-12 00:00:00 UTC,4451.713772210853,38382478636.65756,64441056.384591594
2025-09-13 00:00:00 UTC,4700.877987954868,40489443169.30674,46839773.30625829
2025-09-14 00:00:00 UTC,4656.642521272055,40075789738.76199,58415853.22971334
2025-09-15 00:00:00 UTC,4599.8613766084245,39604494583.36396,61985111.276295796
2025-09-16 00:00:00 UTC,4521.064345556367,38889391149.70285,132557669.58637622
2025-09-17 00:00:00 UTC,4497.674181884095,38701615491.12625,33177131.706891596
2025-09-18 00:00:00 UTC,4585.245808912116,39497912784.86359,62864147.78568814
2025-09-19 00:00:00 UTC,4586.224969190907,39465473691.34696,51451400.413392045
2025-09-20 00:00:00 UTC,4464.056132109806,38272501162.66008,43266335.35420601
2025-09-21 00:00:00 UTC,4476.927079833361,38289611204.46612,20699189.22682992
2025-09-22 00:00:00 UTC,4448.9954656560185,38041365154.61096,20536689.678594973
2025-09-23 00:00:00 UTC,4196.683949777127,35886017924.40585,62714881.71775736
2025-09-24 00:00:00 UTC,4164.89798089215,35568871151.07975,32845302.222834677
2025-09-25 00:00:00 UTC,4148.863596596992,35397833830.43387,49415865.84869482
2025-09-26 00:00:00 UTC,3861.872725300059,33013755202.607197,88902960.72712421
2025-09-27 00:00:00 UTC,4030.704711286168,35030108558.61464,67803134.55701868
2025-09-28 00:00:00 UTC,4017.509533410212,34422578417.66245,33388177.363980334
2025-09-29 00:00:00 UTC,4137.926006937456,35364157150.26421,24515176.84998105
2025-09-30 00:00:00 UTC,4215.875536987699,36031497383.24388,30135893.664281815
2025-10-01 00:00:00 UTC,4143.388647278256,35351535305.44853,26001469.463710774
2025-10-02 00:00:00 UTC,4340.307975170317,37009906438.18923,46262210.616998054
2025-10-03 00:00:00 UTC,4482.739772995008,38156800641.64533,38423384.371750936
2025-10-04 00:00:00 UTC,4514.949573347732,38501058108.35813,49411865.23295221
2025-10-05 00:00:00 UTC,4485.360991111156,38245732820.134315,13027873.043847175
2025-10-06 00:00:00 UTC,4512.908936684892,38486717748.430756,30034308.126787767
2025-10-07 00:00:00 UTC,4687.638687846627,39968694028.00808,42745483.58272633
2025-10-08 00:00:00 UTC,4451.6669577978155,37912725520.29117,62281993.04178639
2025-10-09 00:00:00 UTC,4525.752378115462,38581049056.429955,40867684.89484589
2025-10-10 00:00:00 UTC,4366.739672998004,37128152852.97249,47347703.5435657
2025-10-11 00:00:00 UTC,3846.957280201602,32747672709.42002,137311295.07977256
2025-10-12 00:00:00 UTC,3746.459982127548,31834437864.76701,71399108.29503956
2025-10-13 00:00:00 UTC,4155.389213623312,35302033412.15115,104418541.57678422
2025-10-14 00:00:00 UTC,4243.205059205268,36024079442.90267,80201717.57140289
2025-10-15 00:00:00 UTC,4126.491962447119,35054185263.60919,103170548.2590388
2025-10-16 00:00:00 UTC,3981.6274913619104,33812972150.923523,68560338.88132823
2025-10-17 00:00:00 UTC,3887.0778605397527,32996291093.063725,87275984.80866702
2025-10-18 00:00:00 UTC,3828.576519568418,32527056117.62545,84901942.63860127
2025-10-19 00:00:00 UTC,3885.7983899028804,32982945162.839077,28191435.40581148
2025-10-20 00:00:00 UTC,3981.494469989308,33790145215.293076,36866877.73267301
2025-10-21 00:00:00 UTC,3975.2687889052504,33786778816.38706,53811959.16433719
2025-10-22 00:00:00 UTC,3872.9333917741583,32855684571.733723,94222963.34768738
2025-10-23 00:00:00 UTC,3799.8523215579075,32260268257.964832,87778049.79024869
2025-10-24 00:00:00 UTC,3856.7658053758514,32728326797.140434,66613415.27432111
2025-10-25 00:00:00 UTC,3932.619856532525,33792605334.412983,76982175.00845203
2025-10-26 00:00:00 UTC,3951.0777256029296,33943659270.76968,18863141.482622333
2025-10-27 00:00:00 UTC,4162.578293989056,35795368754.93414,35083970.84590727
2025-10-28 00:00:00 UTC,4121.272614823086,35397411749.13471,58344462.20521434
2025-10-29 00:00:00 UTC,3982.8444631085495,34220452136.518578,54196887.109072804
2025-10-30 00:00:00 UTC,3895.744335885375,33453853811.531708,60506073.73027533
2025-10-31 00:00:00 UTC,3795.8676207121034,32603711061.997334,63353503.7846079
2025-11-01 00:00:00 UTC,3846.323684634482,33062352125.99002,43012070.35535013
2025-11-02 00:00:00 UTC,3871.5106658048294,33245368666.72137,18144556.267876875
2025-11-03 00:00:00 UTC,3910.6585128316588,33572397072.253708,16733007.682958325
2025-11-04 00:00:00 UTC,3597.2009069922756,30882468597.84449,83000795.34080498
2025-11-05 00:00:00 UTC,3290.728852391987,28242700907.94746,160106914.79535693
2025-11-06 00:00:00 UTC,3437.9373637822155,29792100834.537556,132176920.22411129
2025-11-07 00:00:00 UTC,3304.946680207362,28567932007.016,94168113.00095414
2025-11-08 00:00:00 UTC,3432.0220889596026,29632079632.90989,100985468.74732469
2025-11-09 00:00:00 UTC,3399.463224859748,29369291686.796787,30140653.568136286
2025-11-10 00:00:00 UTC,3573.964020568485,30810131065.105797,45613005.84326517
2025-11-11 00:00:00 UTC,3562.4105113968403,30821974494.53868,46906744.158353776
2025-11-12 00:00:00 UTC,3411.9692362361698,29483771754.79544,68767968.25204976
2025-11-13 00:00:00 UTC,3409.0022082949135,29420790622.0567,76477590.45799197
2025-11-14 00:00:00 UTC,3234.512348440938,27978540509.032833,82417180.01672848
2025-11-15 00:00:00 UTC,3105.7296224436022,26885876633.482758,86590466.25160918
2025-11-16 00:00:00 UTC,3168.1420555049563,27409789995.007942,102279267.60079429
2025-11-17 00:00:00 UTC,3094.375975292188,26717718541.35109,43984072.50291405
2025-11-18 00:00:00 UTC,3018.6309293684803,26058691311.153645,85176593.35491931
2025-11-19 00:00:00 UTC,3115.169732834257,26877588211.076023,62854151.59145691
2025-11-20 00:00:00 UTC,3015.8796454945978,26001794056.402813,43803610.768821955
2025-11-21 00:00:00 UTC,2831.839389212437,24443665460.161095,43619007.430208325
2025-11-22 00:00:00 UTC,2763.8717200705205,23851351161.14296,106074508.87400152
2025-11-23 00:00:00 UTC,2766.091934342302,23892810879.63142,42202929.62594559
2025-11-24 00:00:00 UTC,2798.9343480808907,24187294743.501423,33440657.029170502
2025-11-25 00:00:00 UTC,2953.175340191897,25508144376.950718,39060832.21683418
2025-11-26 00:00:00 UTC,2952.211578428153,25522445892.249115,37980491.55280555
2025-11-27 00:00:00 UTC,3026.3019185455364,26086776377.27788,33860056.537892014
2025-11-28 00:00:00 UTC,3012.9697771515644,26011449621.123894,25931309.023408573
2025-11-29 00:00:00 UTC,3030.9103641218007,26178611201.853527,71661036.76717065
2025-11-30 00:00:00 UTC,2991.679872410217,25823421764.249916,24964505.58411065
2025-12-01 00:00:00 UTC,2995.5264207779314,25870921594.86734,17793518.35624776
2025-12-02 00:00:00 UTC,2799.866057476255,24270511879.361725,84253584.9950794
2025-12-03 00:00:00 UTC,2996.746972974292,25912448733.0407,26118399.50704337
2025-12-04 00:00:00 UTC,3193.4739218360514,27604723476.750854,29331316.553468548
2025-12-05 00:00:00 UTC,3132.816994727009,27110288085.005363,36174242.43086966
2025-12-06 00:00:00 UTC,3021.4181691026693,26161225801.823708,57214996.04880564
2025-12-07 00:00:00 UTC,3038.383392529439,26335039015.314148,20790630.42526245
2025-12-08 00:00:00 UTC,3056.0714603520614,26450710775.39807,26982069.95594557
2025-12-09 00:00:00 UTC,3125.4102991542445,27188170220.78789,30529594.441499155
2025-12-10 00:00:00 UTC,3323.2073596498153,29002573731.07578,50840772.764482066
2025-12-11 00:00:00 UTC,3325.7969421659323,29030306504.927017,39362141.90646682
2025-12-12 00:00:00 UTC,3236.0784618634902,28357861069.854908,32202235.500954233
2025-12-13 00:00:00 UTC,3086.007940206954,27022444489.56723,27880809.24194006
2025-12-14 00:00:00 UTC,3115.077136360557,27287131489.933666,19840248.795818992
2025-12-15 00:00:00 UTC,3066.277274900826,26824009142.28612,17924613.590018105
2025-12-16 00:00:00 UTC,2962.233599161076,25966198053.10932,44099146.50736632
2025-12-17 00:00:00 UTC,2961.929139223978,25938073528.751595,41140277.9589808
2025-12-18 00:00:00 UTC,2828.244789941931,24784659215.13608,30995570.431656525
2025-12-19 00:00:00 UTC,2826.4479496604336,24788963242.838634,91067136.42567916
2025-12-20 00:00:00 UTC,2978.308228065065,26123360261.26613,27522270.06599722
2025-12-21 00:00:00 UTC,2974.6382386657733,26069442815.801533,14337032.072002837
2025-12-22 00:00:00 UTC,3001.8237125939404,26324431759.447517,17990147.837182116
2025-12-23 00:00:00 UTC,3004.848056319551,26405390517.93284,103414449.21436726
2025-12-24 00:00:00 UTC,2964.8992355540495,26066994175.466976,34678867.752946645
2025-12-25 00:00:00 UTC,2946.10948044883,25886074757.25169,18867313.914684966
2025-12-26 00:00:00 UTC,2903.0139063646993,25449642385.346745,16442596.064526184
2025-12-27 00:00:00 UTC,2925.7467137220024,25686689465.154934,24438204.973601155
2025-12-28 00:00:00 UTC,2948.0208467492857,25868157681.23977,11682290.13535626
2025-12-29 00:00:00 UTC,2946.4354064915037,25913680716.477406,11628428.11650089
2025-12-30 00:00:00 UTC,2933.4564071083337,25796265562.069492,28716129.04207011
2025-12-31 00:00:00 UTC,2968.2653664758172,26127276744.53941,15630253.810131177
2026-01-01 00:00:00 UTC,2965.3677582616856,26152632752.457253,18311731.647317372
2026-01-02 00:00:00 UTC,2999.0845896823885,26455764290.950943,11052005.719674662
2026-01-03 00:00:00 UTC,3119.1208513670717,27597275960.672462,19489477.88873191
2026-01-04 00:00:00 UTC,3124.43256148194,27631555679.610092,14831815.238006962
2026-01-05 00:00:00 UTC,3137.5489751671744,27766451668.583305,14021336.430643536
2026-01-06 00:00:00 UTC,3227.697956473098,28621558706.950943,19143091.803533427
2026-01-07 00:00:00 UTC,3295.3765400240277,29229142011.62787,26428780.47136465
2026-01-08 00:00:00 UTC,3164.832412470046,28050372805.845806,28341671.267505072
2026-01-09 00:00:00 UTC,3103.70969111043,27599631252.16703,22338743.26195468
2026-01-10 00:00:00 UTC,3083.391931808046,27467494100.18268,20345423.502516337
2026-01-11 00:00:00 UTC,3083.0174326077054,27487014915.769108,6004745.705440577
2026-01-12 00:00:00 UTC,3116.6795940682105,27780263979.80854,11105469.077248888
2026-01-13 00:00:00 UTC,3090.579443079699,27588960825.97046,25966238.49816544
2026-01-14 00:00:00 UTC,3320.592203015443,29630846346.999077,26468611.98210879
2026-01-15 00:00:00 UTC,3356.43135201024,29976677355.62226,44332971.139676094
2026-01-16 00:00:00 UTC,3317.397569420975,29684544159.825253,29572349.760937955
2026-01-17 00:00:00 UTC,3295.563022154327,29507473790.24805,71035388.22953527
2026-01-18 00:00:00 UTC,3307.73645131058,29722583913.40231,10452401.644813133
2026-01-19 00:00:00 UTC,3283.0148936820774,29566199537.41729,11583290.58598532
2026-01-20 00:00:00 UTC,3185.631212153097,29007492626.271507,48056195.03523831
2026-01-21 00:00:00 UTC,2935.0766884945792,26964132032.807285,25824693.47748335
2026-01-22 00:00:00 UTC,2977.447954736977,27474234626.12943,21096131.849041462
2026-01-23 00:00:00 UTC,2947.6630446693352,27481205831.2351,18333128.062347155
2026-01-24 00:00:00 UTC,2950.8238293683908,27626632409.203884,24708789.247638546
2026-01-25 00:00:00 UTC,2951.745374917445,27633976255.79735,9857642.534398487
2026-01-26 00:00:00 UTC,2814.687984544045,26508731351.369373,19444876.42318463
2026-01-27 00:00:00 UTC,2929.1587122250035,27624914076.387657,35653108.43425068
2026-01-28 00:00:00 UTC,3020.1824541225064,28634888054.34993,38871095.30480128
2026-01-29 00:00:00 UTC,3006.503588741928,28570400197.659966,28407463.920398574
2026-01-30 00:00:00 UTC,2818.9937007056337,26991275241.99397,29256949.58091052
2026-01-31 00:00:00 UTC,2702.401574246333,25937941989.524345,39347387.44989734
2026-02-01 00:00:00 UTC,2443.9424337979945,23468334603.946976,124443040.09531763
2026-02-02 00:00:00 UTC,2271.014199354296,21782849281.16432,69862610.71774173
2026-02-03 00:00:00 UTC,2344.8844619228253,22455339855.802376,103264813.3950251
2026-02-04 00:00:00 UTC,2226.2982533248064,21332825694.961845,71784107.63614245
2026-02-05 00:00:00 UTC,2149.845474060192,20630262721.784195,73930520.07968533
2026-02-06 00:00:00 UTC,1824.278041878764,17623279663.794567,151372831.50448072
2026-02-07 00:00:00 UTC,2057.910284757233,19718697812.609333,169966782.92195
2026-02-08 00:00:00 UTC,2089.602628666326,19997140829.8252,102819492.57226983
2026-02-09 00:00:00 UTC,2093.367499631906,20032417765.395695,26631073.552006733
2026-02-10 00:00:00 UTC,2101.497953683334,20080113630.574913,39675093.23198663
2026-02-11 00:00:00 UTC,2017.02024411007,19361379847.683193,35510139.14740327
2026-02-12 00:00:00 UTC,1938.6224537557473,18528151110.64388,46972009.68896911
2026-02-13 00:00:00 UTC,1944.8870476553618,18570160522.072105,30135866.24549048
2026-02-14 00:00:00 UTC,2045.6341607317486,19544144858.740055,40404688.34005257
2026-02-15 00:00:00 UTC,2084.8899310975557,19862843963.292564,27446070.386329066
2026-02-16 00:00:00 UTC,1963.6859391139824,18629261713.492374,43467552.789913096
2026-02-17 00:00:00 UTC,1999.5515468380077,18947181099.256275,30831234.31924846
2026-02-18 00:00:00 UTC,1990.8269731870762,18844712515.136936,53775734.86873039
2026-02-19 00:00:00 UTC,1951.8963603553475,18488138346.49614,31308634.62008372
2026-02-20 00:00:00 UTC,1946.2890554915086,18425340243.23182,32137222.470633846
2026-02-21 00:00:00 UTC,1965.2059363544522,18600137514.255035,39506169.27242364
2026-02-22 00:00:00 UTC,1971.373754102834,18666656864.89752,17801892.13925291
2026-02-23 00:00:00 UTC,1951.8394357601076,18469743370.364677,31778811.40253578
2026-02-24 00:00:00 UTC,1851.765075791329,17496555095.825188,53827193.41923314
2026-02-25 00:00:00 UTC,1850.8814915170665,17473624804.756947,36775965.00450865
2026-02-26 00:00:00 UTC,2050.4633142039615,19345019997.39139,36331770.84192503
2026-02-27 00:00:00 UTC,2025.1357158469982,19088706961.72826,26791140.257799093
2026-02-28 00:00:00 UTC,1929.4477235097695,18175381193.81838,30611427.01670218
2026-03-01 00:00:00 UTC,1963.6595633912284,18513923892.936413,33129894.569064643
2026-03-02 00:00:00 UTC,1936.84275868696,18272841982.011333,34145266.51624598
2026-03-03 00:00:00 UTC,2028.6218079084665,19108419222.212826,32939703.381657887
2026-03-04 00:00:00 UTC,1984.0024184220742,18531632155.033955,35479901.64878134
2026-03-05 00:00:00 UTC,2124.7599776935435,19716848619.497906,63083829.62562441
2026-03-06 00:00:00 UTC,2073.5998967582173,19177297990.05893,36221716.03700212
2026-03-07 00:00:00 UTC,1980.3424407613,18293485113.172832,45182173.336371124
2026-03-08 00:00:00 UTC,1969.7131252212446,18184004991.783047,22333888.884232324
2026-03-09 00:00:00 UTC,1939.8416897261773,17922532054.131886,24350599.20159807
2026-03-10 00:00:00 UTC,1992.80404600141,18398407792.434982,28960987.452537324
2026-03-11 00:00:00 UTC,2035.0367100761032,18789676648.171505,47618425.799333036
2026-03-12 00:00:00 UTC,2051.532429730925,18916587511.040794,25531591.644778445
2026-03-13 00:00:00 UTC,2076.4134944643783,19111649384.578682,42071177.1391784
2026-03-14 00:00:00 UTC,2090.5096235483197,19191932983.173885,8927336.217477484
2026-03-15 00:00:00 UTC,2095.42171969733,19244661635.525173,5661527.227880229
2026-03-16 00:00:00 UTC,2173.1281395054148,19943731707.777473,12407092.656831069
2026-03-17 00:00:00 UTC,2349.4891283745646,21581018629.701347,19340319.605769705
2026-03-18 00:00:00 UTC,2319.269730225582,21303525039.881367,28759232.914965067
2026-03-19 00:00:00 UTC,2201.5053294919303,20300277937.575283,31549047.343700703
2026-03-20 00:00:00 UTC,2136.3456024417574,19681870193.72733,21028573.58483221
2026-03-21 00:00:00 UTC,2146.9205869701564,19778056626.50725,8329325.283610053
2026-03-22 00:00:00 UTC,2106.13206811059,19346397336.76192,7057773.669330787
2026-03-23 00:00:00 UTC,2052.7245635726104,18827459899.19486,17401227.9885372
2026-03-24 00:00:00 UTC,2147.580920233126,19703165561.461815,26959394.883189052
2026-03-25 00:00:00 UTC,2158.093309885988,19799862751.54293,11409223.392049052
2026-03-26 00:00:00 UTC,2166.0335076708225,19866498097.947826,15401798.514188642
2026-03-27 00:00:00 UTC,2059.127823475394,18877261795.949577,10827082.106802328
2026-03-28 00:00:00 UTC,1991.2431047131277,18307740642.76164,15256759.598890949
2026-03-29 00:00:00 UTC,1993.8470932569026,18299999037.523914,4716295.846534681
2026-03-30 00:00:00 UTC,1982.7658891643346,18238620503.863586,6909453.632824978
2026-03-31 00:00:00 UTC,2023.9386933733213,18621042363.904568,8579682.752900219
2026-04-01 00:00:00 UTC,2104.0213043661197,19400793660.947872,16737527.963786226
2026-04-02 00:00:00 UTC,2140.237446418187,19787090084.229225,13020606.940113747
2026-04-03 00:00:00 UTC,2055.2011539411783,19036776160.080055,10972345.786694992
2026-04-04 00:00:00 UTC,2053.319898966667,19040996140.683666,5004162.780895908
2026-04-05 00:00:00 UTC,2064.134841928958,19178294369.8929,5226230.478118371
2026-04-06 00:00:00 UTC,2109.204359925206,19671258104.92409,5652948.832024266
2026-04-07 00:00:00 UTC,2107.09418980565,19656281716.900337,12648012.04313531
2026-04-08 00:00:00 UTC,2252.805034187032,21074517016.723595,14416064.277163474
2026-04-09 00:00:00 UTC,2190.707671842934,20511200812.065483,22867481.745036747
2026-04-10 00:00:00 UTC,2189.065994226806,20587182251.61084,14309389.630515363
2026-04-11 00:00:00 UTC,2244.5144044028884,21118747630.65202,14153228.110452168
2026-04-12 00:00:00 UTC,2285.14271523541,21534908826.38033,9695566.42958502
2026-04-13 00:00:00 UTC,2191.1340399328783,20617203764.864063,7676712.352362912
2026-04-14 00:00:00 UTC,2373.3444806643465,22393891793.09416,7619783.255631964
2026-04-15 00:00:00 UTC,2320.566509551759,21955058088.158134,17857608.269455664
2026-04-16 00:00:00 UTC,2360.0315803341337,22228566724.04117,12200094.710267955
2026-04-17 00:00:00 UTC,2349.2608974579794,22128929421.71733,11733049.06538191
2026-04-18 00:00:00 UTC,2420.8221226328374,22810398325.829136,8301661.885798433
2026-04-19 00:00:00 UTC,2336.0265008917277,22142282581.384148,102219049.9183874
2026-04-20 00:00:00 UTC,2255.508427102923,21243834367.367123,287955988.28009397
2026-04-21 00:00:00 UTC,2301.726691386291,21672873215.824673,221716718.3516122
2026-04-22 00:00:00 UTC,2317.874166952906,21717515752.66508,228912159.30118522
2026-04-23 00:00:00 UTC,2370.5678291167355,22213179977.57947,98141810.49283448
2026-04-24 00:00:00 UTC,2325.7710771648444,21768639541.4521,33605286.107947476
2026-04-25 00:00:00 UTC,2308.217810725572,21603020930.464886,15354150.038356109
2026-04-26 00:00:00 UTC,2311.8830247943424,21639683448.802,12836380.53842341
2026-04-27 00:00:00 UTC,2364.773225447391,22159325219.602306,34102717.09636811
2026-04-28 00:00:00 UTC,2295.02862511018,21473292519.583496,28928083.477981173
2026-04-29 00:00:00 UTC,2281.111960974156,21283161762.481823,15709608.213679576
2026-04-30 00:00:00 UTC,2250.945265918812,20731223474.92044,23600263.21168269
2026-05-01 00:00:00 UTC,2254.7880327570756,20571511508.084732,20199703.755711813
2026-05-02 00:00:00 UTC,2291.622931131028,20823126032.02324,14016902.629474148
