date,eth_close,eth_high,eth_low,eth_open,eth_volume,steth_close,steth_volume,rf_3m_pct,gas_avg_gwei,lido_apr_pct,lido_tvl_usd,swap_count,volume_usd,fees_usd,eth_simple_return,eth_log_return,eth_realised_vol_30d,eth_sigma_daily,eth_close_prev,steth_simple_return,steth_eth_ratio,steth_peg_bps,steth_daily_yield,uni_fee_apr_daily,uni_fee_apr_annualised,lvr_daily,lp_edge_daily,strat_HODL,strat_stETH,lp_daily_return,strat_LP
2024-01-01,2352.327880859375,2352.327880859375,2267.01806640625,2282.870361328125,6906765990,2277.753313786249,9363343.4608926,,14.906085174,,,5475,144817616.0,72408.80798,,,,,,,,,,0.0003620440399,0.1321460745635,,,1.0,1.0,0.0003620440399,1.0003620440399
2024-01-02,2355.83642578125,2431.21240234375,2348.892333984375,2352.593505859375,12910543630,2345.476128327646,17260177.78205445,5.22,22.28459059,,,6778,237087219.2,118543.6096,0.001491520357524756,0.0014904091458287638,,,2352.327880859375,0.029732286692988552,0.9970872459628265,-29.127540371735037,,0.000592718048,0.21634208752,,,1.0014915203575248,1.0297322866929886,0.0013384782267623781,1.001701006854727
2024-01-03,2210.761962890625,2385.11767578125,2113.92529296875,2355.9814453125,19332933581,2354.261240347121,28720127.173708145,5.24,39.988832546,,,6643,423266150.0,211633.075,-0.06158087263741796,-0.06355859889814752,,,2355.83642578125,0.003745555929294042,0.9993313689282963,-6.686310717036736,,0.001058165375,0.38623036187500004,,,0.939818798594934,1.033589206564997,-0.02973227094370898,0.9719181611143362
2024-01-04,2269.0380859375,2294.608154296875,2204.86572265625,2210.529052734375,11044564896,2207.7352478058738,41038774.5932596,5.24,26.099893223,,,6410,222699468.6,111349.7343,0.02636019798833411,0.026018755301935315,,,2210.761962890625,-0.06223862926938517,0.9986309176946424,-13.69082305357594,,0.0005567486715,0.20321326509749998,,,0.9645926081990548,0.9692600311207602,0.013736847665667056,0.9852692528370589
2024-01-05,2268.647216796875,2276.7646484375,2209.537109375,2269.409423828125,10860953290,2270.998512704989,9731579.89558909,5.24,22.821996688,,,6046,247241810.4,123620.9052,-0.00017226204489362296,-0.00017227688370358152,,,2269.0380859375,0.0286552769232582,1.0008639902431073,8.639902431073487,,0.0006181045259999999,0.22560815198999998,,,0.9644264455038771,0.9970344457231715,0.0005319735035531884,0.9857933899734338
2024-01-06,2241.624755859375,2271.359375,2219.781982421875,2269.5400390625,5970741680,2264.364213755592,34504712.98649811,5.24,20.329524156,,,4311,93926487.65,46963.24383,-0.011911266210730354,-0.011982773739482866,,,2268.647216796875,-0.0029213136478433155,0.998112089438335,-18.879105616650406,,0.00023481621915,0.08570791998975,,,0.952938905370812,0.9941217953895105,-0.005720816886215177,0.9801538465017545
2024-01-07,2222.865966796875,2257.1279296875,2211.5625,2242.0126953125,6490053615,2239.912028477092,10969864.170687,5.24,32.535045832,3.1,20603031243.0,3506,108440139.8,54220.0699,-0.008368389496710593,-0.008403601048354581,,,2241.624755859375,-0.010798697987698946,0.9992359437600757,-7.640562399242601,8.493150684931507e-05,0.0002711003495,0.09895162756749999,,,0.9449643414441,0.9833865743581102,-0.003913094398855297,0.976318411974992
2024-01-08,2333.03271484375,2358.815673828125,2171.99365234375,2222.857666015625,13830287095,2218.9809783068144,13648386.299773542,5.25,27.437921443,3.3,21702077217.0,6702,284707844.7,142353.9224,0.04956067963271038,0.0483716762657842,,,2222.865966796875,-0.00934458581594766,0.9982522614732103,-17.47738526789666,9.04109589041096e-05,0.0007117696120000001,0.25979590838,,,0.9917974164347462,0.97419723412377,0.02549210942835519,1.0012068277699764
2024-01-09,2344.8271484375,2369.6416015625,2243.21923828125,2332.8681640625,14891130716,2329.091156554353,18859140.343907014,5.24,24.802785501,3.5,21511050786.0,6527,371239209.1,185619.6046,0.005055408575588727,0.00504267290230942,,,2333.03271484375,0.04962195680089043,0.9983105430694053,-16.89456930594746,9.589041095890412e-05,0.0009280980229999999,0.338755778395,,,0.9968113575990372,1.0225388071910066,0.0034558023107943633,1.004666800638967
2024-01-10,2582.103515625,2626.976806640625,2341.943115234375,2344.923583984375,29042100476,2342.511778937212,32658356.234851956,5.23,41.561765444,4.0,23494154968.0,7515,476249382.1,238124.691,0.10119141078079541,0.09639269438375209,,,2344.8271484375,0.005762171371048286,0.9990125628228798,-9.874371771202428,0.00010958904109589041,0.001190623455,0.434577561075,,,1.0976801051568037,1.0284308510315885,0.0517863288453977,1.0566948059569101
2024-01-11,2619.619140625,2687.779052734375,2567.99365234375,2584.171630859375,22575246883,2571.751554938807,42274741.807983145,5.23,35.400353754,3.9,24326480765.0,7002,275264928.1,137632.4641,0.014529094117638142,0.014424558155059053,,,2582.103515625,0.09786067163581147,0.9959908808366704,-40.09119163329578,0.00010684931506849315,0.0006881623205000001,0.25117924698250005,,,1.1136284027156858,1.129073784844529,0.007952709379319071,1.0650983926513213
2024-01-12,2524.460205078125,2710.421875,2460.925537109375,2619.177001953125,23623839263,2621.562225031212,41649757.05470476,5.22,27.776006348,3.3,23120204457.0,7613,517031162.2,258515.5811,-0.036325484903951155,-0.037001681326647606,,,2619.619140625,0.019368383387092125,1.000741743093902,7.417430939020697,9.04109589041096e-05,0.0012925779055000001,0.47179093550750006,,,1.073175310984226,1.1509421187817128,-0.016870164546475577,1.0471300075091068
2024-01-13,2576.597900390625,2589.079833984375,2498.594482421875,2522.933837890625,12250316867,2523.541080303175,26841754.42293346,5.22,19.986845329,3.5,23924527266.0,5419,212011482.7,106005.7413,0.020653007406344237,0.02044262579299705,,,2524.460205078125,-0.03739035594582163,0.9996359123534208,-3.6408764657924753,9.589041095890412e-05,0.0005300287065,0.19346047787249998,,,1.095339608630289,1.1079079832874266,0.010856532409672118,1.0584982083727696
2024-01-14,2472.2412109375,2578.332275390625,2470.42431640625,2578.003662109375,9405587417,2580.766815503295,13384020.214274809,5.22,38.786781856,3.3,23471325505.0,4119,168769568.2,84384.78411,-0.04050173658734413,-0.0413447734238197,,,2576.597900390625,0.022676759909628696,1.0016179921252122,16.179921252121865,9.04109589041096e-05,0.00042192392055,0.15400223100075,,,1.0509764523278604,1.1330317466263964,-0.019828944373122066,1.0375093062798966
2024-01-15,2511.36376953125,2550.76904296875,2470.82080078125,2471.6669921875,9700630000,2471.0562770123206,17910523.072135743,5.22,26.164485426,3.3,23531312308.0,4745,160815558.0,80407.77898,0.01582473361444947,0.015700827990378308,,,2472.2412109375,-0.04251082966191155,0.9995207045655832,-4.792954344168265,9.04109589041096e-05,0.00040203889490000004,0.14674419663850002,,,1.067607874721008,1.0848656270440236,0.008314405702124735,1.0461355795720375
2024-01-16,2587.691162109375,2613.56689453125,2500.00390625,2510.627197265625,11063317095,2517.6563012332927,12274626.308965238,5.22,36.888126668,3.6,24254117547.0,4555,158295309.9,79147.65497,0.030392806292802277,0.02994009487308702,,,2511.36376953125,0.018858341938417844,1.0025056233503031,25.056233503031322,9.863013698630138e-05,0.00039573827485,0.14444447032024998,,,1.100055474054074,1.1053243939960558,0.015592141421251138,1.0624470734745273
2024-01-17,2528.369384765625,2592.737060546875,2508.432861328125,2587.044677734375,10441017520,2588.100559692717,23619777.64266224,5.24,40.102180616,3.5,23424673089.0,4342,136928560.7,68464.28036,-0.022924597112815248,-0.02319145193667982,,,2587.691162109375,0.02798009340072216,1.0001582095998691,1.5820959986911909,9.589041095890412e-05,0.00034232140180000004,0.12494731165700002,,,1.0748371455096373,1.136251473778162,-0.011119977154607623,1.0506326862895108
2024-01-18,2467.018798828125,2546.263916015625,2426.135498046875,2528.59326171875,11900028080,2523.659240342434,14056250.78063586,5.22,37.668315197,3.4,22893966753.0,4941,171899704.7,85949.85233,-0.024264882460276693,-0.024564125366991263,,,2528.369384765625,-0.02489907863469354,0.9981370821638754,-18.629178361245778,9.315068493150686e-05,0.00042974926164999995,0.15685848050225,,,1.0487563485099065,1.1079598589837731,-0.011702691968488346,1.0383374555898393
2024-01-19,2489.49853515625,2501.30517578125,2414.7109375,2468.68896484375,11405278376,2464.705530825109,7217518.135689341,5.22,33.271450114,4.5,23159085894.0,8337,194593383.3,97296.69163,0.009112105809166549,0.009070841056131762,,,2467.018798828125,-0.0233604080039449,0.9990623225067782,-9.376774932218224,0.0001232876712328767,0.00048648345815,0.17756646222475,,,1.058312727325564,1.082077464625919,0.005042536362733274,1.043573309966439
2024-01-20,2469.589111328125,2489.84765625,2456.095703125,2489.84765625,5297826161,2489.8355522240613,27254974.76779485,5.22,19.308792981,3.3,22987318068.0,5355,64907063.01,32453.53151,-0.007997363142403069,-0.008029513578219571,,,2489.49853515625,0.010195952857110502,1.0001353754834768,1.3537548347675177,9.04109589041096e-05,0.00016226765755,0.05922769500575,,,1.0498490161269143,1.0931102754429864,-0.0038364139136515345,1.0395697308001683
2024-01-21,2453.9130859375,2479.760498046875,2452.377685546875,2469.798583984375,4578471955,2467.745834429918,16599388.30669544,5.22,16.362395893,3.1,23036834477.0,5360,61422376.95,30711.18848,-0.006347624922185768,-0.006367856754760481,,,2469.589111328125,-0.008871958541362912,0.9992536098860528,-7.463901139471707,8.493150684931507e-05,0.0001535559424,0.056047918976000005,,,1.0431849683476149,1.0834122463981184,-0.003020256518692884,1.0364299635440835
2024-01-22,2310.826416015625,2463.447265625,2303.502685546875,2454.9873046875,13923771728,2451.9847390551245,8464874.588559179,5.22,21.817992413,3.2,21763237201.0,8120,307900370.7,153950.1854,-0.05830959162402838,-0.0600787119528734,,,2453.9130859375,-0.00638683901514292,0.9992141747426075,-7.8582525739245845,8.767123287671233e-05,0.0007697509269999999,0.28095908835499994,,,0.9823572788549405,1.0764926667933392,-0.02838504488501419,1.0070108525087111
2024-01-23,2240.68603515625,2348.03125,2167.282470703125,2310.95166015625,16182147521,2306.506451681446,20995085.50364835,5.21,18.590570686,3.8,20616051080.0,8845,362163804.7,181081.9023,-0.030352942295125973,-0.0308231317333183,,,2310.826416015625,-0.059330829044938804,0.9981305543747299,-18.694456252701386,0.00010410958904109589,0.0009054095114999999,0.3304744716975,,,0.9525398450566596,1.0126234644116934,-0.014271061636062987,0.992639738564375
2024-01-24,2233.561767578125,2261.384521484375,2197.65673828125,2241.749755859375,10134722960,2242.4925066658448,83877552.62266985,5.21,15.447411952,3.2,20752318830.0,6541,172917523.1,86458.76154,-0.0031795028247356694,-0.0031845681835731554,,,2240.68603515625,-0.0277536379614004,1.0008062135797926,8.062135797926029,8.767123287671233e-05,0.0004322938077,0.1577872398105,,,0.9495112419286287,0.9845194793891923,-0.0011574576046678347,0.9914908001502782
2024-01-25,2217.710205078125,2240.380859375,2173.6865234375,2233.969970703125,9302247037,2233.2880861314115,18982871.77270935,5.21,28.88367005,3.3,20815494202.0,6858,224562168.0,112281.084,-0.007096988643921831,-0.00712229205759396,,,2233.561767578125,-0.004104549070765184,0.9998774686016361,-1.2253139836393423,9.04109589041096e-05,0.00056140542,0.2049129783,,,0.9427725714273851,0.9804784708749151,-0.0029870889019609154,0.9885291289847531
2024-01-26,2267.19970703125,2280.3837890625,2196.14013671875,2217.44189453125,9975117607,2218.43245242988,19609190.30212562,5.21,22.573714573,3.6,21119276969.0,6078,155621222.1,77810.61105,0.022315585616102362,0.022070236302984547,,,2217.710205078125,-0.00665191105159435,1.0003256725563607,3.2567255636073433,9.863013698630138e-05,0.00038905305525000004,0.14200436516625,,,0.9638110934615859,0.973956415298652,0.01154684586330118,0.9999435224685235
2024-01-27,2267.885986328125,2282.54443359375,2252.38525390625,2267.3193359375,5144367230,2268.09703918068,15404806.178229377,5.21,15.310918127,3.5,21259147600.0,6107,56612848.64,28306.42432,0.0003026990938410634,0.0003026532897134615,,,2267.19970703125,0.022387243161900994,1.000395788755021,3.957887550209982,9.589041095890412e-05,0.0001415321216,0.051659224383999995,,,0.9641028382062107,0.9957606143970363,0.00029288166852053173,1.0002363875958105
2024-01-28,2257.208740234375,2306.898681640625,2242.683837890625,2268.19287109375,7296214994,2264.8167100476394,7809253.057648126,5.21,14.594281982,3.2,21205990693.0,5455,87507079.22,43753.53961,-0.004708017139361198,-0.004719134760412302,,,2267.885986328125,-0.0014462913519015519,0.9986466355456188,-13.533644543811674,8.767123287671233e-05,0.00021876769805,0.07985020978825,,,0.9595638255198291,0.9943204544318698,-0.002135240871630599,0.9981006419797237
2024-01-29,2317.064208984375,2320.02734375,2237.711669921875,2256.995361328125,8948195551,2254.8488855569067,14943165.711833036,5.22,16.805633146,3.1,21678645386.0,6194,160959299.7,80479.64983,0.02651747163790663,0.026171977924215994,,,2257.208740234375,-0.00440116166862925,0.9989545252792069,-10.454747207930826,8.493150684931507e-05,0.00040239824915,0.14687536093975,,,0.9850090320478123,0.9899442893614903,0.013661134068103315,1.0117358286632685
2024-01-30,2344.49365234375,2388.87060546875,2298.281982421875,2317.435791015625,10173440062,2312.2744046914704,43166682.54134796,5.21,31.884774469,3.3,22331470467.0,5468,170569492.0,85284.74599,0.011838016077853064,0.011768494889621728,,,2317.064208984375,0.025467568803565488,0.9979328133099065,-20.671866900935363,9.04109589041096e-05,0.00042642372994999996,0.15564466143175,,,0.9966695848060249,1.0151557636625008,0.006345431768876532,1.018155729332179
2024-01-31,2282.54443359375,2349.611328125,2264.443603515625,2343.558837890625,10807883277,2343.985623624999,17680282.342136342,5.22,29.203802451,3.5,21403505916.0,6005,212549232.1,106274.6161,-0.02642328277923489,-0.026778651706552914,0.6083672777669253,0.03184339869042942,2344.49365234375,0.013714297433379041,0.9997833098339834,-2.166901660165532,9.589041095890412e-05,0.0005313730805,0.1939511743825,0.00012675025501970524,0.0004046228254802948,0.9703343025292326,1.0290779117465774,-0.01280701856413715,1.0051161900054393
2024-02-01,2303.82470703125,2309.842529296875,2243.57177734375,2282.17529296875,8895583113,2281.32911811098,19929163.919346195,5.22,31.392970368,3.5,21752922635.0,5187,180280673.4,90140.33672,0.009323048929214206,0.00927985755123295,0.6093751143466607,0.03189615126801892,2282.54443359375,-0.02673075503642386,0.9994675610845145,-5.324389154854892,9.589041095890412e-05,0.00045070168360000003,0.16450611451400002,0.0001271705582140431,0.00032353112538595694,0.9793807767094076,1.0015698821742849,0.00498505558999306,1.0101267500870184
2024-02-02,2308.0380859375,2323.053466796875,2282.230224609375,2303.7060546875,7186143091,2302.7025184674653,20941616.373465184,5.23,24.500437327,3.3,21805522279.0,5330,131805446.9,65902.72343,0.0018288626271742991,0.0018271922941490715,0.5656560735133873,0.029607792083535547,2303.82470703125,0.009368836870930597,0.999512901932009,-4.870980679909653,9.04109589041096e-05,0.00032951361714999997,0.12027247025974999,0.00010957766900773378,0.00021993594814226618,0.9811719296097043,1.010953427015213,0.0011343672617294158,1.0112726048025142
2024-02-03,2296.038330078125,2327.346923828125,2293.5380859375,2307.980224609375,4647754021,2310.2495869021423,15229326.982478958,5.23,22.511514075,3.5,21800358025.0,3866,50253380.52,25126.69026,-0.005199115184661651,-0.005212677612854044,0.5590236516110394,0.02926063525469553,2308.0380859375,0.00327748303315345,1.0009581735146038,9.581735146038106,9.589041095890412e-05,0.0001256334513,0.0458562097245,0.00010702309693854136,1.8610354361458633e-05,0.9760707037317068,1.0142668097195637,-0.002580947237969367,1.0086625635663151
2024-02-04,2289.546142578125,2309.01123046875,2272.304931640625,2296.116943359375,5438100035,2296.2725905698903,9735348.59157184,5.23,18.512427976,3.0,21839623933.0,4035,85345521.75,42672.76088,-0.002827560592065126,-0.0028315656930750777,0.5591345195649787,0.02926643834862958,2296.038330078125,-0.006049994083537125,1.0001020281276216,1.0202812762161173,8.219178082191781e-05,0.0002133638044,0.077877788606,0.000107065551701767,0.000106298252698233,0.9733108046747657,1.0081305015216322,-0.00130748204333433,1.0073437553766686
2024-02-05,2298.888916015625,2334.6767578125,2270.06787109375,2289.20556640625,7277068110,2290.0981554435148,7440878.853677309,5.22,22.34163636,3.0,21732987500.0,4657,120990289.5,60495.14474,0.0040806224708709316,0.0040723193113709755,0.5574955141920762,0.02918064888648647,2289.546142578125,-0.0026888946685738047,1.0002411014371468,2.4110143714684007,8.219178082191781e-05,0.0003024757237,0.1104036391505,0.00010643878367955052,0.0001960369400204495,0.977282518615463,1.005419744790864,0.0022363481754559154,1.0095965267460623
2024-02-06,2372.201904296875,2389.826171875,2296.78857421875,2298.955078125,9520885493,2298.130120290044,19327381.78951229,5.23,37.660659816,3.3,22646544525.0,4762,169617882.4,84808.94121,0.03189061801573012,0.031392671147167484,0.5664003396184735,0.029646748751953063,2298.888916015625,0.003507257899595828,0.9996699293644444,-3.3007063555556826,9.04109589041096e-05,0.00042404470605000004,0.15477631770825,0.00010986621394517881,0.0003141784921048212,1.0084486621100794,1.0089460111331914,0.016259487499969884,1.026012048852703
2024-02-07,2423.7451171875,2442.63623046875,2353.7060546875,2372.2626953125,9660628536,2373.898419263164,8818597.26939501,5.23,43.071499865,3.443,23175974515.0,4756,145348688.8,72674.34441,0.021728004179265792,0.02149531563499618,0.5462038165287517,0.028589614418122463,2372.201904296875,0.03296954263127527,1.0007151646591363,7.15164659136347,9.432876712328767e-05,0.00036337172205,0.13263067854825,0.00010217075657211448,0.0002612009654778855,1.0303602388549822,1.0422104996599022,0.011125203055110782,1.0374266412331794
2024-02-08,2419.906494140625,2459.556640625,2414.74951171875,2424.080078125,9941841732,2424.759950449344,30109988.54555323,5.23,60.785647336,3.792,23182873437.0,4270,194493939.1,97246.96954,-0.0015837568973957605,-0.0015850123660969828,0.5461170947577719,0.028585075193168445,2423.7451171875,0.021425319117895025,1.0004187046132234,4.1870461322335295,0.0001038904109589041,0.00048623484770000003,0.1774757194105,0.00010213831547488675,0.00038409653222511327,1.0287283987198932,1.0645401922031363,-0.000407781916472767,1.0370035974092175
2024-02-09,2487.515625,2522.724609375,2419.36279296875,2419.773681640625,13634203177,2424.1223604911297,18198101.324518584,5.24,71.415240828,3.88,24068585114.0,4231,173369711.0,86684.85549,0.02793873689875137,0.02755557080068538,0.4366780688917664,0.022856774772844795,2419.906494140625,-0.0002629497233721523,1.0017421608482446,17.421608482446338,0.00010630136986301371,0.00043342427745,0.15819986126925,6.530401912706928e-05,0.00036812025832293075,1.057469770792002,1.0642602716540779,0.014337488707698616,1.051871624776915
2024-02-10,2501.228271484375,2516.7197265625,2475.857666015625,2487.650390625,6474444159,2486.128616793412,21494334.383660316,5.24,38.670181399,3.641,24053720528.0,4641,93833496.01,46916.748,0.005512587075457986,0.005497448377436598,0.4337468712977599,0.022703348878590608,2487.515625,0.025578847550302708,0.9994424122636063,-5.575877363936943,9.975342465753424e-05,0.00023458374,0.0856230651,6.443025628787518e-05,0.00017015348371212483,1.0632991649831576,1.0914828228965612,0.002926447021441118,1.054949871360182
2024-02-11,2507.570556640625,2537.67919921875,2495.21435546875,2501.1298828125,7347245813,2499.2000750349343,8333606.700238289,5.24,30.469736562,3.336,24053730354.0,4709,188455595.4,94227.7977,0.002535668266889557,0.002532458884251909,0.41456409201452593,0.021699276320729346,2501.228271484375,0.005257756237238231,0.9991891198126283,-8.10880187371743,9.13972602739726e-05,0.00047113898849999997,0.1719657308025,5.885732410542066e-05,0.0004122816643945793,1.0659953389340155,1.0972215735164839,0.0016801157978393578,1.056722309304983
2024-02-12,2658.115966796875,2663.8427734375,2473.81201171875,2507.578857421875,13022696866,2508.876669348494,6250675.418682209,5.23,43.865510119,3.352,25451982026.0,5016,249414642.9,124707.3215,0.060036360595147054,0.058303209983911586,0.4571644328187424,0.02392908006947164,2507.570556640625,0.0038718766097285418,1.0005208677795367,5.208677795367489,9.183561643835616e-05,0.0006235366075,0.2275908617375,7.157510912139811e-05,0.000551961498378602,1.129993819495004,1.1014698800626719,0.03057014179595213,1.0890264601393822
2024-02-13,2642.185302734375,2686.455078125,2599.16943359375,2659.586181640625,18271237044,2655.5500473270945,10741139.544014676,5.25,34.487521504,4.275,25424531525.0,5998,215662005.5,107831.0028,-0.005993216346274366,-0.0060112477475167125,0.4318473658544158,0.022603924219576944,2658.115966796875,0.058461772860556316,0.9990346849039575,-9.653150960424739,0.00011712328767123289,0.000539155014,0.19679158011,6.386717376554715e-05,0.00047528784023445283,1.1232215220648176,1.16586376200364,-0.00252132033290273,1.0862806755823637
2024-02-14,2777.90234375,2786.8935546875,2621.025390625,2641.685302734375,21448973822,2639.5078892050165,14994651.884826208,5.23,30.055114476,3.562,27049017481.0,6811,193991854.2,96995.9271,0.05136545149773286,0.05008974934052901,0.46103530990565006,0.024131691036341017,2642.185302734375,-0.006040992576368476,0.9989866670113607,-10.133329886392595,9.758904109589041e-05,0.00048497963550000003,0.1770175669575,7.279231403417768e-05,0.00041218732146582233,1.1809163026776477,1.158820787672319,0.02609491307033225,1.1146270753816674
2024-02-15,2824.37890625,2865.845458984375,2764.010498046875,2777.601318359375,23734481937,2778.14511357284,34321404.45035304,5.23,39.172512561,3.279,27309705308.0,5965,255688878.5,127844.4392,0.016730812227639058,0.01659239395526768,0.4536421730583854,0.023744716567456865,2777.90234375,0.05252389088694076,1.0000873932171828,0.8739321718276294,8.983561643835617e-05,0.0006392221959999999,0.23331610153999996,7.047644560860757e-05,0.0005687457503913923,1.2006739915943052,1.2196865642815387,0.008934151864210921,1.1245853229450886
2024-02-16,2803.69140625,2858.450439453125,2760.3310546875,2825.480712890625,17057114638,2823.7965276341765,14889355.62656299,5.24,30.843412373,3.778,27263988634.0,5975,142417847.0,71208.92352,-0.007324619212465078,-0.0073515759483138154,0.44545877942651424,0.02331637816796749,2824.37890625,0.016432336035401285,0.9997938029438845,-2.061970561154647,0.00010350684931506849,0.00035604461759999997,0.12995628542399998,6.795668635895887e-05,0.0002880879312410411,1.1918795118075665,1.239728863763677,-0.0033742216749914978,1.12079072277303
2024-02-17,2786.672607421875,2805.128662109375,2724.386962890625,2803.73583984375,17932379943,2805.1139505460665,31219791.44967668,5.24,22.606061106,3.126,27294369118.0,5182,122303448.9,61151.72443,-0.006070139812886177,-0.006088638007301306,0.43538496779532276,0.022789090768024173,2803.69140625,-0.006616120143671522,1.0005073826216735,5.073826216734911,8.564383561643834e-05,0.00030575862215,0.11160189708475,6.491783225415558e-05,0.00024084078989584446,1.1846446365307801,1.2315266686554391,-0.002794229116547244,1.1176589767019016
2024-02-18,2878.998046875,2892.843505859375,2767.9130859375,2786.709716796875,23355830478,2783.499048390704,6973990.305166935,5.24,25.482158308,3.127,27997797029.0,5825,132251565.9,66125.78297,0.03313106792926823,0.03259406294966638,0.4463840856036142,0.02336481090684895,2786.672607421875,-0.007705534440465289,0.9988611654549161,-11.388345450839,8.567123287671233e-05,0.00033062891485,0.12067955392025,6.823929858910095e-05,0.000262389616260899,1.2238931784557248,1.222037097495763,0.016827923580895014,1.1364668565513425
2024-02-19,2943.57470703125,2983.37060546875,2860.263671875,2881.296875,15163110589,2868.724335731698,9223796.911441077,5.24,37.551815368,3.263,29065348699.0,6646,236497499.5,118248.7498,0.022430254937596983,0.0221823962784109,0.4478532783315635,0.023441711968919376,2878.998046875,0.030618040767884436,0.9964314977030104,-35.685022969895726,8.93972602739726e-05,0.000591243749,0.21580396838500002,6.868923250422223e-05,0.0005225545164957777,1.2513454144648726,1.2594534791667555,0.011737681985294268,1.1498063431003693
2024-02-20,3013.503662109375,3031.5244140625,2879.9033203125,2944.1064453125,20341598470,2938.847218679756,20040441.250438016,5.24,41.425451234,3.363,29251788734.0,6927,268244079.8,134122.0399,0.02375647368863687,0.023478679670532188,0.4496994552419814,0.023538345284944015,2943.57470703125,0.024443925153293966,0.9983939635232626,-16.060364767374047,9.213698630136987e-05,0.0006706101995,0.2447727228175,6.925671234415576e-05,0.0006013534871558443,1.2810729688790037,1.2902394657455634,0.012479590331474279,1.1641554552227924
2024-02-21,2970.35546875,3017.1904296875,2875.41845703125,3015.6533203125,18897136867,3009.526135760951,25703489.70811177,5.24,43.659442265,3.466,28614502893.0,6022,266457667.1,133228.8336,-0.014318281375232278,-0.014421777074224096,0.3881673967230138,0.020317610141439155,3013.503662109375,0.024049878003847613,0.9986800990493439,-13.199009506561499,9.495890410958906e-05,0.0006661441680000001,0.24314262132000003,5.1600660232438905e-05,0.0006145435077675612,1.26273020564839,1.3212695674924937,-0.006544597179848578,1.156536526713636
2024-02-22,2971.00732421875,3030.666015625,2907.109375,2969.599853515625,18058908246,2977.09463032049,20279151.739212543,5.25,51.383326353,3.468,29230175612.0,5131,282369951.0,141184.9755,0.0002194536901753974,0.00021942961373699887,0.363005080254154,0.019000554302680463,2970.35546875,-0.01077628303509015,1.0022688064244802,22.68806424480241,9.5013698630137e-05,0.0007059248775,0.2576625802875,4.5127632976138636e-05,0.0006607972445238613,1.2630073164517155,1.3070311926675435,0.00077052408961156,1.1574276659679847
2024-02-23,2921.658203125,2991.32958984375,2906.583740234375,2970.1396484375,12822717059,2974.365244095076,121275225.91931656,5.26,44.86952626,3.415,28829373369.0,5006,183791674.5,91895.83725,-0.01661023205546175,-0.01674972883315018,0.3719006584127049,0.01946617014402612,2971.00732421875,-0.0009167952532030954,1.001130229417125,11.302294171249283,9.356164383561643e-05,0.00045947918625,0.16770990298125,4.736647250952173e-05,0.0004121127137404783,1.2420284718377066,1.3058329126743176,-0.007893003313990395,1.1482920855647953
2024-02-24,2992.385986328125,3003.195068359375,2907.70068359375,2921.962890625,10701688842,2919.5547034696338,37683464.74293861,5.26,30.785077921,3.467,29277853064.0,4446,120538699.9,60269.34997,0.02420809632265497,0.02391972503621176,0.3707743948058403,0.01940721881252855,2921.658203125,-0.018427642917848153,0.9992800322593806,-7.199677406194427,9.498630136986301e-05,0.00030134674985,0.10999156369525,4.708001775467025e-05,0.00025426673209532973,1.2720956167194337,1.2817694900491816,0.012358314893422815,1.1624830407478302
2024-02-25,3112.697265625,3117.428955078125,2984.39306640625,2992.36669921875,14620450464,2985.215086724264,22931879.75010684,5.26,31.687193252,3.148,30502625248.0,5158,147971088.4,73985.54419,0.04020580227502868,0.039418580379182444,0.38263866117268497,0.020028222896567447,2992.385986328125,0.022489862298726182,0.997603618103873,-23.96381896127009,8.624657534246575e-05,0.00036992772095,0.13502361814674999,5.014121404932357e-05,0.0003197865069006764,1.323241241560186,1.3105963093790962,0.020422687644415016,1.186224068780953
2024-02-26,3178.99365234375,3197.375,3037.95458984375,3112.529052734375,17504464351,3109.928669025007,22967456.53598688,5.26,44.049515982,3.262,31196506470.0,5336,236587420.0,118293.71,0.021298694046122835,0.021075046883897386,0.3824868340806225,0.02002027590335917,3112.697265625,0.04177708428962612,0.9991105474243936,-8.894525756063532,8.936986301369864e-05,0.00059146855,0.21588602075000002,5.0101430905827974e-05,0.0005413671190941721,1.351424551913388,1.3653492018656996,0.011190714142155589,1.1994987632432255
2024-02-27,3244.519287109375,3287.9580078125,3167.83056640625,3178.405029296875,21090315368,3168.200349540846,38165904.69773761,5.25,52.078273471,3.472,31861958743.0,6182,429072926.3,214536.4631,0.0206120684504405,0.020402514436179686,0.37930399503594664,0.019853678493585415,3178.99365234375,0.01873730452284228,0.9966048051731886,-33.951948268113874,9.512328767123288e-05,0.0010726823155,0.3915290451575,4.9271068715832005e-05,0.0010234112467841679,1.3792802072830328,1.390932165641077,0.011329445472004419,1.213088419075126
2024-02-28,3385.703857421875,3485.450927734375,3201.575927734375,3243.893310546875,32885894265,3241.806668516603,65986285.65334521,5.24,65.493392699,3.426,32724017868.0,7076,738738151.8,369369.0759,0.04351478842287437,0.042594619378036214,0.39111693798273056,0.020471996187039418,3244.519287109375,0.023232848574877618,0.9991639382131124,-8.360617868875542,9.386301369863014e-05,0.0018468453795,0.6740985635175,5.2387828485269556e-05,0.0017944575510147303,1.4392992936788123,1.4232474820233427,0.023551851762451916,1.2416588976959306
2024-02-29,3341.919677734375,3518.96923828125,3303.9052734375,3386.802734375,28469171094,3374.474778251836,69595063.6863979,5.25,74.113151775,3.7,32738825734.0,6779,439205429.5,219602.7148,-0.012932076026531347,-0.013016423301078106,0.40123726359599515,0.021001718240077936,3385.703857421875,0.040924127593314985,0.9966833841224999,-33.16615877500095,0.00010136986301369864,0.001098013574,0.40077495451,5.5134021129452786e-05,0.0010428795528705471,1.420686165788025,1.4814926435745304,-0.005423158460395126,1.234925184739966
2024-03-01,3435.053955078125,3452.626220703125,3341.85107421875,3341.9658203125,16880101987,3343.100875694517,41628993.62664702,5.23,58.406377546,3.336,33744163658.0,6357,283493929.7,141746.9648,0.02786849665007196,0.02748723730369207,0.37960418694959214,0.019869391256482433,3341.919677734375,-0.00929741800398709,1.0003534489377504,3.534489377503558,9.13972602739726e-05,0.0007087348239999999,0.25868821076,4.934908861289757e-05,0.0006593857353871023,1.4602785534400922,1.4677185871973861,0.014593634060423083,1.2529472309780616
2024-03-02,3422.0498046875,3459.747314453125,3398.89892578125,3436.1591796875,12024340617,3426.92911671611,31415655.14944715,5.23,52.441171233,3.49,33521374470.0,5298,228654016.5,114327.0083,-0.003785719397915277,-0.0037929033703285597,0.38419834171538664,0.020109860307332302,3435.053955078125,0.02507499598084295,0.9976347275855729,-23.652724144270778,9.561643835616438e-05,0.0005716350415,0.20864679014749998,5.05508101975524e-05,0.0005210842313024476,1.4547503485939743,1.5045216248723692,-0.0013717754676551908,1.2512284687043393
2024-03-03,3490.99365234375,3491.16845703125,3372.214111328125,3422.875244140625,13643324467,3416.7248340193564,23438099.503778186,5.23,54.765290988,3.294,34165505427.0,5172,272016820.2,136008.4101,0.020146944548209422,0.019946680202618694,0.38264950152494287,0.020028790306537557,3422.0498046875,-0.0029776754491297464,0.9984439236796467,-15.560763203532613,9.024657534246574e-05,0.0006800420505000001,0.24821534843250004,5.01440551429066e-05,0.0006298979953570934,1.4840591231985856,1.500041647767302,0.010703370269461806,1.2646208302965738
2024-03-04,3630.433837890625,3641.459228515625,3446.017578125,3489.340087890625,26772963830,3477.942996467507,27248561.06840487,5.24,86.436145511,3.449,34789324383.0,5467,318670264.9,159335.1325,0.039942835603055116,0.03916574587631594,0.38620046319711343,0.02021465613527906,3490.99365234375,0.017917205927330926,0.9962616214247536,-37.38378575246393,9.449315068493151e-05,0.0007966756625,0.2907866168125,5.107904033344692e-05,0.000745596622166553,1.5433366527817207,1.5269182028699215,0.02071701442369411,1.290819998278332
2024-03-05,3554.964599609375,3828.15966796875,3224.119384765625,3631.928955078125,47706899137,3623.861064625198,47521280.6322172,5.23,98.680928276,3.836,34181903127.0,7136,639984239.9,319992.12,-0.02078793930730316,-0.021007050416047335,0.401812020121048,0.021031802371565683,3630.433837890625,0.04195527882598937,0.9981895350366043,-18.104649633956527,0.0001050958904109589,0.0015999605999999999,0.5839856189999999,5.529208887457449e-05,0.0015446685111254253,1.5112538641129578,1.5909804818158078,-0.008849301142526154,1.279397143392772
2024-03-06,3819.226318359375,3901.434326171875,3502.802490234375,3554.06787109375,34938642613,3577.794802889734,83651731.5419031,5.24,83.456739429,4.13,37810693355.0,7207,655792455.7,327896.2278,0.07433596350833915,0.07170276235487805,0.44616832248649413,0.023353517349137622,3554.964599609375,-0.012711928220743962,1.0064220620601587,64.22062060158717,0.00011315068493150684,0.001639481139,0.598410615735,6.817334657205899e-05,0.001571307792427941,1.6235943762074951,1.5707560521303605,0.03873928954659751,1.3289600797757541
2024-03-07,3874.34765625,3939.593994140625,3738.685302734375,3818.31103515625,22457177587,3816.16546883322,79701661.88660736,5.24,74.415996706,3.904,38177828703.0,5430,360736739.4,180368.3697,0.01443259270225794,0.014329434214495507,0.4431619538645199,0.023196156823451032,3819.226318359375,0.06662502437282236,0.9991985681729724,-8.014318270276322,0.00010695890410958904,0.0009018418485000001,0.32917227470250005,6.725771142226673e-05,0.0008345841370777334,1.6470270525529744,1.675407712387304,0.008050880488206704,1.3396593785516264
2024-03-08,3892.06103515625,3998.826416015625,3828.36328125,3874.830810546875,26135487051,3857.039155079732,55988929.56270728,5.24,66.04749331,3.523,38509199913.0,5586,322286350.3,161143.1751,0.0045719642318817755,0.004561544550282903,0.44462221327676127,0.0232725902944065,3874.34765625,0.010710669277925522,0.995532537937749,-44.674620622510155,9.652054794520549e-05,0.0008057158755,0.2940862945575,6.770168237641294e-05,0.000738014193123587,1.6545572013261882,1.69335245030037,0.0030239963090644747,1.3437105035677703
2024-03-09,3915.4189453125,3950.396484375,3880.658935546875,3892.119140625,11926623780,3890.2758144772592,49158321.56932055,5.24,59.055881981,3.521,38499907781.0,5232,144971223.0,72485.61148,0.006001424424042279,0.005983487605016435,0.4416741787577262,0.02311828311521803,3892.06103515625,0.008617143373759628,0.9995413173989655,-4.586826010345435,9.646575342465753e-05,0.00036242805740000004,0.13228624095100003,6.680687677442187e-05,0.00029562118062557817,1.6644869013252022,1.7079443111469155,0.003296333392646718,1.348139821370731
2024-03-10,3881.193115234375,3968.7236328125,3800.564453125,3915.590576171875,15783924355,3911.8609633522087,24442896.204037167,5.24,63.679788574,3.404,38092100891.0,5469,306366117.5,153183.0588,-0.00874129449649308,-0.008779723722582844,0.4478909272400269,0.023443682602854288,3915.4189453125,0.005548488051829725,0.9990912895886784,-9.087104113215672,9.326027397260274e-05,0.000765915294,0.27955908231,6.87007817479216e-05,0.0006972145122520784,1.6499371311351634,1.7174208197505048,-0.0036734327359944615,1.34318752041821
2024-03-11,4066.445068359375,4087.050048828125,3745.125244140625,3881.23779296875,28806262507,3882.691629962496,29788047.723113146,5.24,72.310953858,3.586,40127551638.0,5991,443133266.7,221566.6334,0.047730671374699885,0.04662655990742692,0.45992036154457633,0.024073331971877145,3881.193115234375,-0.007456638582756914,1.0003860964099516,3.8609640995157513,9.824657534246575e-05,0.0011078331669999999,0.40435910595499996,7.244066402852529e-05,0.0010353925029714746,1.728689738130291,1.7046146334031231,0.024900728190321415,1.3766338677727759
2024-03-12,3980.273193359375,4092.2841796875,3831.889892578125,4066.6904296875,26917010932,4067.478829375932,86255790.15841326,5.25,64.385923989,3.677,38802967969.0,6050,522952199.2,261476.0996,-0.021190960052674845,-0.02141871171114751,0.47617882761739283,0.024924338980590495,4066.445068359375,0.04759255099927184,1.0002542173813194,2.54217381319366,0.00010073972602739726,0.0013073804979999999,0.47719388176999994,7.765283420242286e-05,0.001229727663797577,1.692057142946103,1.7857415922774664,-0.009365752362539847,1.3637406558733305
2024-03-13,4006.45703125,4083.00732421875,3936.627197265625,3980.26513671875,22028114691,3971.174425006254,74102646.25732814,5.25,64.569491149,3.644,39231372318.0,5881,362050244.0,181025.122,0.006578402189656218,0.006556858930506948,0.4510448470812976,0.02360876631233959,3980.273193359375,-0.023676682389630055,0.9977140342104402,-22.85965789559752,9.983561643835617e-05,0.0009051256100000001,0.33037084765,6.967173084883259e-05,0.0008354538791511674,1.703188175360283,1.7434611557671607,0.004124654973979277,1.3693656155527962
2024-03-14,3883.140380859375,4011.102783203125,3721.78857421875,4005.7451171875,25434810823,4000.2026850083626,71324600.03177112,5.25,56.888536551,3.438,37938616956.0,7119,501212568.4,250606.2842,-0.030779476587110888,-0.03126311464191822,0.47298417041918195,0.024757122980388634,4006.45703125,0.007309741878704479,0.9984389334035398,-15.610665964601589,9.41917808219178e-05,0.001253031421,0.457356468665,7.661439228326088e-05,0.0011764170287167392,1.650764934793337,1.7562054067913664,-0.014213321264838704,1.3499023821299208
2024-03-15,3735.22021484375,3928.775634765625,3571.774658203125,3882.85693359375,33505075433,3876.357168175932,57361733.8862592,5.25,45.740465011,3.691,36154873244.0,9214,956374060.8,478187.0304,-0.03809292261097419,-0.03883742613255059,0.48634601526349275,0.025456513904533733,3883.140380859375,-0.03095981043574836,0.9982531631570988,-17.468368429012227,0.00010112328767123288,0.002390935152,0.87269133048,8.10042625214649e-05,0.002309930889478535,1.5878824738833446,1.7018336203108693,-0.01673653041600856,1.327309699852761
2024-03-16,3522.860107421875,3780.89453125,3468.079345703125,3736.10498046875,20199855932,3734.6410982501175,222005087.65533575,5.25,37.414230291,3.225,34614117838.0,7564,431919923.6,215959.9618,-0.05685343706857138,-0.05853358644087692,0.5408215908054592,0.028307895848087294,3735.22021484375,-0.03655908467085378,0.9998449578444315,-1.5504215556849665,8.835616438356165e-05,0.001079799809,0.394126930285,0.00010016712091826973,0.0009796326880817303,1.4976058975821305,1.6396161408902186,-0.02744708584620396,1.290878916576403
2024-03-17,3642.4130859375,3676.263427734375,3414.17236328125,3523.02978515625,19938757095,3512.920114179522,67844914.08548377,5.25,32.275112489,3.311,35562183841.0,7175,324325074.8,162162.5374,0.03393634003909307,0.03337320749759698,0.5455077947246695,0.02855318297183236,3522.860107421875,-0.0593687527764003,0.9971784308944281,-28.21569105571853,9.071232876712329e-05,0.000810812687,0.295946630755,0.00010191053222786718,0.0007089021547721328,1.5484291605670288,1.5422741755735117,0.01767707217431867,1.3136978763530303
2024-03-18,3517.985107421875,3642.4970703125,3456.09130859375,3642.298828125,21162220224,3647.2106019744183,79749901.96951936,5.25,40.439650375,3.125,34388397375.0,7493,435239356.8,217619.6784,-0.0341608641249429,-0.03475798464587143,0.5641529953407189,0.02952911737622577,3642.4130859375,0.038227595114630475,1.0013171257415696,13.171257415696136,8.561643835616438e-05,0.001088098392,0.39715591308,0.00010899609662736484,0.0009791022953726351,1.495533482405799,1.6012316083130864,-0.016101329767098816,1.2925455936315329
2024-03-19,3157.6181640625,3546.582275390625,3149.286865234375,3518.34765625,34166976701,3524.387793085141,107336059.87935534,5.24,44.977949993,3.954,31527947352.0,10075,686201236.7,343100.6183,-0.10243560798455653,-0.10807041521511351,0.6863662211296917,0.03592604997971253,3517.985107421875,-0.03367582031670646,1.0018199865740642,18.199865740642363,0.00010832876712328767,0.0017155030914999998,0.6261586283974999,0.0001613351333931003,0.0015541679581068996,1.3423376008743,1.547308820386104,-0.049663636034171364,1.2283530797118445
2024-03-20,3513.39306640625,3534.826416015625,3059.65478515625,3158.396728515625,36605316331,3159.82473662374,290193260.9876437,5.24,38.891587035,3.415,34346162385.0,9907,823311262.0,411655.631,0.11267192037115104,0.10676425828400937,0.7738302395603915,0.04050412594096249,3157.6181640625,-0.10344010871240517,1.0006988091803986,6.988091803985519,9.356164383561643e-05,0.002058278155,0.751271526575,0.00020507302728016883,0.0018532051277198312,1.493581356151211,1.3872550277937021,0.05818916531329535,1.2998299201302925
2024-03-21,3492.9912109375,3586.905029296875,3412.22265625,3514.017578125,22213647922,3510.9282294567715,208239549.7535987,5.25,33.968806911,3.422,34243203973.0,7133,514009999.5,257004.9998,-0.0058068810073729216,-0.005823806495557804,0.7721998731107913,0.04041878866073157,3513.39306640625,0.11111486303768348,0.9992984454335478,-7.015545664521561,9.375342465753424e-05,0.001285024999,0.469034124635,0.00020420980960011038,0.0010808151893998896,1.4849083069412103,1.5413996802053371,-0.0018226253142865712,1.297460817213596
2024-03-22,3333.68798828125,3541.898193359375,3254.96923828125,3492.89794921875,20574952329,3486.526092470764,66705914.52478403,5.24,27.91071844,3.219,32076695829.0,7301,493720972.7,246860.4864,-0.04560653406668436,-0.04667925447782295,0.7903540924311372,0.04136902392955342,3492.9912109375,-0.00695033774295728,0.9981491168811155,-18.50883118884483,8.81917808219178e-05,0.001234302432,0.45052038768,0.00021392451761049542,0.0010203779143895047,1.4171867856547935,1.5306864318310236,-0.021782889118952674,1.2691983720960465
2024-03-23,3336.593994140625,3433.758056640625,3273.115478515625,3335.592529296875,13242137554,3317.7173715216304,146460432.83047593,5.24,21.387739965,3.345,32991205180.0,5632,213815479.1,106907.7395,0.0008717090110383907,0.0008713292933908434,0.7903197079076701,0.041367224161338464,3333.68798828125,-0.048417455218155436,0.9952093246831256,-47.90675316874382,9.164383561643835e-05,0.0005345386975,0.1951066245875,0.0002139059043518031,0.0003206327931481969,1.4184221601461733,1.4565744900648068,0.0007564872986673923,1.2701585045440265
2024-03-24,3454.636474609375,3470.344482421875,3301.27734375,3336.666015625,12156660941,3345.13002605626,85361721.26604527,5.24,21.236141274,3.015,33454878812.0,5906,210057645.4,105028.8227,0.035378137308897495,0.03476671005015852,0.7938246333096118,0.041550680341565505,3336.593994140625,0.008262504446560737,1.0025583070432378,25.58307043237784,8.26027397260274e-05,0.0005251441135,0.1916776014275,0.00021580737960586976,0.00030933673389413026,1.4686032940898075,1.4686094432657142,0.017998405388342877,1.293019332216261
2024-03-25,3590.8837890625,3657.118896484375,3421.79052734375,3454.8857421875,18603921705,3447.4356589033887,99528085.78323768,5.23,29.623241049,3.165,34915326033.0,6920,347602175.6,173801.0878,0.039438972943898865,0.038681118505865086,0.7997632575790602,0.04186152214255592,3454.636474609375,0.030583454768645213,0.9979156082676396,-20.84391732360413,8.671232876712329e-05,0.000869005439,0.317186985235,0.0002190483795114624,0.0006499570594885376,1.5265234996707362,1.5135245937466364,0.020369443531437968,1.3193574164888977
2024-03-26,3587.5048828125,3678.789794921875,3545.4287109375,3591.085205078125,18505553577,3582.3681175406177,97551779.71155176,5.22,34.984052996,3.467,34702003833.0,6720,422666332.7,211333.1664,-0.0009409678643157449,-0.000941410852490776,0.7909278286146871,0.04139905465392598,3590.8837890625,0.03913994980261659,0.9976285304615482,-23.71469538451798,9.498630136986301e-05,0.001056665832,0.38568302868,0.0002142352157798438,0.0008424306162201562,1.5250870901134232,1.5727638703709055,0.00037194668406228377,1.3198481471050538
2024-03-27,3500.115234375,3664.383056640625,3460.3935546875,3587.313720703125,18753082145,3590.4985797891445,132485917.07755315,5.22,39.817196793,3.255,33885814744.0,6687,356770127.8,178385.0639,-0.024359450730277232,-0.024661050087006586,0.7951111091212357,0.041618017563129266,3587.5048828125,0.00226957754807966,1.0008344788577117,8.344788577117068,8.917808219178081e-05,0.0008919253195,0.32555274161750003,0.000216507423235617,0.000675417896264383,1.4879368062824234,1.5763333799395303,-0.011504307468874233,1.3046642082085333
2024-03-28,3561.2939453125,3609.705322265625,3465.332275390625,3500.216064453125,16419674157,3498.734123636208,238445892.8480865,5.23,37.886051029,3.186,34427611674.0,6390,270459537.5,135229.7687,0.017479056214108946,0.01732805454941122,0.7943462378664715,0.04157798237188475,3500.115234375,-0.02555758040665357,0.9996054099232997,-3.9459007670028523,8.728767123287671e-05,0.0006761488434999999,0.24679432787749997,0.00021609107726459488,0.00046005776623540503,1.5139445373624756,1.5360461128340337,0.009199585873289878,1.3166665786277554
2024-03-29,3511.80615234375,3583.701416015625,3475.7255859375,3561.01171875,12712701619,3552.378511969561,220450718.7669043,5.23,29.083964023,3.299,33672616598.0,6529,231357931.6,115678.9658,-0.013896014686989755,-0.013993468162302847,0.783386988445134,0.041004349039808645,3561.2939453125,0.01533251354281262,0.9974965747057544,-25.034252942456312,9.038356164383561e-05,0.000578394829,0.211114112585,0.00021016958002230703,0.000368225248977693,1.4929067418359987,1.5595975606614463,-0.006579782094517184,1.3080031994492514
2024-03-30,3507.9443359375,3566.08447265625,3489.902099609375,3511.82763671875,9389066783,3504.052295323504,83723324.9809911,5.23,25.026990671,3.119,33907787038.0,6271,140633005.4,70316.5027,-0.0010996667352133338,-0.0011002718123069855,0.7817625953731059,0.04091932442044972,3511.80615234375,-0.0136039041119137,0.9977920600728286,-22.079399271713875,8.545205479452056e-05,0.0003515825135,0.12832761742749998,0.00020929888887825156,0.00014228362462174841,1.4912650419532258,1.5383809449930335,-0.0004075497429849185,1.3074701230814922
2024-03-31,3647.8564453125,3655.218994140625,3507.24267578125,3507.95166015625,10499881424,3497.885666487047,54151142.62227749,5.23,23.756563956,3.07,35114644706.0,6001,179268808.0,89634.40402,0.03988435846648297,0.039109513188567036,0.7876325649215785,0.04122657266910438,3507.9443359375,-0.0017598563938920897,0.9971326028901296,-28.673971098703845,8.410958904109588e-05,0.0004481720201,0.1635827873365,0.000212453786755118,0.00023571823334488199,1.5507431914550232,1.5356736154507458,0.02017789746658637,1.3338521211656555
2024-04-01,3505.030029296875,3648.129150390625,3418.6953125,3647.819580078125,16002098681,3631.8507534957967,53244339.426461,5.23,28.461218194,3.127,33670763638.0,7031,284801354.2,142400.6771,-0.03915351882861429,-0.03994063181430363,0.8009601063387519,0.041924168069810426,3647.8564453125,0.038298875315525116,0.9956123021679566,-43.87697832043402,8.567123287671233e-05,0.0007120033855,0.2598812357075,0.000219704483543214,0.000492298901956786,1.4900261387100435,1.5944881877742356,-0.019084460512350358,1.3083962730299548
2024-04-02,3277.234619140625,3506.962890625,3215.985107421875,3504.818359375,22076539151,3500.2371763702035,122958066.55887882,5.22,41.928245505,3.501,31175779818.0,8225,383303860.0,191651.93,-0.0649910010049034,-0.06719912514608062,0.831823927002472,0.04353965427760295,3505.030029296875,-0.03623870749614644,0.9986325786408076,-13.674213591924333,9.591780821917808e-05,0.0009582596499999999,0.34976477224999997,0.00023696268682664863,0.0007212969631733514,1.3931878484318068,1.5367059967314245,-0.03177420353927835,1.2668230235406677
2024-04-03,3311.44189453125,3368.111572265625,3205.649169921875,3277.32421875,16010734587,3267.8988853438373,142015155.53050914,5.22,35.65671527,3.413,31442373725.0,6424,252286115.3,126143.0576,0.010437847565395009,0.010383749354783589,0.8198218759768832,0.04291143821490879,3277.234619140625,-0.06637787078968871,0.9971513379779823,-28.48662022017723,9.350684931506849e-05,0.000630715288,0.23021108012000002,0.0002301739412089918,0.00040054134679100826,1.4077297308236987,1.4347027246386461,0.0056194651294885125,1.2739418913466876
2024-04-04,3330.04052734375,3443.20751953125,3253.3193359375,3311.495361328125,14476330517,3309.7312647951485,106049655.28138454,5.21,32.890936091,3.384,31769947323.0,6150,226098562.8,113049.2814,0.00561647566373269,0.005600762073500576,0.8177436923162339,0.0428026611105568,3311.44189453125,0.012801001780968546,0.9994834184652532,-5.165815347467628,9.27123287671233e-05,0.000565246407,0.20631493855500002,0.00022900847476814643,0.00033623793223185364,1.415636210597983,1.4530683567719058,0.003144475764098198,1.2779477707488966
2024-04-05,3318.88525390625,3345.66650390625,3214.244140625,3330.005859375,15214447092,3323.369399251932,78565233.32371975,5.23,23.332158093,3.489,31829397101.0,6710,287456903.9,143728.4519,-0.0033498911937862585,-0.0033555146414272485,0.7730829054266971,0.040465008684588105,3330.04052734375,0.00412061686151044,0.9979966826118062,-20.033173881938147,9.55890410958904e-05,0.0007186422595,0.2623044247175,0.00020467711598047385,0.0005139651435195261,1.4108939833224958,1.4590558947437473,-0.0011609804533736032,1.2764640983666247
2024-04-06,3354.183837890625,3397.592529296875,3308.9833984375,3318.86474609375,8956926798,3319.4282376636256,88165745.11806683,5.23,16.084542564,3.347,31913090574.0,5378,112847277.0,56423.6385,0.010635674717235144,0.010579513784222172,0.7720322653190759,0.04041001566795193,3318.88525390625,-0.0011858933253683368,1.0001636042574045,1.6360425740447049,9.169863013698631e-05,0.00028211819250000003,0.10297314026250001,0.00020412117078551505,7.799702171448498e-05,1.425899792789618,1.4573256100968313,0.005395834380332057,1.2833516872338508
2024-04-07,3453.49462890625,3458.50830078125,3346.11474609375,3354.2138671875,9931108526,3358.744714137228,87404793.51714152,5.23,18.607930808,3.041,32443916249.0,5552,318795864.7,159397.9323,0.02960803456678729,0.02917818085012769,0.7805197139769748,0.040854269034881985,3354.183837890625,0.011844351996377345,1.0013597573857107,13.597573857107026,8.331506849315068e-05,0.0007969896615,0.2909012264475,0.00020863391229681462,0.0005883557492031853,1.468117883143308,1.4745866875961535,0.01539237303259683,1.303105515135767
2024-04-08,3695.292724609375,3727.616455078125,3409.51171875,3453.498779296875,19055143129,3448.736049223783,89725954.29542287,5.23,27.299946961,3.148,35126869237.0,6809,517654549.9,258827.2749,0.07001548335394525,0.06767311879336724,0.8191413597923495,0.042875818369839315,3453.49462890625,0.02679314528066823,0.9986220972684778,-13.779027315221626,8.624657534246575e-05,0.0012941363745,0.4723597766925,0.0002297919751104313,0.0010643443993895688,1.5709088663521575,1.5140955029458567,0.0360720860763622,1.3501112494443266
2024-04-09,3505.163330078125,3724.92236328125,3455.107666015625,3695.341796875,18279773833,3687.949143931034,109123376.72576742,5.23,29.80683749,3.22,33276151304.0,6665,532520030.3,266260.0151,-0.051451781685670994,-0.052822654510865874,0.8379669840610867,0.04386119657983451,3695.292724609375,0.06936254073752357,0.9980127201752015,-19.87279824798516,8.821917808219178e-05,0.0013313000755,0.4859245275575,0.00024047557067686083,0.0010908245048231392,1.4900828063125213,1.61911701394944,-0.02463506633801236,1.3168511692505689
2024-04-10,3543.737060546875,3561.516357421875,3415.180419921875,3505.156005859375,16872482726,3498.7600918460253,209385739.37910327,5.25,22.350673267,3.36,33065845586.0,7042,441239219.2,220619.6096,0.011004831112360725,0.010944718575245815,0.8202123266092767,0.042931875335067315,3505.163330078125,-0.051299257311165025,0.9981731983279772,-18.2680167202276,9.205479452054794e-05,0.001103098048,0.40263078752000003,0.00023039323997322016,0.0008727048080267799,1.5064809159394232,1.5360575136339625,0.0063751203642071425,1.3252462539562881
2024-04-11,3505.247802734375,3616.1943359375,3477.171142578125,3543.4521484375,14076734489,3535.2162292032094,116962704.94976228,5.25,22.956079294,3.45,32973417956.0,6802,528740136.7,264370.0684,-0.010861205883757163,-0.010920619373457896,0.8183159300852384,0.04283261340432746,3543.737060546875,0.010419730533152594,0.9975955238218632,-24.04476178136772,9.452054794520548e-05,0.001321850342,0.48247537483,0.00022932909638057153,0.0010925212456194284,1.490118716551454,1.5520628190094528,-0.004338081696259153,1.3194972274389642
2024-04-12,3243.034912109375,3552.589111328125,3103.43017578125,3505.329833984375,22104869556,3500.86747603852,102180694.101232,5.25,32.16505669,3.146,30223893379.0,7968,584081151.2,292040.5756,-0.07480580700184813,-0.07775162512730915,0.8562796757864916,0.04481972667344419,3505.247802734375,-0.009716167537630604,0.9987503517747197,-12.496482252802865,8.619178082191781e-05,0.0014602028779999998,0.5329740504699999,0.00025110098738528056,0.0012091018906147193,1.3786491834312642,1.5369827166310297,-0.03619380161030935,1.271739606563685
2024-04-13,3004.900390625,3299.663818359375,2862.3935546875,3242.94091796875,29930408174,3235.2530786008465,188021469.70630687,5.25,47.579524113,4.31,27507790373.0,8750,605102430.9,302551.2155,-0.07342952756850973,-0.07626517308246328,0.8861644137100579,0.04638396534839755,3243.034912109375,-0.07587102318372685,0.9976004471985573,-23.995528014426615,0.00011808219178082192,0.0015127560775,0.5521559682875,0.0002689340301801681,0.001243822047319832,1.2774156252091948,1.4203702653045294,-0.03547094173693504,1.226629805074712
2024-04-14,3156.94189453125,3174.66650390625,2914.4228515625,3005.547607421875,25486284994,2996.650475790675,341656381.5086519,5.25,14.997630017,4.436,29603525849.0,10197,545171249.5,272585.6248,0.050597851556279494,0.04935938456731037,0.9014868862481995,0.04718598021636704,3004.900390625,-0.0737508309283057,0.9972545130414093,-27.454869585906707,0.00012153424657534245,0.001362928124,0.49746876526,0.0002783145911224227,0.0010846135328775772,1.3420501113892016,1.3156167780124624,0.026383539311017324,1.258992640756966
2024-04-15,3101.600341796875,3277.5615234375,3026.538818359375,3156.830078125,21925843181,3151.6763223197763,241354406.84749025,5.25,18.448168036,3.101,29020898814.0,8632,501809120.0,250904.56,-0.01753011445356112,-0.01768558655178687,0.8823592173459711,0.04618479226768592,3156.94189453125,0.05173304253583244,0.9983320655281634,-16.67934471836552,8.495890410958904e-05,0.0012545228,0.457900822,0.0002666293796011626,0.0009878934203988374,1.3185238193341344,1.383677636750236,-0.007777163806381723,1.24920124875877
2024-04-16,3084.920166015625,3127.160888671875,2997.754638671875,3101.140625,19441391169,3097.454295369382,165650304.35077518,5.25,13.971156075,3.551,29035947410.0,8020,360193317.7,180096.6589,-0.005377925568445963,-0.005392438667119137,0.8718558424773265,0.04563502050026777,3101.600341796875,-0.01720418640911836,0.9986632557484532,-13.367442515468397,9.728767123287671e-05,0.0009004832945,0.3286764024925,0.00026031938700748244,0.0006401639074925176,1.3114328963735324,1.3598725887574565,-0.0020487988767304635,1.2466418866435027
2024-04-17,2984.7275390625,3123.669677734375,2918.5537109375,3084.923583984375,17711869375,3077.541942036283,122134124.32142812,5.25,24.998212649,3.191,28211076305.0,7080,310736592.0,155368.296,-0.03247819118850337,-0.03301731292502197,0.8711424203866553,0.04559767828135161,3084.920166015625,-0.00642861893486768,0.9976082933812608,-23.9170661873922,8.742465753424658e-05,0.00077684148,0.2835471402,0.00025989353308120556,0.0005169479469187945,1.2688399280342202,1.351130486084363,-0.01572214764733289,1.2270419988383439
2024-04-18,3066.027587890625,3094.842041015625,2956.12744140625,2984.705322265625,15183777035,2976.988480033677,173104087.43574002,5.25,14.827204743,3.237,28674723530.0,7213,293509308.3,146754.6541,0.027238683519387852,0.0268743124339057,0.7949559860768,0.041609898051889,2984.7275390625,-0.03267330353134812,0.9974071137390136,-25.928862609864154,8.868493150684932e-05,0.0007337732705000001,0.2678272437325,0.0002164229519860745,0.0005173503185139256,1.303401457270707,1.3069845896020706,0.014136692078207853,1.2443883137429501
2024-04-19,3059.278564453125,3127.114990234375,2868.7958984375,3065.953125,20399982867,3063.006188034227,105421033.199295,5.25,14.229829052,3.295,28811666039.0,8980,440509976.6,220254.9883,-0.0022012272375354636,-0.0022036534993663537,0.6934536368325706,0.03629702227253536,3066.027587890625,0.028894202506143607,0.9990145555544473,-9.854444455527078,9.027397260273973e-05,0.0011012749414999999,0.40196535364749997,0.00016468422823161602,0.0009365907132683839,1.3005323744815194,1.3447488670064418,-0.00016402290549934792,1.2441842055561605
2024-04-20,3157.627197265625,3170.6728515625,3021.784912109375,3059.47802734375,9918642130,3063.766918474181,236861768.32181203,5.25,9.562570897,3.173,29433218852.0,6050,181566545.6,90783.27279,0.032147655318233825,0.03164173368360679,0.704850618795458,0.036893567573005805,3059.278564453125,0.0002483607257881548,1.0014671282547485,14.671282547484843,8.693150684931507e-05,0.00045391636395000003,0.16567947284175,0.00017014191603299318,0.00028377444791700685,1.3423414409865555,1.3450828498110543,0.01635760210703392,1.2645360757385042
2024-04-21,3147.28857421875,3197.50634765625,3119.552001953125,3157.571044921875,9394387894,3150.5014516512056,71109078.1230062,5.25,9.913422718,2.94,29335706943.0,5572,162327129.3,81163.56467,-0.0032741746890918577,-0.0032795465278034897,0.6873212665022298,0.03597603933922708,3157.627197265625,0.028309768818908898,0.9977433227011124,-22.566772988875663,8.054794520547945e-05,0.00040581782335000004,0.14812350552275003,0.00016178442581720178,0.00024403339753279826,1.3379463806163583,1.3831618343314844,-0.0013930539470131305,1.262774508767056
2024-04-22,3201.652099609375,3236.6591796875,3131.367431640625,3147.66357421875,12063858733,3147.5215962317625,69580988.90880074,5.22,13.709597369,3.058,29906775524.0,6591,234231044.7,117115.5223,0.017273130222613897,0.01712564563340635,0.6904826174025868,0.036141512008121976,3147.28857421875,-0.0009458352789779578,1.0000740389727594,0.7403897275937155,8.378082191780821e-05,0.0005855776114999999,0.21373582819749998,0.00016327611127915311,0.0004223015002208468,1.3610569026796195,1.3818535910720378,0.009058866611527796,1.2742138146024145
2024-04-23,3219.91162109375,3264.41943359375,3154.58984375,3201.588623046875,11054442653,3199.4292433695387,152664800.15547636,5.25,15.486230693,3.098,30004411402.0,6795,188150457.7,94075.22886,0.0057031560320381924,0.005686954607986294,0.6786736645417366,0.035523403165311065,3201.652099609375,0.016491593639872182,0.9993057158708445,-6.942841291555091,8.487671232876712e-05,0.0004703761443,0.1716872926695,0.00015773902155565402,0.000312637122744346,1.368819222564084,1.4046425589657958,0.0031642151387634423,1.278245701244601
2024-04-24,3139.80517578125,3292.921630859375,3105.982177734375,3219.95703125,14000234760,3216.498057697004,78155421.6968592,5.26,19.320031364,3.742,29366085501.0,6662,237611147.2,118805.5736,-0.024878460883124842,-0.025193160248653257,0.666537052280409,0.034888143845633005,3219.91162109375,0.005334956027809756,0.9989398580462943,-10.6014195370574,0.00010252054794520549,0.000594027868,0.21682017182,0.0001521478226241975,0.00044188004537580247,1.3347651070794542,1.4121362652526686,-0.011997350396186619,1.26291013967435
2024-04-25,3156.509521484375,3190.976318359375,3074.8046875,3139.624267578125,13989030260,3136.2785484606848,100801155.14496148,5.26,14.855679502,3.293,29750078559.0,6635,242640553.6,121320.2768,0.005320185415315981,0.005306083224290603,0.6673096467163836,0.034928583286657926,3139.80517578125,-0.024940014822752876,0.9988768005901233,-11.231994098767073,9.021917808219179e-05,0.000606601384,0.22140950516,0.00015250074130162492,0.0004541006426983751,1.341866304935011,1.3769175658655202,0.003114193350356366,1.2668430860334217
2024-04-26,3130.164794921875,3166.188720703125,3103.10400390625,3156.384033203125,10622333862,3155.295980772757,99318162.86916724,5.25,10.299846723,3.058,29399844844.0,6435,170519030.1,85259.51504,-0.008346157799679732,-0.008381181989109976,0.6634522739521808,0.03472667916834475,3156.509521484375,0.0060636936478126735,0.9996155434655406,-3.8445653445939865,8.378082191780821e-05,0.0004262975752,0.155598614948,0.00015074278075764366,0.0002755547944423563,1.3306668770079502,1.3852667721632206,-0.0038975241053975096,1.2619055345678503
2024-04-27,3252.168212890625,3279.451171875,3071.340087890625,3129.72705078125,11820785577,3129.2579231366203,76519175.43221514,5.25,8.060109553,3.004,30259833329.0,6503,183985218.9,91992.60944,0.03897667565831631,0.038236263028071704,0.6756976794607916,0.035367632986847246,3130.164794921875,-0.008252175959023611,0.9997102798591544,-2.8972014084560627,8.23013698630137e-05,0.0004599630472,0.167886512228,0.0001563586828865407,0.00030360436431345935,1.3825318482823536,1.373835307009141,0.019791942193471614,1.286881095961639
2024-04-28,3262.774658203125,3351.176513671875,3249.149169921875,3252.24560546875,11379192678,3257.933335167844,78401520.72171728,5.25,9.377267385,2.942,30888607086.0,5701,217644515.8,108822.2579,0.0032613458524253236,0.003256039198799243,0.6748522849151649,0.035323383013926415,3252.168212890625,0.04112010425214341,1.0017727011334676,17.727011334676135,8.06027397260274e-05,0.0005441112894999999,0.19860062066749998,0.00015596767344356816,0.00038814361605643175,1.3870407627915953,1.4303275580586323,0.0020188165422690934,1.2894790728060996
2024-04-29,3215.428955078125,3285.46875,3116.199951171875,3262.3408203125,15032246816,3257.766494016068,85522481.1978054,5.25,11.27049329,3.031,29863072008.0,6490,272045738.2,136022.8691,-0.01451087129353712,-0.01461718369681897,0.6761573007200556,0.035391690663090225,3262.774658203125,-5.121073226843631e-05,0.9984650597385064,-15.349402614935892,8.304109589041096e-05,0.0006801143455,0.2482417361075,0.00015657147099898348,0.0005235428745010165,1.366913592803837,1.4302543099370004,-0.006731892772267543,1.280798437955886
2024-04-30,3012.286865234375,3249.37841796875,2918.228759765625,3215.381103515625,18266894653,3212.590235064842,122272950.37927014,5.25,17.410912238,3.046,27877082840.0,8333,345339540.7,172669.7703,-0.06317729070733402,-0.06526122564673109,0.6923489816192336,0.03623920197604791,3215.428955078125,-0.013867248937026844,0.9991171566677598,-8.828433322402018,8.345205479452054e-05,0.0008633488515000001,0.3151223307975,0.00016415996998259933,0.0006991888815174007,1.2805556953794626,1.4104206173778484,-0.03088945647214961,1.2412352703570506
2024-05-01,2969.78466796875,3020.17333984375,2815.92333984375,3011.015625,20005057445,3018.970639338112,187719222.12035552,5.26,11.932315948,3.31,27684411734.0,9583,449358198.1,224679.0991,-0.014109611457047588,-0.014210098365436963,0.6823971265536526,0.03571829807450033,3012.286865234375,-0.06026899839680988,1.002218837183429,22.188371834290788,9.06849315068493e-05,0.0011233954954999999,0.41003935585749995,0.00015947460216735677,0.0009639208933326432,1.262487552068549,1.3254159794502753,-0.006090884835191151,1.2336750492719284
2024-05-02,2988.16845703125,3015.05029296875,2894.329833984375,2969.79443359375,13163903903,2972.511527037976,204999383.03677905,5.25,10.427611075,3.103,28080831828.0,6960,313898051.5,156949.0258,0.0061902767768931,0.006171195717810107,0.6459508976944238,0.03381061526718852,2969.78466796875,-0.015389057347812374,1.0009182009384845,9.182009384844925,8.5013698630137e-05,0.000784745129,0.286431972085,0.00014289471309323015,0.0006418504159067699,1.2703026994432356,1.305019076932808,0.0037369888043533197,1.2382852791192676
2024-05-03,3103.5419921875,3127.1552734375,2960.18212890625,2988.134521484375,12862183229,2981.906746828301,109066164.63612364,5.25,9.847850187,2.934,29054286667.0,7007,196171226.9,98085.61343,0.03861011747338838,0.03788339383392447,0.6601302975620822,0.034552798977059006,2988.16845703125,0.0031607008769742873,0.9979044989286949,-20.955010713050726,8.038356164383563e-05,0.00049042806715,0.17900624450975,0.00014923698964363122,0.00034119107750636875,1.3193492358955012,1.3091438518737377,0.01964624981420056,1.2626129410540916
2024-05-04,3117.576416015625,3167.541259765625,3096.267578125,3103.61962890625,8283229638,3097.8525306727665,96385031.94114733,5.25,7.92721392,2.999,29190217620.0,5921,128423386.5,64211.69327,0.004522066678476877,0.004511872854834564,0.6599800580505444,0.03454493508161329,3103.5419921875,0.038883101883649074,0.9981667844259703,-18.332155740297118,8.216438356164384e-05,0.00032105846635,0.11718634021775,0.0001491690674741096,0.0001718893988758904,1.3253154211124183,1.360047425646497,0.0024329227381143293,1.2656847807878195
2024-05-05,3137.2490234375,3170.05517578125,3075.586181640625,3117.636962890625,8783447639,3113.7214869835007,61140701.66221563,5.25,7.708524885,2.829,29277399792.0,5914,150235415.2,75117.7076,0.006310224609351378,0.006290398503118411,0.6606243699954568,0.03457865991017107,3117.576416015625,0.005122566730859868,0.9987634853111151,-12.3651468888486,7.75068493150685e-05,0.00037558853799999996,0.13708981636999998,0.00014946046514790898,0.00022612807285209098,1.3336784590978747,1.3670143593415054,0.00338124037752778,1.2699643652738417
2024-05-06,3062.728759765625,3220.15234375,3048.238525390625,3137.51025390625,13008587255,3134.620561276685,47496657.743836045,5.25,8.31242434,2.887,28826959941.0,7666,223196102.2,111598.0511,-0.02375337855399917,-0.024040038580963596,0.6634394780001286,0.03472600939760311,3137.2490234375,0.006711927955197705,0.9991621761163432,-8.378238836568297,7.90958904109589e-05,0.0005579902555,0.2036664432575,0.00015073696608530247,0.00040725328941469756,1.3019990897896085,1.3761896612351263,-0.011469435987584887,1.2553985902798195
2024-05-07,3006.5771484375,3129.081298828125,3003.013671875,3062.7509765625,11743187337,3063.751766082146,93103380.7717487,5.25,8.58754592,2.922,28483572707.0,7055,224273594.4,112136.7972,-0.01833385054066039,-0.018503998431244284,0.6550993628996908,0.03428946782153061,3062.728759765625,-0.022608412664043454,1.0003340179287046,3.3401792870457747,8.005479452054795e-05,0.000560683986,0.20464965489,0.0001469709504354729,0.00041371303556452714,1.27812843307333,1.3450761974699323,-0.008753212234765669,1.2444098199798745
2024-05-08,2973.6572265625,3037.196044921875,2938.47265625,3006.315673828125,11791662158,3013.828659450414,72508329.78358273,5.25,7.388610391,2.955,27771200544.0,7660,299410040.9,149705.0205,-0.010949302229649516,-0.011009687024775339,0.6010769334812466,0.03146180463012511,3006.5771484375,-0.016294762253396433,1.0024118825677506,24.118825677506006,8.095890410958904e-05,0.0007485251025,0.2732116624125,0.00012373064382302022,0.0006247944586769798,1.2641338185713018,1.3231585006194573,-0.004849856656147778,1.2383746107314695
2024-05-09,3036.0205078125,3057.958251953125,2951.223876953125,2973.9716796875,10861947179,2973.9035592286373,69255604.09919487,5.25,6.855968572,2.91,28263829653.0,7661,179801887.5,89900.94377,0.0209719132026831,0.020755029698057648,0.5854392435454799,0.030643290529482257,2973.6572265625,-0.013247302595183696,1.0000828382854408,0.8283828544075611,7.972602739726027e-05,0.00044950471884999996,0.16406922238024998,0.00011737640680928213,0.0003321283120407178,1.2906451232909555,1.3056302195803617,0.01081808491338227,1.2517714524249393
2024-05-10,2909.791259765625,3052.7294921875,2881.000732421875,3036.231201171875,12278653601,3035.864690760059,54332384.82879631,5.26,8.520410039,2.934,27131548445.0,7195,200804262.4,100402.1312,-0.041577205332458456,-0.042466267818291215,0.5969026442638449,0.03124331234650526,3036.0205078125,0.02083494985543277,0.9999486772068766,-0.5132279312336507,8.038356164383563e-05,0.000502010656,0.18323388944,0.00012201807079766101,0.00037999258520233896,1.2369837059885513,1.3328329597350563,-0.020408610081026887,1.2262245369418379
2024-05-11,2911.60205078125,2942.1787109375,2888.083251953125,2909.845458984375,6795916454,2909.5434676167456,77219552.69176368,5.26,6.563965162,2.894,27325475523.0,5159,86048420.38,43024.21019,0.0006223095933592937,0.000622116039040499,0.5972015444289823,0.03125895749619517,2909.791259765625,-0.041609635478084384,0.9999148419502437,-0.8515804975628427,7.928767123287671e-05,0.00021512105095,0.07851918359675,0.00012214030296861704,9.298074798138296e-05,1.237753492815617,1.2773742661273044,0.00040413554466102984,1.2267200978629518
2024-05-12,2928.701904296875,2953.04736328125,2902.201904296875,2911.658203125,5908941395,2907.7966097360863,30115942.681678664,5.26,5.824352172,2.812,27368608800.0,5344,49292553.4,24646.2767,0.005873005038939505,0.005855826173073453,0.5395169296664183,0.02823960676298251,2911.60205078125,-0.0006003889957657549,0.9986930078428325,-13.069921571674525,7.704109589041095e-05,0.0001232313835,0.0449794549775,9.968442376598594e-05,2.3546959734014057e-05,1.2450228253158881,1.2766073446744473,0.0029600494792037667,1.2303512500497598
2024-05-13,2949.359619140625,2994.869140625,2865.134521484375,2928.81396484375,13352264795,2930.349700927456,23068650.2571612,5.25,11.148457218,2.888,27635739808.0,7194,148957231.3,74478.61567,0.007053539594945368,0.007028779746073077,0.4719203565260364,0.024701440416303014,2928.701904296875,0.007756075894667536,1.0005626371971021,5.626371971021449,7.912328767123287e-05,0.00037239307835,0.13592347359775,7.627014483002101e-05,0.000296122933519979,1.2538046431108645,1.2865088081274323,0.003822892730992663,1.2350547509001428
2024-05-14,2881.157958984375,2959.546630859375,2863.5458984375,2949.213134765625,12444516140,2947.060448140488,85467103.37180205,5.24,9.604991843,3.087,27107555090.0,7197,164123406.9,82061.70344,-0.023124226599441355,-0.023395786097884397,0.44223746196715236,0.023147766705918733,2949.359619140625,0.0057026460724953765,0.9992204507767666,-7.795492232334222,8.457534246575342e-05,0.00041030851719999997,0.149762608778,6.697738793395497e-05,0.000343331129266045,1.2248113804321372,1.293845312529331,-0.011218782170454633,1.2211989406812092
2024-05-15,3037.056640625,3041.602294921875,2864.7353515625,2881.224609375,14666902956,2879.7662015358064,74683471.41376564,5.25,10.129042556,2.997,28237127744.0,7768,181046699.0,90523.3495,0.05410973083044013,0.05269655364749681,0.4794876482226322,0.025097530566624667,2881.157958984375,-0.022834362507610728,0.9995169451073557,-4.830548926443301,8.210958904109588e-05,0.00045261674749999997,0.1652051128375,7.873575506783243e-05,0.0003738809924321675,1.29108559454538,1.2643011796342634,0.027428746407652232,1.2546948967384475
2024-05-16,2945.131103515625,3041.80712890625,2925.08740234375,3036.01416015625,13035465176,3027.6584307716166,81492864.7750731,5.25,7.40396994,3.043,27494295812.0,7010,163983114.1,81991.55704,-0.030267969283067964,-0.03073550264355429,0.49062775988405144,0.02568063066101597,3037.056640625,0.05135563753645611,0.9969054874618837,-30.94512538116323,8.336986301369864e-05,0.0004099577852,0.149634591598,8.24368488934392e-05,0.0003275209363065608,1.252007055427869,1.3292301727524745,-0.014806463705227422,1.2361173022887555
2024-05-17,3094.11865234375,3120.3017578125,2934.112548828125,2945.136962890625,14449438097,2941.368124829561,85354989.59508847,5.25,8.502476608,2.906,28917923715.0,7345,204463226.2,102231.6131,0.050587747570991715,0.049349767153890944,0.5079428068330734,0.026586941640405048,2945.131103515625,-0.028500674007689852,0.9987223052034688,-12.776947965311702,7.961643835616439e-05,0.0005111580655,0.1865726939075,8.835818322378799e-05,0.000422799882276212,1.3153432723049547,1.2913462169176708,0.02571667366777207,1.2679061275668022
2024-05-18,3122.948974609375,3146.79052734375,3087.704345703125,3094.553466796875,9407051320,3091.057468160971,113037617.19262391,5.25,5.370062057,2.776,29119269053.0,6579,104890385.5,52445.19276,0.009317781735288744,0.009274638996405571,0.5003998680204035,0.026192126178286482,3094.11865234375,0.05089106054689552,0.9990106442167432,-9.893557832567623,7.605479452054793e-05,0.0002622259638,0.095712476787,8.575343421741001e-05,0.00017647252958258997,1.3275993538232729,1.3570641954298326,0.004835363397226962,1.2740369144471584
2024-05-19,3071.843017578125,3137.1484375,3056.75439453125,3122.82470703125,8747800800,3119.066331229682,47460465.53218225,5.25,5.46789363,2.853,28579330260.0,6377,124156978.6,62078.48932,-0.0163646468279689,-0.016500026654837185,0.50388533240922,0.026374563722530765,3122.948974609375,0.009061256012614649,0.9987567381307667,-12.43261869233292,7.816438356164385e-05,0.00031039244660000003,0.11329324300900001,8.695220144422948e-05,0.00022344024515577056,1.3058736592689153,1.3693609015301753,-0.007958883168828678,1.2638970034922985
2024-05-20,3663.85546875,3690.805908203125,3050.2978515625,3071.85888671875,31228143948,3069.5518678208496,73559079.51705703,5.25,18.809071595,2.88,34170060889.0,9249,637351784.3,318675.8922,0.19272223475749883,0.17623828680106612,0.7892761171308135,0.04131260012353834,3071.843017578125,-0.015874770893157475,0.9992541449077428,-7.4585509225721935,7.890410958904109e-05,0.001593379461,0.581583503265,0.00021334136612092248,0.0013800380948790773,1.5575445491941733,1.3476226109483362,0.0977411554736285,1.3874317570132924
2024-05-21,3789.312744140625,3837.372802734375,3628.096435546875,3663.01123046875,37643853967,3652.342660042163,233913139.4188693,5.25,17.542154481,3.936,35021996587.0,9986,858398953.5,429199.4768,0.03424187347472718,0.03366866891949982,0.7949252878925742,0.04160829123548861,3663.85546875,0.18986184867273503,0.99685773393464,-31.422660653600552,0.00010783561643835616,0.002145997384,0.78328904516,0.00021640623744215482,0.001929591146557845,1.610877792578931,1.6034847311761653,0.019050527883921434,1.4138630643873122
2024-05-22,3737.2177734375,3810.948486328125,3655.0751953125,3789.372802734375,25155809461,3793.177155527557,298294770.0254064,5.25,15.761197655,3.183,34959045610.0,7854,532259447.5,266129.7238,-0.013747867811565229,-0.013843244909626407,0.7968992672665223,0.04171161403819102,3789.312744140625,0.038560044495870915,1.0010198185391024,10.198185391023795,8.720547945205479e-05,0.001330648619,0.485686745935,0.00021748234320887678,0.001113166275791123,1.58873165762597,1.665315173758768,-0.005760767629991491,1.4057181278127493
2024-05-23,3776.92724609375,3943.553955078125,3552.642578125,3737.178466796875,45623656317,3739.302624157525,216906157.251158,5.26,15.571613824,3.191,35401832827.0,9914,1301244024.0,650622.012,0.010625410415868064,0.010569357450195938,0.7971221659312033,0.04172328108753177,3737.2177734375,-0.01420300955137943,1.000557861715965,5.578617159649468,8.742465753424658e-05,0.00325311006,1.1873851719,0.00021760402308864825,0.0030355060369113515,1.6056125835289283,1.641662686439815,0.008348211244845383,1.4174533596944388
2024-05-24,3726.9345703125,3825.12255859375,3631.990234375,3776.992431640625,22257061429,3765.5610921080743,392540213.87360007,5.26,11.463182504,4.24,34713288127.0,7887,553661050.7,276830.5254,-0.013236335392203924,-0.013324716440008544,0.7924657351172438,0.041479552359340505,3776.92724609375,0.007022290140655807,0.9969906346495206,-30.093653504793537,0.00011616438356164384,0.001384152627,0.505215708855,0.0002150691579914088,0.001169083469008591,1.5843601568633965,1.6531909181370839,-0.005449084227093371,1.4097295369494873
2024-05-25,3749.236572265625,3776.006591796875,3710.5283203125,3726.9755859375,10000027764,3725.37946488124,152697260.17436978,5.26,7.910674372,3.022,34745485827.0,6046,157206460.3,78603.23017,0.005984006837891798,0.005966173775719952,0.7924648015350694,0.04147950349341612,3726.9345703125,-0.010670820694171579,0.999582738735569,-4.172612644309792,8.27945205479452e-05,0.00039301615084999996,0.14345089506025,0.00021506865125754004,0.00017794749959245993,1.5938409788757504,1.6355500142764101,0.0031699509185383586,1.414198310390031
2024-05-26,3825.8974609375,3879.470703125,3732.02294921875,3749.179931640625,14650794791,3748.542378849093,46786112.795151,5.26,8.180356285,2.959,35702895399.0,7009,715333495.8,357666.7479,0.020447066274494885,0.020240831539787507,0.7923359667331435,0.04147275997167711,3749.236572265625,0.006217598552364256,0.9998148440614105,-1.8515593858947632,8.106849315068494e-05,0.0017883337395,0.6527418149175,0.0002149987274585429,0.0015733350120414572,1.6264303510018288,1.6457192076774945,0.011796868149288901,1.4308814213946492
2024-05-27,3892.0068359375,3973.556396484375,3821.930419921875,3826.127197265625,18949181813,3824.7083038222254,83525718.90189736,5.26,18.858871737,3.103,36093901178.0,6778,351389475.2,175694.7376,0.017279442451079374,0.017131850662019943,0.7851474270222227,0.04109649460635854,3825.8974609375,0.020318811227237,0.9996891821781906,-3.108178218094171,8.5013698630137e-05,0.000878473688,0.32064289612,0.00021111523361630705,0.000667358454383693,1.6545341606526536,1.6791582655913315,0.00930707967992338,1.4441987487960912
2024-05-28,3840.25634765625,3924.895751953125,3771.2138671875,3892.096923828125,19846044324,3893.323684248006,150943916.88810205,5.26,20.145931047,3.222,36232785916.0,6407,312641877.9,156320.9389,-0.013296607756030476,-0.01338579915596938,0.7880164931314568,0.04124666839006513,3892.0068359375,0.017940029663754853,1.000338346864745,3.3834686474509823,8.827397260273972e-05,0.0007816046945,0.2852857134925,0.0002126609566599998,0.0005689437378400002,1.632534468899502,1.7092824146861791,-0.0060793601401752375,1.4354189444881693
2024-05-29,3763.196533203125,3880.6484375,3742.041259765625,3840.235107421875,17411416736,3839.234615418112,110773577.71489611,5.26,15.836536949,3.151,35742418096.0,6863,1003308854.0,501654.4271,-0.020066320442424512,-0.020270383528343316,0.7900708336737017,0.04135419748856092,3840.25634765625,-0.013892774712961353,0.9997339416576287,-2.660583423712559,8.632876712328767e-05,0.0025082721355,0.9155193294574999,0.00021377120624036232,0.0022945009292596377,1.5997755091132613,1.6855357391781174,-0.0077386592919526185,1.4243107263355612
2024-05-30,3746.849609375,3823.643310546875,3702.263671875,3763.357666015625,15065849797,3761.637459843731,87244906.34255262,5.26,16.802668106,3.237,35585717621.0,6096,408509836.7,204254.9183,-0.0043438931992773044,-0.004353355314895779,0.749165920840858,0.039213136495743144,3763.196533203125,-0.020211621155621917,0.9995857050394158,-4.14294960584205,8.868493150684932e-05,0.0010212745915,0.3727652258975,0.00019220875922922287,0.0008290658322707772,1.592826255158854,1.6514683293735881,-0.001342880767367875,1.4223980468544095
2024-05-31,3760.026611328125,3843.857666015625,3723.835205078125,3746.861572265625,15290700646,3747.3793908512353,78686895.48700906,5.25,15.368563764,3.275,35918322227.0,5984,523638021.6,261819.0108,0.0035168216840502087,0.0035106521272609825,0.7453098531887855,0.03901130069012104,3746.849609375,-0.003790388931603217,1.0001413938458885,1.4139384588851556,8.972602739726028e-05,0.001309095054,0.47781969470999996,0.00019023519769187982,0.0011188598563081202,1.598427941071921,1.6452086220970372,0.0028772706983332245,1.4264906710759901
2024-06-01,3813.198974609375,3829.294677734375,3749.840087890625,3759.88427734375,8661024535,3759.2225495368166,79460158.18186629,5.25,10.295409535,3.131,36097095928.0,5018,115458916.6,57729.4583,0.014141485892959826,0.014042427874061403,0.7455904107479712,0.03902598574393517,3760.026611328125,0.0031603842179670494,0.9997861552923891,-2.1384470761087737,8.578082191780821e-05,0.0002886472915,0.1053562613975,0.0001903784454107289,9.826884608927109e-05,1.6210320872515025,1.650408113461576,0.007169011792569184,1.4367171995189238
2024-06-02,3780.89599609375,3834.911865234375,3752.41455078125,3813.275634765625,11126903059,3811.4102391314223,34028302.59623987,5.25,12.32404248,3.15,35927306227.0,4921,149291042.7,74645.52133,-0.00847135927884124,-0.008507445185164997,0.7398245562193323,0.038724187124488704,3813.198974609375,0.013882575161993538,0.9995309094831234,-4.690905168766024,8.63013698630137e-05,0.00037322760665,0.13622807642725,0.0001874453335565521,0.0001857822730934479,1.6072997420378652,1.6733200281446703,-0.004049897366327172,1.4308986423164352
2024-06-03,3766.38916015625,3848.60302734375,3758.919921875,3780.854248046875,14082454300,3777.9835872467593,51078795.40499755,5.26,16.197031216,3.266,35796738203.0,5146,189706425.5,94853.21276,-0.0038368778068711418,-0.0038442575052393124,0.7406922759003743,0.038769605648404676,3780.89599609375,-0.008770153247077528,0.999229704056922,-7.70295943077981,8.947945205479452e-05,0.0004742660638,0.173107113287,0.00018788529026660147,0.0002863807735333985,1.6011327293286504,1.6586447550664374,-0.0016320581299021722,1.4285633325541767
2024-06-04,3812.515869140625,3831.364990234375,3738.13427734375,3766.476318359375,13331489271,3765.434008498348,60586501.87548763,5.25,13.295168054,3.179,36265529170.0,5461,208610556.7,104305.2784,0.01224693121792586,0.0121725442811087,0.7409752275547795,0.03878441601488989,3766.38916015625,-0.0033217663493231298,0.9997464012301207,-2.5359876987929297,8.70958904109589e-05,0.000521526392,0.19035713308,0.00018802886570200593,0.00033349752629799405,1.6207416917355082,1.6531351247335764,0.0064569631352609244,1.4377875133288645
2024-06-05,3864.260986328125,3887.48583984375,3778.65576171875,3812.560791015625,15480034434,3814.347319810231,47902167.33425472,5.25,22.311745438,3.258,36717862224.0,5511,193703661.2,96851.8306,0.013572433260235606,0.01348115279251516,0.7330278068362761,0.03836842900219451,3812.515869140625,0.012990085924089678,1.0004803785039769,4.803785039768638,8.926027397260274e-05,0.000484259153,0.176754590845,0.00018401704301205512,0.0003002421099879449,1.6427391001786698,1.6746094920479961,0.007086458740105748,1.4479763352191088
2024-06-06,3811.60595703125,3878.05224609375,3761.775390625,3864.263427734375,13606583873,3866.7930279941256,80663217.27354361,5.25,23.253144115,3.499,36146875321.0,5069,156419725.8,78209.86292,-0.0136261576231963,-0.013719845755309379,0.7310585799459929,0.0382653549558563,3864.260986328125,0.013749589061151202,1.0006552460289198,6.552460289197537,9.586301369863013e-05,0.0003910493146,0.142732999829,0.00018302967373720952,0.00020801964086279048,1.6203548782658475,1.6976346844015593,-0.00660505917073536,1.4384123658471621
2024-06-07,3678.629150390625,3838.4521484375,3615.2802734375,3811.666015625,18220286186,3810.533249319533,63162023.67377925,5.26,20.070499691,3.372,35111188709.0,5885,207331515.9,103665.7579,-0.03488734358684775,-0.0355104420599659,0.743920469091283,0.03893857700269112,3811.60595703125,-0.014549467289118656,0.9997185680461701,-2.814319538299026,9.238356164383562e-05,0.0005183287895,0.18919000816749998,0.0001895265973743132,0.0003288021921256868,1.563825000895162,1.6729350040919855,-0.01711486960129819,1.4137941257727933
2024-06-08,3680.949951171875,3707.497314453125,3669.637939453125,3677.400390625,9096091805,3676.42367384757,77846788.75647777,5.26,10.447513187,3.319,34985076582.0,5470,88133388.16,44066.69408,0.0006308874002707299,0.0006306884744766705,0.7425789039477808,0.038868356273708896,3678.629150390625,-0.03519443781153497,0.9994004623861525,-5.995376138474562,9.093150684931506e-05,0.0002203334704,0.080421716696,0.0001888436399274957,3.148983047250429e-05,1.564811598384455,1.61405699712773,0.0003469335306078693,1.4142846183604003
2024-06-09,3705.90380859375,3719.36767578125,3668.12353515625,3680.93603515625,7910768788,3681.049501815064,24835246.06255167,5.26,9.954544276,3.044,35269566359.0,5138,80534468.24,40267.23412,0.006779189544245501,0.0067563141649671365,0.7213376747870691,0.037756539524915166,3680.949951171875,0.001258241263214499,1.0000270448238933,0.27044823893263015,8.339726027397261e-05,0.0002013361706,0.073487702269,0.00017819453461206014,2.314163598793987e-05,1.575419752810937,1.6160878702426964,0.0034127364081106906,1.4191111989689098
2024-06-10,3666.717529296875,3711.4287109375,3648.16455078125,3705.877197265625,10377300126,3703.280224386967,41602574.9644794,5.25,13.600129963,3.242,34867335185.0,6126,255859686.6,127929.8433,-0.010574014146293997,-0.0106303162786201,0.7238617068204879,0.037888653399682705,3705.90380859375,0.006039234886936695,0.9992920528048518,-7.079471951482175,8.882191780821918e-05,0.0006396492165,0.23347196402249998,0.00017944375705516096,0.000460205459444839,1.5587612420583632,1.6258478044890212,-0.00482680161370216,1.4122614307437038
2024-06-11,3498.33056640625,3669.890869140625,3434.7490234375,3666.35888671875,19184721538,3664.235578297597,61973519.35852483,5.25,17.520373607,3.577,33191496875.0,7741,373924995.8,186962.4979,-0.04592308012417712,-0.047010981983525824,0.7486097396658233,0.039184024642512395,3666.717529296875,-0.010543259954310713,0.9993231136624385,-6.768863375614664,9.799999999999998e-05,0.0009348124894999999,0.3412065586675,0.00019192347339812732,0.0007428890161018726,1.4871781246448552,1.6087060684401482,-0.022218651045986686,1.3808828868283036
2024-06-12,3559.61767578125,3652.4921875,3463.784912109375,3497.89697265625,17142905351,3497.815230714229,147345134.2358924,5.25,20.148460747,3.263,33937043617.0,6189,302199959.0,151099.9795,0.01751895888957078,0.01736727097632773,0.7496695440250273,0.03923949733799967,3498.33056640625,-0.04541748040683746,0.9998526909672375,-1.473090327624993,8.93972602739726e-05,0.0007554998975,0.2757574625875,0.00019246726891736037,0.0005630326285826396,1.5132319370719773,1.5356426920964072,0.009322512073368028,1.3937561842126678
2024-06-13,3469.28125,3559.725341796875,3431.33349609375,3559.725341796875,14472382154,3559.154469519449,85574664.19567607,5.25,17.060548399,3.674,33064632708.0,6897,277176147.7,138588.0739,-0.025378125970065946,-0.02570570471426059,0.7508623236414074,0.0393019302765588,3559.61767578125,0.01753644339660987,0.9998698719064824,-1.301280935176452,0.00010065753424657535,0.0006929403694999999,0.25292323486749996,0.00019308021543293618,0.0004998601540670638,1.4748289463510378,1.5625724032437736,-0.012189202830965909,1.3767674073863865
2024-06-14,3480.27197265625,3528.602294921875,3366.223876953125,3467.969970703125,15793876596,3466.128931882317,81696810.75547858,5.25,12.954823276,3.073,33233388091.0,6797,313375939.3,156687.9696,0.003168011430681794,0.003163003855718216,0.7318881576516996,0.03830877703753773,3469.28125,-0.026136976754957186,0.9990913627663703,-9.086372336296611,8.41917808219178e-05,0.000783439848,0.28595554452,0.0001834452997639723,0.0005999945482360277,1.4795012213113783,1.5217314846622534,0.002184000263576925,1.3797742677670024
2024-06-15,3565.549560546875,3589.887451171875,3473.45263671875,3479.78564453125,12733651076,3479.577040830458,88576233.3254067,5.25,6.920378392,3.126,33920186365.0,5228,141718389.3,70859.19463,0.024503138996214258,0.024207752622055878,0.7236018269835127,0.03787505066731554,3480.27197265625,0.0038798640248036698,0.9998003225520155,-1.9967744798454756,8.564383561643834e-05,0.00035429597315,0.12931803019975,0.0001793149328814649,0.0001749810402685351,1.5157536453822398,1.5276355959050056,0.012426550538375665,1.3969201024369593
2024-06-16,3620.5634765625,3648.093017578125,3541.534423828125,3566.761962890625,9878388158,3563.677469192178,51899506.3218076,5.25,6.194832919,2.956,34676399878.0,5525,140210950.1,70105.47503,0.015429295002475696,0.01531147381665221,0.707722855534267,0.037043907315049314,3565.549560546875,0.024169727347565173,0.9994749501239831,-5.250498760168698,8.098630136986301e-05,0.00035052737515,0.12794249192975,0.0001715313836457455,0.00017899599150425448,1.5391406555279203,1.5645581317444648,0.007893643492742101,1.4079468917134415
2024-06-17,3511.37890625,3634.285400390625,3468.14892578125,3622.383544921875,17838856988,3617.068186435505,40746578.63982855,5.25,10.338006601,2.945,33655561943.0,7060,306819836.7,153409.9184,-0.03015678941117861,-0.03062085911785495,0.7184583605032564,0.03760582932723484,3620.5634765625,0.01498191621011924,0.9990346005118758,-9.653994881242411,8.06849315068493e-05,0.000767049592,0.27997310108,0.00017677479992363947,0.0005902747920763606,1.4927251149049814,1.5879982105801211,-0.014488119913512943,1.3875483883144393
2024-06-18,3483.681396484375,3514.17724609375,3371.59033203125,3510.565185546875,21022514455,3511.558909166693,91461855.6281752,5.24,12.646141326,3.203,33087509211.0,11434,375686936.4,187843.4682,-0.007887929643914382,-0.007919203929082741,0.7160099048661509,0.03747767130184865,3511.37890625,-0.029169833641645493,1.0000512627436398,0.5126274363975725,8.775342465753423e-05,0.000939217341,0.342814329465,0.00017557198077617622,0.0007636453602238238,1.4809506042209069,1.5416765669542682,-0.0031803194617333673,1.383135541170986
2024-06-19,3559.347412109375,3583.320068359375,3466.48095703125,3482.350830078125,15275373778,3483.086666556516,115646376.06194012,5.24,10.509101413,3.005,34056850368.0,6818,241521030.9,120760.5155,0.021720130807989513,0.02148760966865204,0.36584710598181697,0.01914931272812803,3483.681396484375,-0.008108148929483194,0.9998292811941817,-1.7071880581831511,8.232876712328768e-05,0.0006038025774999999,0.2203879407875,4.5837022244955764e-05,0.0005579655552550442,1.513117045064756,1.5291764237483088,0.0114180309592498,1.398928225600915
2024-06-20,3511.0869140625,3623.886474609375,3485.4599609375,3559.347412109375,16115123753,3554.9474011102207,83202823.79710546,5.24,13.090741178,3.096,33694429852.0,6237,250783533.9,125391.7669,-0.013558805157003362,-0.013651565186732384,0.34617020144701427,0.018119376472524068,3559.347412109375,0.02063133692413932,0.9987638152476532,-12.361847523467695,8.482191780821918e-05,0.0006269588345,0.2288399745925,4.1038975469132345e-05,0.0005859198590308677,1.4926009858709823,1.5607253777631105,-0.006193482719470814,1.3902639878098757
2024-06-21,3516.07568359375,3542.957275390625,3447.935546875,3511.268310546875,15933353456,3511.2970013149006,63559786.33568955,5.23,7.320255552,2.989,33631149101.0,6596,315498783.4,157749.3917,0.0014208618736464285,0.0014198534045650746,0.34398565165605693,0.018005031910456416,3511.0869140625,-0.012278775146346121,1.000059835389309,0.5983538930909305,8.18904109589041e-05,0.0007887469585000001,0.2878926398525,4.052264676206923e-05,0.0007482243117379308,1.4947217657043734,1.541561581784361,0.001458655248561145,1.39229190367258
2024-06-22,3494.8134765625,3519.49755859375,3477.169921875,3516.55126953125,7423703673,3515.31099833653,72917283.39182945,5.23,4.202489746,2.88,33641774470.0,5303,81914381.63,40957.19081,-0.006047141456727134,-0.006065499463016266,0.34119742433543854,0.017859089422333288,3516.07568359375,0.0011431664766967664,0.9997825174068954,-2.1748259310461204,7.890410958904109e-05,0.00020478595405,0.07474687322825,3.986838437436209e-05,0.0001649175696756379,1.4856829717487101,1.5433238433064207,-0.002858653158687929,1.3883118240243308
2024-06-23,3418.61181640625,3519.324951171875,3408.5830078125,3494.953857421875,9418141333,3495.6331980629025,19413359.982052,5.23,4.8639668,2.947,32931721024.0,6388,303865469.1,151932.7345,-0.02180421377772701,-0.02204543857142305,0.3459739562784661,0.018109104530932982,3494.8134765625,-0.005597740934710771,1.0002345537196478,2.345537196477565,8.073972602739726e-05,0.0007596636725,0.27727724046249996,4.0992458364032185e-05,0.0007186712141359678,1.4532888226267724,1.534684716253229,-0.010183435674727537,1.3741740398679154
2024-06-24,3350.25634765625,3430.698974609375,3244.241455078125,3418.783203125,23137744903,3415.962951667374,50049673.98811711,5.24,8.655594884,3.007,32245121469.0,9974,815538125.2,407769.0626,-0.019995095208515723,-0.020197702440775345,0.3495733907954515,0.018297507544331695,3418.61181640625,-0.022791363361487016,0.9992251636391813,-7.748363608186537,8.238356164383562e-05,0.002038845313,0.744178539245,4.184984779185941e-05,0.0019969954652081408,1.4242301742528785,1.4997071592397813,-0.00800055213904972,1.3631798888138236
2024-06-25,3395.029052734375,3422.21337890625,3335.556884765625,3350.5556640625,13235546063,3353.9462205871187,77696106.49417251,5.23,8.193988506,3.044,32929269169.0,6866,277317150.3,138658.5752,0.013363963957398806,0.013275453882714672,0.3443621760874615,0.0180247400999401,3350.25634765625,-0.018154977661565153,1.0011013703275125,11.01370327512452,8.339726027397261e-05,0.0006932928759999999,0.25305189974,4.061140695879858e-05,0.0006526814690412014,1.4432635349686338,1.4724800092648938,0.007334663447740604,1.3731783545170015
2024-06-26,3369.477294921875,3421.509521484375,3328.390625,3394.373291015625,11694054195,3393.633925323743,37658450.69736075,5.24,8.762019954,2.966,32610176370.0,5768,202380452.5,101190.2263,-0.007526226555239823,-0.007554691510726741,0.33597468316592777,0.017585718655371417,3395.029052734375,0.011833136886040041,0.9995890676076812,-4.109323923188191,8.126027397260275e-05,0.0005059511314999999,0.18467216299749997,3.8657187578234784e-05,0.00046729394392176516,1.4324012066255436,1.4899040667764827,-0.0032958193336981466,1.3686526067475686
2024-06-27,3444.800537109375,3470.923095703125,3362.2646484375,3368.88623046875,11771834016,3364.269704719138,69819368.4721109,5.23,10.351681411,2.979,33385636816.0,5660,305080047.0,152540.0235,0.0223545777563241,0.02210837657707465,0.3471898501418766,0.018172747324476952,3369.477294921875,-0.008652736638882885,0.9984544812898472,-15.45518710152849,8.161643835616438e-05,0.0007627001175,0.2783855428875,4.1281093164910526e-05,0.0007214190243350894,1.4644219307773068,1.4770123192694653,0.011898707902497141,1.3849378043352492
2024-06-28,3373.635986328125,3482.95751953125,3363.4375,3445.498779296875,12861158844,3442.998439403524,53830932.87123452,5.22,6.947772652,3.133,32815057609.0,6293,194791308.3,97395.65413,-0.02065854031739267,-0.020874913112926663,0.34756089829955517,0.018192168872693152,3444.800537109375,0.023401433771481406,0.9994768644261293,-5.231355738707366,8.583561643835615e-05,0.00048697827064999997,0.17774706878725,4.13693760365732e-05,0.00044560889461342675,1.4341691112786696,1.5115765252385118,-0.009883661264082909,1.3712495482053768
2024-06-29,3372.9677734375,3401.730224609375,3369.552734375,3373.68994140625,6584792001,3373.716576715168,57804774.860037,5.22,3.960854809,2.822,32852223529.0,5126,55073926.4,27536.9632,-0.00019806905467367741,-0.00019808867294024424,0.3477561009472188,0.018202386246247163,3373.635986328125,-0.020122536767794408,1.000023888287702,0.23888287701945288,7.731506849315069e-05,0.000137684816,0.050254957839999996,4.141585813219598e-05,9.626895786780402e-05,1.4338850467585564,1.481159771032065,-2.7655694690346906e-06,1.371245755919492
2024-06-30,3432.88916015625,3453.21142578125,3352.284423828125,3373.07568359375,8396416013,3370.5302996733803,17471337.4469748,5.22,4.989553691,2.788,33153014476.0,5682,99908482.1,49954.24105,0.017765182101838528,0.017609225609108492,0.3547423929367071,0.018568065481997017,3372.9677734375,-0.0009444412324908225,0.9992773504142806,-7.2264958571943705,7.638356164383561e-05,0.00024977120524999997,0.09116648991625,4.309663196796614e-05,0.00020667457328203383,1.4593582757273253,1.4797609026723957,0.009089265624201297,1.3837093728311027
2024-07-01,3440.341552734375,3513.310791015625,3425.3232421875,3432.607421875,12281551839,3435.0298967968715,30347107.35784573,5.24,8.367422567,2.997,33592760514.0,5728,198734964.5,99367.48225,0.0021708806286613314,0.002168527672019138,0.34993348717925327,0.0183163558505037,3432.88916015625,0.01913633505378698,1.0006235962015517,6.235962015517238,8.210958904109588e-05,0.00049683741125,0.18134565510624998,4.1936111455285146e-05,0.00045490129979471484,1.4625263683383785,1.508078103105429,0.0015403416141253805,1.3858407579599297
2024-07-02,3416.354736328125,3459.761474609375,3399.026123046875,3439.38134765625,9421757718,3438.0059044998216,41329089.93288634,5.24,7.335160047,2.975,33207938753.0,5247,106908984.8,53454.49239,-0.0069722194841920215,-0.0069966389780358185,0.3496971760050332,0.018303986758327485,3440.341552734375,0.0008663702478179935,0.9993210998969864,-6.789001030136355,8.15068493150685e-05,0.00026727246195,0.09755444861175,4.187949140612849e-05,0.0002253929705438715,1.452329313496905,1.5093846571053453,-0.0032607167715521393,1.3813219237577492
2024-07-03,3292.916748046875,3426.332275390625,3254.521240234375,3416.2548828125,16121324440,3415.889933895639,24785786.73746227,5.24,11.58229908,3.04,32155306107.0,6488,255757743.9,127878.872,-0.03613149037734886,-0.03680039448140526,0.368629786940559,0.01929496490640221,3416.354736328125,-0.006432790175036174,0.9998639478425517,-1.3605215744827426,8.328767123287671e-05,0.00063939436,0.2333789414,4.6536958842411614e-05,0.0005928574011575884,1.39985449088155,1.4996751023127677,-0.017472887787516843,1.357186240785493
2024-07-04,3054.52197265625,3309.20361328125,3054.52197265625,3291.81787109375,20252514386,3295.340277277251,62600447.91312668,5.24,10.524328091,3.401,30575326637.0,8207,345184087.7,172592.0438,-0.07239623520151972,-0.07515061496466657,0.43824930892211844,0.022939017234846558,3292.916748046875,-0.035290849222681886,1.000735982539435,7.359825394350761,9.317808219178081e-05,0.0008629602190000001,0.314980479935,6.577481396257343e-05,0.0007971854050374266,1.2985102959117856,1.4467502943940378,-0.035400932195722434,1.3091405826984783
2024-07-05,2981.5986328125,3106.152587890625,2826.014404296875,3057.833251953125,31131942647,3066.234292191368,99530470.37058848,5.23,12.256693969,4.085,28946851048.0,9949,450388502.2,225194.2511,-0.023873895979977133,-0.024163495976736726,0.43534756497330646,0.0227871330148426,3054.52197265625,-0.06952422688050297,1.0038344198011884,38.34419801188371,0.00011191780821917807,0.0011259712555,0.4109795082575,6.49066788795162e-05,0.0010610645766204838,1.2675097961782582,1.3461660986871522,-0.010875883413368084,1.294902522349341
2024-07-06,3069.3779296875,3080.107421875,2957.395751953125,2981.988037109375,11586293705,2981.824243340523,178748591.5843981,5.23,4.148682898,3.033,29829267656.0,5850,79959737.87,39979.86893,0.029440346500360093,0.029015301659585546,0.4541880064801701,0.023773286794528004,2981.5986328125,-0.027528897275008513,1.0000756676386755,0.7566763867550286,8.30958904109589e-05,0.00019989934465,0.07296326079724999,7.064614562685995e-05,0.00012925319902314005,1.304825723770347,1.3091076304412945,0.014849426449203186,1.314131082113855
2024-07-07,2929.38720703125,3072.814453125,2923.959228515625,3067.405029296875,10857947538,3062.0683310841664,51404624.79587402,5.23,3.835146729,2.836,28707713574.0,6131,70264311.2,35132.1556,-0.045608825587177826,-0.04668165550352654,0.4645005683997483,0.024313070955718014,3069.3779296875,0.02691107228162659,0.9976185407040841,-23.81459295915933,7.76986301369863e-05,0.000175660778,0.06411618396999999,7.389067741222236e-05,0.00010177010058777763,1.245314154913242,1.344337120508529,-0.022702642693001138,1.2842968337048573
2024-07-08,3018.73193359375,3090.66455078125,2826.481689453125,2929.861572265625,22627377457,2928.108307310733,73478599.379463,5.23,6.116703105,2.92,29320772502.0,8419,209214977.4,104607.4887,0.03049945952793487,0.030043596872678435,0.4820519682970677,0.025231753213838453,2929.38720703125,-0.043748215026280346,0.9995634241463719,-4.3657585362810725,8e-05,0.0005230374435,0.19090866687750002,7.958017128050589e-05,0.00044345727221949415,1.283295563580583,1.2855247710927113,0.01569318703618693,1.3044515441261701
2024-07-09,3064.032958984375,3105.800537109375,3005.522216796875,3018.80322265625,15269945822,3016.0384848086305,128429199.0040414,5.23,6.499424579,2.969,29708773971.0,6691,141185682.9,70592.84147,0.015006640664742665,0.01489515499918781,0.485714602507047,0.0254234642503585,3018.73193359375,0.030029687521584636,0.9991077548969667,-8.922451030333178,8.134246575342465e-05,0.00035296420735,0.12883193568275,8.07940668111571e-05,0.0002721701405388429,1.3025535189698951,1.324128678269882,0.007775490472910177,1.314594294679896
2024-07-10,3102.21875,3148.407470703125,3026.6083984375,3066.13720703125,14578679176,3063.0967825890134,60206069.9005836,5.23,10.483314101,3.051,30098156877.0,5632,111963317.3,55981.65865,0.01246259146908213,0.012385572618809348,0.4897733993989656,0.025635911389375,3064.032958984375,0.01560268478582394,0.9996944626876103,-3.0553731238969206,8.358904109589042e-05,0.00027990829325,0.10216652703625001,8.214999409548585e-05,0.00019775829915451418,1.3187867113434322,1.3447886406527967,0.006429054033695579,1.323045892432781
2024-07-11,3100.330810546875,3208.9384765625,3057.21923828125,3101.335205078125,15230095766,3099.5030718812463,78919522.34329475,5.21,8.128366671,2.999,30083038990.0,6117,140770685.3,70385.34266,-0.0006085771524413364,-0.0006087624106836387,0.4665538980083554,0.02442054713952879,3102.21875,0.01188545184049361,0.9991246013458098,-8.753986541901737,8.216438356164384e-05,0.0003519267133,0.1284532503545,7.454539032424347e-05,0.00027738132297575654,1.3179841278819653,1.3607720612769183,-2.6907253244911673e-05,1.3230102929018988
2024-07-12,3134.15869140625,3154.6015625,3048.508056640625,3099.989990234375,12751638331,3101.043697427881,51405984.277434856,5.21,5.410629133,3.055,30256851311.0,5976,135622671.8,67811.33592,0.010911055279745563,0.01085195919458748,0.4633361573679464,0.024252122896740707,3100.330810546875,0.0004970556605061738,1.000229938972506,2.2993897250600526,8.36986301369863e-05,0.0003390566796,0.123755688054,7.352068312482686e-05,0.0002655359964751731,1.3323647255591127,1.3614484407326346,0.0057210636363479546,1.330579318979134
2024-07-13,3177.19873046875,3199.989501953125,3115.080322265625,3134.550537109375,8565105946,3132.093235861778,34845152.757221915,5.21,4.67655526,2.901,30746685796.0,4929,61402742.5,30701.37125,0.013732565354943382,0.013639128129380396,0.46071456292772633,0.024114902372206638,3134.15869140625,0.010012609128871919,0.9993409856526616,-6.590143473383936,7.947945205479452e-05,0.00015350685625,0.05603000253125,7.269106455263216e-05,8.081579169736784e-05,1.3506615112294744,1.3750800918188026,0.006947098469169059,1.3398229845291219
2024-07-14,3244.0791015625,3266.487548828125,3166.43115234375,3176.741455078125,10517709666,3181.48454390298,26512748.626565136,5.21,5.512991048,2.912,31559879989.0,5076,78240188.82,39120.09441,0.021050106325543716,0.020831613713459873,0.4677250627713353,0.024481848704952628,3177.19873046875,0.01576942457385444,1.0013489283478336,13.489283478336223,7.978082191780821e-05,0.00019560047204999998,0.07139417229825,7.492011450152383e-05,0.00012068035754847615,1.3790930796506744,1.396764313609748,0.010645733520320335,1.354086382986819
2024-07-15,3489.552734375,3494.098388671875,3235.776123046875,3246.131591796875,18305490390,3258.6720165765064,38778183.54861643,5.2,11.785282101,2.916,33708952986.0,6968,387321615.4,193660.8077,0.0756682020158721,0.07294205174734003,0.529371233439174,0.02770855675131522,3244.0791015625,0.024261463982733877,1.0044983228081517,44.98322808151656,7.989041095890411e-05,0.0009683040385,0.3534309740525,9.597051465510704e-05,0.0008723335238448929,1.4834465734003728,1.4306518606967589,0.038706434531780944,1.4064982389202745
2024-07-16,3443.513427734375,3498.218994140625,3351.77978515625,3486.14404296875,20446664416,3491.611874026716,75032318.37599982,5.2,11.851543081,3.067,33545418897.0,6815,447730394.9,223865.1975,-0.013193469233778732,-0.013281276223358063,0.5278668424429622,0.02762981332768056,3489.552734375,0.07148306312058117,1.0005900869849111,5.900869849111423,8.402739726027398e-05,0.0011193259875,0.4085539854375,9.542582306530928e-05,0.0010239001644346906,1.4638747666742604,1.5329192379585221,-0.005572834452454675,1.3986600570771026
2024-07-17,3388.75244140625,3516.104248046875,3379.099609375,3446.73681640625,16739123962,3448.321147137126,75627741.4341266,5.2,13.639100702,3.141,33267405570.0,5589,375107972.4,187553.9862,-0.0159026492788078,-0.016030453163747183,0.520193187346355,0.027228155862553508,3443.513427734375,-0.012398493432680735,1.0013961668811944,13.961668811943717,8.605479452054795e-05,0.000937769931,0.34228602481500003,9.267155895943837e-05,0.0008450983720405616,1.440595279671743,1.5139133488538634,-0.007106226267363339,1.3887208622403895
2024-07-18,3426.258544921875,3488.715576171875,3374.990478515625,3388.030029296875,15035622003,3390.196483647469,80544787.55973746,5.21,14.247390227,3.337,33315420925.0,5368,315189882.4,157594.9412,0.011067820433664055,0.011007020314281135,0.5212971579776202,0.02728594032637763,3388.75244140625,-0.016855931048624484,1.0004261279825504,4.261279825503728,9.142465753424659e-05,0.000787974706,0.28761076769,9.306531743683014e-05,0.0006949093885631699,1.4565395295447339,1.4883949298319905,0.0062288196053951975,1.3973709539735337
2024-07-19,3505.73486328125,3540.58837890625,3377.877685546875,3425.90869140625,17705629736,3429.0430082766147,53060113.81681407,5.2,9.837178121,3.144,34329444700.0,5591,399600184.5,199800.0923,0.023196240831611536,0.022931297342607238,0.5220891709446973,0.027327396179774612,3426.258544921875,0.011458487676605511,1.0008126833740747,8.126833740746964,8.613698630136987e-05,0.0009990004615,0.3646351684475,9.3348322745795e-05,0.000905652138754205,1.4903257712528157,1.5054496847933925,0.012503772554559972,1.4148433625563674
2024-07-20,3519.29541015625,3539.904296875,3482.489013671875,3505.721435546875,10360198325,3505.131101463982,59527554.12480885,5.2,5.77854979,2.886,34349451980.0,5426,215701228.0,107850.614,0.003868103950767088,0.003860642072703868,0.5201090398621967,0.027223751381930082,3505.73486328125,0.02218930850494294,0.9998277788136257,-1.722211863742773,7.906849315068493e-05,0.00053925307,0.19682737055,9.264157991314251e-05,0.00044661149008685746,1.4960905062565288,1.538854572287942,0.0023806634654704017,1.4182116284589688
2024-07-21,3536.60546875,3546.619140625,3415.44384765625,3519.426513671875,13845913681,3521.964710006871,35235491.81802539,5.2,8.265816063,2.83,34657037998.0,5782,347273511.1,173636.7555,0.0049186148294897425,0.004906557962796043,0.5203644029392258,0.027237117696276413,3519.29541015625,0.004802561746080736,1.0007584756434251,7.584756434251272,7.753424657534247e-05,0.0008681837775,0.3168870787875,9.273257255010172e-05,0.0007754512049498982,1.503449199206861,1.5462450163895936,0.0032347586196947694,1.4227992007486778
2024-07-22,3440.419921875,3560.075439453125,3425.795654296875,3536.627197265625,18723199034,3531.8554919613493,37711769.60233727,5.19,9.031808354,3.118,33863421471.0,5799,378050873.4,189025.4367,-0.027197137968854812,-0.027573825719519718,0.528957975713735,0.02768692585334622,3536.60546875,0.0028083137591856655,0.9986569107494115,-13.430892505884584,8.542465753424657e-05,0.0009451271835,0.34497142197749997,9.582073290108642e-05,0.0008493064505989135,1.4625596839068677,1.5505873575441926,-0.012749262533828493,1.4046595602054117
2024-07-23,3481.995849609375,3539.53173828125,3395.4208984375,3440.768310546875,24468405650,3441.6667555698828,44399264.59449671,5.18,7.637812599,2.994,34011347816.0,6676,595945893.9,297972.9469,0.012084550339342526,0.012012115141502022,0.5248403019269114,0.02747139695680161,3440.419921875,-0.02553579459769517,1.0003624074163027,3.6240741630266804,8.202739726027397e-05,0.0014898647345,0.5438006280925,9.433470634477109e-05,0.0013955300281552289,1.4802340600313333,1.5109918772761612,0.007437805197826491,1.4151071443834844
2024-07-24,3336.33935546875,3487.653076171875,3304.039306640625,3482.15185546875,16040945448,3483.309366617488,81950297.16047266,5.18,6.971815906,2.951,32727809648.0,5194,338759641.7,169379.8208,-0.04183132330756956,-0.0427314448060816,0.541700355417964,0.028353892490138366,3481.995849609375,0.012099547691598156,1.0003772310665622,3.772310665621781,8.084931506849316e-05,0.0008468991039999999,0.30911817296,0.0001004929024177906,0.0007464062015822093,1.4183139104952862,1.5292741955568816,-0.020169255452202568,1.386565486896177
2024-07-25,3174.42724609375,3341.4384765625,3088.764404296875,3336.3623046875,25293745810,3333.82306978626,55275056.152174495,5.17,7.344992288,2.995,31148432962.0,7871,294573783.9,147286.892,-0.04852986825503891,-0.04974698344282302,0.5661117519147943,0.02963164338116596,3336.33935546875,-0.0429150216354135,0.9992457944428329,-7.54205557167098,8.205479452054794e-05,0.00073643446,0.2687985779,0.00010975428618357455,0.0006266801738164255,1.349483323274661,1.4636453603680784,-0.023638253953703028,1.3537894997934854
2024-07-26,3275.951416015625,3285.760986328125,3172.777099609375,3174.051025390625,15993893521,3173.8884021270947,175594091.04262593,5.16,4.74624131,2.933,32184436314.0,6281,182322760.7,91161.38037,0.031981885880926875,0.03148111446436275,0.5777535562901966,0.030241003272386057,3174.42724609375,-0.04797335200797537,0.9998302547436492,-1.6974525635082838,8.035616438356164e-05,0.00045580690185,0.16636951917525,0.00011431478486505803,0.000341492116984942,1.392642344917845,1.3934293862803007,0.01633243505744838,1.375900178880318
2024-07-27,3247.60791015625,3327.426513671875,3195.356689453125,3275.8916015625,15198233287,3277.45291681648,63197879.47929867,5.16,7.253963365,2.812,32273494149.0,5232,219796727.2,109898.3636,-0.008651992126869734,-0.008689637908709358,0.5722519445379715,0.029953035751994244,3275.951416015625,0.03263016891834569,1.0004583403751088,4.583403751088344,7.704109589041095e-05,0.000549491818,0.20056451357000002,0.00011214804384503067,0.0004373437741549694,1.3805932143140704,1.4388972225304137,-0.0038886522892798976,1.3705497814998944
2024-07-28,3271.464599609375,3283.152099609375,3201.76318359375,3247.50732421875,8959236446,3253.716263515213,39750920.91592778,5.16,3.897418102,3.023,31966780834.0,4601,89599936.23,44799.96811,0.007345926636807887,0.007319076729185525,0.5689665643945659,0.029781071095808114,3247.60791015625,-0.0072424086336908555,1.001880877719216,18.808777192160786,8.282191780821918e-05,0.00022399984055,0.08175994180075,0.00011086402445169719,0.00011313581609830281,1.3907349507816964,1.4284761408629656,0.0037860991345022464,1.3757388188414232
2024-07-29,3320.539306640625,3396.625732421875,3257.715576171875,3271.453369140625,18334852719,3272.0218185603862,20021951.287597977,5.15,5.010819848,2.811,32731678257.0,7485,299732560.2,149866.2801,0.015000836945357587,0.014889437070118916,0.5716699971760755,0.029922575234903784,3271.464599609375,0.005626045285644032,1.0001703270611817,1.703270611816965,7.701369863013698e-05,0.0007493314005,0.27350596118250003,0.00011192006358605965,0.0006374113369139404,1.4115971390125825,1.4365128123209228,0.008137829809592734,1.3869343472116047
2024-07-30,3278.667724609375,3365.322509765625,3235.760009765625,3320.63525390625,14045773047,3319.736138787086,54141913.90082898,5.14,10.684515755,2.913,32188713549.0,6098,289441427.7,144720.7139,-0.012609873928464688,-0.012690053134926771,0.5693392727103218,0.029800579540669607,3320.539306640625,0.014582518966115288,0.9997581212630332,-2.4187873696679407,7.98082191780822e-05,0.0007236035695,0.2641153028675,0.000111009317619972,0.000612594251880028,1.3937970770518524,1.4574607876516603,-0.0056923427123523156,1.3790394415877436
2024-07-31,3231.295654296875,3347.636474609375,3216.07177734375,3278.6865234375,16135380637,3275.7695861370703,45223125.20619114,5.15,10.838316,2.993,31753650141.0,5986,323549382.8,161774.6914,-0.01444857310697567,-0.014553970196310217,0.5709568508728297,0.02988524745136122,3278.667724609375,-0.013243990128106842,0.9991160621582506,-8.839378417494492,8.2e-05,0.000808873457,0.295238811805,0.00011164100190363653,0.0006972324550963635,1.3736586980877796,1.438158191367899,-0.006527054098391471,1.3700383765486848
2024-08-01,3201.564453125,3241.77734375,3078.5439453125,3231.248779296875,20217639556,3232.0063708288144,83971955.97483757,5.12,12.067074474,3.034,31248706790.0,5840,219896027.6,109948.0138,-0.009201015429318393,-0.009243606225471268,0.5712536250365803,0.0299007813210526,3231.295654296875,-0.013359674469614724,1.0002199478500193,2.199478500193308,8.312328767123287e-05,0.000549740069,0.200655125185,0.000111757090451176,0.000437982978548824,1.3610196432120565,1.4189448660954138,-0.004162524736110372,1.3643355579168803
2024-08-02,2986.01318359375,3214.527099609375,2965.73388671875,3201.599365234375,21400241741,3201.4110244117715,95715530.71606244,5.05,7.76580505,3.005,29510514082.0,6953,226428494.2,113214.2471,-0.06732685619396284,-0.06970046769621341,0.6067822125183148,0.0317604325834305,3201.564453125,-0.009466363276133372,0.9999520769562896,-0.47923043710373925,8.232876712328768e-05,0.0005660712355,0.2066160009575,0.00012609063473582925,0.0004399806007641707,1.2693864694163597,1.4055126185241502,-0.033223447496217244,1.3190076271412066
2024-08-03,2903.3857421875,3015.296142578125,2861.177490234375,2985.950927734375,17844091431,2981.1978302386046,246567473.9064885,5.05,4.159665478,3.049,28571203677.0,8235,460991937.1,230495.9685,-0.02767149249716494,-0.028061560938994923,0.5567305812459132,0.029140610466166558,2986.01318359375,-0.06878629219864973,0.9983873636655046,-16.126363344953766,8.353424657534246e-05,0.0011524798425,0.42065514251249997,0.00010614689729260699,0.001046332945207393,1.234260651251902,1.3088326168574587,-0.012789413303375076,1.3021382934473935
2024-08-04,2686.39892578125,2931.4716796875,2639.566650390625,2903.088623046875,21139601426,2904.942376279734,66909861.81531782,5.05,7.367613164,2.925,26863039524.0,8351,209475516.4,104737.7582,-0.07473578631090383,-0.07767594583538351,0.6124212507896977,0.032055593336594856,2903.3857421875,-0.02557879694712084,1.0005361444294554,5.361444294553763,8.013698630136986e-05,0.000523688791,0.191146408715,0.00012844513302014306,0.00039524365797985694,1.142017210967983,1.275354253113093,-0.03697264949747205,1.2539947907265268
2024-08-05,2417.206298828125,2695.88671875,2122.546142578125,2686.027587890625,67668132244,2682.484041019732,155202602.22140634,5.09,51.675447365,9.908,23855331817.0,18212,1363018151.0,681509.0757,-0.10020575290203382,-0.10558915612966047,0.6967147349289425,0.03646771594829081,2686.39892578125,-0.0765792592226553,0.9985427016352832,-14.572983647167526,0.0002714520547945205,0.0034075453785,1.2437540631525001,0.000166236788310653,0.003241308590189347,1.0275805165158554,1.1776885691632295,-0.04686156786082756,1.1952306287437715
2024-08-06,2458.723876953125,2553.5810546875,2416.527099609375,2417.269775390625,26041995921,2413.187303714984,1017264780.6987208,5.09,7.016654008,3.574,24430382356.0,10699,328724695.2,164362.3476,0.01717585219975959,0.017030014802877247,0.6875322039232028,0.03598708030845776,2417.206298828125,-0.10039080687405555,0.9983373388050951,-16.626611949048797,9.791780821917808e-05,0.0008218117380000001,0.29996128437,0.0001618837436409235,0.0006599279943590766,1.0452300875908842,1.059459463458581,0.009247854094238872,1.2062839472073594
2024-08-07,2336.58935546875,2551.560791015625,2312.168701171875,2458.989013671875,24264218606,2450.598742901076,112964142.97320282,5.09,7.853472698,3.022,22954418642.0,11475,277273186.1,138636.5931,-0.049673947786168404,-0.05095014041494483,0.6923563191645017,0.03623958604072054,2458.723876953125,0.015502915637132242,0.9966953857128041,-33.046142871958615,8.27945205479452e-05,0.0006931829655,0.2530117824075,0.0001641634495503484,0.0005290195159496516,0.9933093827953624,1.0758841741415408,-0.02430795437713455,1.1769616520527733
2024-08-08,2683.352783203125,2721.95458984375,2322.529541015625,2336.9150390625,23468291180,2335.855341746917,114018746.54651695,5.09,9.544017531,3.074,25962923466.0,9123,193077606.1,96538.80307,0.14840580649003665,0.1383747254084131,0.8588959041194771,0.044956666323088486,2336.58935546875,-0.04682259855333282,0.9996858610520865,-3.141389479135448,8.421917808219178e-05,0.00048269401534999995,0.17618331560275,0.0002526377308606898,0.00023005628448931017,1.1407222628432288,1.0255084813658275,0.07443295952950764,1.2645663910677998
2024-08-09,2599.5986328125,2706.451171875,2555.2294921875,2683.719970703125,17907141655,2685.0285913677285,98569477.33861272,5.09,7.171894625,3.078,25538757180.0,9176,131972785.8,65986.39291,-0.03121250061300085,-0.03170999001911223,0.8618020754568949,0.04510878228320353,2683.352783203125,0.14948410690521396,1.000624520255068,6.2452025506809505,8.432876712328767e-05,0.00032993196455,0.12042516706074999,0.0002543502798841821,7.558168466581788e-05,1.1051174685149707,1.1788057008265205,-0.015530668621834607,1.2449268294978164
2024-08-10,2610.02294921875,2642.92578125,2580.661865234375,2599.582275390625,9361014219,2601.2206928478577,84704171.54796559,5.09,3.497215639,2.918,25611210981.0,4532,75476075.2,37738.0376,0.004009971491242048,0.00400195298440309,0.8623077491734744,0.04513525045523181,2599.5986328125,-0.03121303765230299,1.0006239655671778,6.239655671778088,7.994520547945205e-05,0.00018869018800000002,0.06887191862,0.00025464885420706294,-6.595866620706293e-05,1.1095489580581894,1.142011594101873,0.0019390270794139614,1.2473407763321016
2024-08-11,2553.252197265625,2718.797607421875,2544.1748046875,2609.9697265625,13595441987,2607.253648516964,45294271.00241551,5.09,5.838186086,2.75,25419838600.0,5888,113982910.7,56991.45534,-0.021751054706288353,-0.021991096048381564,0.861964379333848,0.045117277656396164,2610.02294921875,0.0023192786700851897,0.9989389745777465,-10.610254222535032,7.534246575342466e-05,0.0002849572767,0.1040094059955,0.00025444609289054305,3.051118380945696e-05,1.0854150979721604,1.1446602372330634,-0.010845016169334719,1.2338133454441094
2024-08-12,2724.431884765625,2749.135009765625,2513.39404296875,2553.49658203125,21653090666,2556.61510042393,59882487.26071785,5.07,8.237201577,2.987,26396528905.0,6437,180411688.1,90205.84406,0.0670437834865365,0.06489200567317877,0.8951843979366302,0.04685609290095498,2553.252197265625,-0.019422179396253902,1.0013171057531671,13.171057531671249,8.183561643835616e-05,0.0004510292203,0.1646256654095,0.0002744366802428654,0.00017659254005713458,1.1581854327936236,1.1224284407577643,0.033698484283325385,1.275390985074115
2024-08-13,2703.671875,2737.990478515625,2613.80126953125,2724.303466796875,16383053029,2725.811163095678,68875689.23962969,5.06,5.185641942,3.016,26677412367.0,5424,175946509.8,87973.25491,-0.007619940833063277,-0.007649120910366847,0.8902894584332484,0.04659988005738479,2724.431884765625,0.06617971654931254,1.000506262732339,5.062627323388913,8.263013698630137e-05,0.00043986627455,0.16055119021075,0.0002714436026703311,0.00016842267187966892,1.1493601283220205,1.196710436814,-0.0036415477446519696,1.2707465879088689
2024-08-14,2662.914794921875,2775.281005859375,2636.705322265625,2703.5869140625,15825365408,2705.0148213547795,51337742.43143447,5.07,5.737955362,2.951,25897682010.0,5225,173325246.9,86662.62346,-0.015074713930707695,-0.015189492393236748,0.8436942581226883,0.04416097580534178,2703.671875,-0.007629413960312692,1.0004967120334376,4.967120334375963,8.084931506849316e-05,0.0004333131173,0.1581592878145,0.00024377397300999774,0.00018953914429000227,1.1320338531842045,1.1875802375009195,-0.007347817821063845,1.261409373484176
2024-08-15,2570.087646484375,2675.314453125,2518.670654296875,2662.885498046875,16345801912,2663.290677438241,32420829.568460826,5.09,7.049822521,2.998,25184241819.0,5589,240311819.9,120155.9099,-0.03485922591835067,-0.03548130840522834,0.8486472621258704,0.04442022788373684,2662.914794921875,-0.015424737634391783,1.000141154541288,1.4115454128793559,8.213698630136987e-05,0.0006007795495,0.21928453556750002,0.00024664458065538897,0.00035413496884461107,1.0925720293488352,1.169262123917679,-0.017075477990330722,1.2398702054904502
2024-08-16,2593.1865234375,2629.383544921875,2553.071533203125,2570.085205078125,13275561555,2570.673041214064,60635958.59746271,5.08,3.75119127,2.921,25556007698.0,5282,159454713.0,79727.35648,0.008987583355268836,0.008947435404047965,0.8507908876682971,0.044532430372735,2570.087646484375,-0.03477563940307993,1.0002277722825872,2.2777228258719084,8.002739726027398e-05,0.0003986367824,0.145502425576,0.00024789216936281136,0.00015074461303718863,1.1023916115342431,1.1286002859286384,0.004644536290671606,1.245628827655573
2024-08-17,2614.546875,2626.6728515625,2588.78515625,2593.1669921875,6676568717,2592.689834969372,52931444.70824634,5.08,2.969767647,2.741,25662766301.0,3868,51720613.38,25860.30669,0.008237105726658145,0.008203365923541206,0.850020285711214,0.044492095222821784,2593.1865234375,0.008564602888942119,0.9998084640408089,-1.9153595919108035,7.509589041095891e-05,0.00012930153345,0.047195059709250003,0.0002474433171645801,-0.0001181417837145801,1.1114721277906316,1.1382662991979637,0.004000411079614493,1.2506118550188137
2024-08-18,2613.357177734375,2684.031005859375,2596.735107421875,2614.109619140625,9207267415,2611.5296080395897,30227531.95716211,5.08,3.128636674,2.759,26064274337.0,3718,77080801.21,38540.4006,-0.00045503000041835495,-0.00045513355798476596,0.842842568268316,0.0441163963209012,2614.546875,0.007266497062669464,0.9988459694529629,-11.540305470371104,7.558904109589041e-05,0.00019270200300000001,0.070336231095,0.0002432820530428531,-5.0580050042853074e-05,1.1109663746278582,1.1465375079176214,-0.0002780950502520305,1.2502640660521465
2024-08-19,2637.306396484375,2648.284423828125,2566.401123046875,2612.718505859375,11968963282,2611.101827994265,29779768.29708915,5.06,4.014073126,2.778,25744523870.0,4735,131263802.8,65631.90142,0.009164158253623267,0.009122422145792619,0.8441141988950941,0.0441829565099766,2613.357177734375,-0.00016380440183705325,0.9991369913920204,-8.630086079796095,7.610958904109589e-05,0.00032815950709999997,0.11977822009149999,0.00024401670574531042,8.414280135468955e-05,1.121147446299402,1.1463497000269531,0.004666221928166322,1.2560980756531575
2024-08-20,2573.10693359375,2695.913818359375,2556.74755859375,2637.306396484375,13249483464,2638.179539660094,32647171.11963887,5.04,4.183134315,2.866,25377600560.0,6783,155530581.7,77765.29085,-0.024342815448445854,-0.024643999606658973,0.8440082042812296,0.04417740849832036,2637.306396484375,0.010370224315085164,1.0003310738474995,3.3107384749953006,7.852054794520549e-05,0.00038882645425,0.14192165580125002,0.00024395542770343348,0.00014487102654656654,1.0938555609236393,1.1582376035597632,-0.01202653669767636,1.240991566050434
2024-08-21,2631.3955078125,2662.953369140625,2538.65771484375,2573.10888671875,12766015263,2575.477298793896,93348232.54466996,5.02,5.286889834,2.779,25879206560.0,5865,159556570.4,79778.28522,0.02265299333570292,0.02240022447604062,0.8493436669096583,0.04445667937610093,2573.10693359375,-0.02376723794707203,1.000921207420181,9.212074201809806,7.613698630136986e-05,0.0003988914261,0.1455953705265,0.00024704954264367966,0.00015184188345632036,1.118634663655464,1.1307094948367118,0.01147833855130778,1.2552360873848785
2024-08-22,2622.951416015625,2644.82373046875,2587.110595703125,2630.8642578125,10723280428,2629.46939971164,62981301.53335769,5.04,3.472863954,2.949,25747953553.0,4753,97415247.21,48707.6236,-0.003208978571182075,-0.0032141383843615756,0.8462720329442512,0.04429590270620746,2631.3955078125,0.020963920335476782,0.999268027898071,-7.319721019289904,8.07945205479452e-05,0.000243538118,0.08889141307,0.0002452658745697247,-1.7277565697246808e-06,1.1150449889908123,1.1544135986090358,-0.0016062170421607624,1.2532199057893856
2024-08-23,2764.447021484375,2799.329833984375,2622.5810546875,2622.916015625,16857181970,2623.029888631146,42771488.62473537,5.01,3.785422799,2.744,27343519292.0,5800,171465763.4,85732.8817,0.05394518732020126,0.05254044432685667,0.8641632055363812,0.04523236947999857,2622.951416015625,-0.002448977379694961,1.0000299176778655,0.299176778655319,7.517808219178082e-05,0.0004286644085,0.15646250910249998,0.00025574590609688826,0.00017291850240311172,1.1751962997923735,1.15158646581923,0.027145512162503743,1.287239201984283
2024-08-24,2769.3896484375,2820.0205078125,2737.776611328125,2765.4814453125,11765811307,2763.8729743891404,50763027.23982818,5.01,2.863759875,2.825,26912370857.0,5334,98254569.6,49127.2848,0.0017879260896347393,0.0017863296523747962,0.8501099079069839,0.04449678626294789,2764.447021484375,0.05369480781307234,0.9997923465015703,-2.0765349842966074,7.73972602739726e-05,0.000245636424,0.08965729476,0.0002474954984663085,-1.8590744663084962e-06,1.1772974639172145,1.2134206797815288,0.0008921039703510612,1.288387553187165
2024-08-25,2749.15771484375,2793.012939453125,2736.0888671875,2769.09814453125,9375535539,2766.3383667227363,55279979.24339231,5.01,2.64745118,2.715,27231964611.0,4179,68696435.75,34348.21787,-0.007305556877908126,-0.007332373143548843,0.8401263713636159,0.04397422407706265,2769.3896484375,0.0008920063825077484,0.9988982114826329,-11.01788517367086,7.43835616438356e-05,0.00017174108935,0.06268549761275,0.00024171654789746454,-6.997545854746455e-05,1.1686966503323502,1.2145030587725607,-0.0037227538975015276,1.283591203402045
2024-08-26,2681.340576171875,2763.004150390625,2668.88671875,2749.24755859375,12282035835,2743.380543219505,29127333.362329736,4.98,4.030959295,2.731,26268489415.0,4503,95556951.19,47778.47559,-0.024668333251928187,-0.02497769480567147,0.8427377829017069,0.04411091160413914,2749.15771484375,-0.008298993275515087,0.9978985666798773,-21.01433320122692,7.482191780821918e-05,0.00023889237795,0.08719571795175,0.0002432215653185221,-4.329187368522084e-06,1.1398668518915396,1.2044239060547146,-0.012338495813332614,1.2677536187128382
2024-08-27,2458.7265625,2700.15283203125,2401.175048828125,2681.622802734375,18028996056,2682.1946658241222,36327635.1278847,4.98,4.008537586,2.785,23919155785.0,6431,246198743.7,123099.3718,-0.08302340092495786,-0.08667332605342182,0.886152421578446,0.04638333765154069,2681.340576171875,-0.02230309518911211,1.0003185308348508,3.1853083485078315,7.63013698630137e-05,0.0006154968589999999,0.22465635353499996,0.0002689267514621041,0.00034657010753789584,1.0452312292458787,1.177561525029934,-0.04116513035494103,1.215566375740576
2024-08-28,2528.41552734375,2553.820068359375,2422.293701171875,2458.90478515625,20359545410,2457.625595676466,71351188.06832993,4.96,3.977486294,3.13,24701735332.0,6980,241631958.9,120815.9795,0.02834351973360194,0.027949274377879973,0.8918327949836383,0.046680661984492985,2458.7265625,-0.08372586561634054,0.999552220714444,-4.477792855559493,8.575342465753425e-05,0.0006040798975,0.22048916258749998,0.0002723855254138111,0.0003316943720861889,1.0748567612181863,1.0789691670303048,0.014503454238887159,1.2331962870454591
2024-08-29,2528.792724609375,2595.97705078125,2507.50244140625,2528.3623046875,13946434277,2524.754423305431,66323530.2587147,4.98,3.814669064,2.773,24748840465.0,5126,134677668.2,67338.8341,0.00014918325787260933,0.00014917213115683836,0.8923037913597133,0.04670531506156208,2528.41552734375,0.02731450541004299,0.9985520164708982,-14.47983529101804,7.597260273972603e-05,0.0003366941705,0.12289337223249999,0.0002726733068749722,6.40208636250278e-05,1.0750171118515712,1.1084406761804235,0.00013861249256133247,1.2333672234566238
2024-08-30,2525.822021484375,2539.915283203125,2432.83447265625,2528.732177734375,15526218255,2525.6110559824733,34087319.43712446,4.98,3.352931737,2.88,24711796261.0,5780,156070963.5,78035.48173,-0.0011747515310726042,-0.0011754420925305098,0.8924111264870507,0.04671093323890035,2528.792724609375,0.0003392934651920143,0.9987418230857995,-12.581769142004928,7.890410958904109e-05,0.00039017740865,0.14241475415725,0.00027273891050612564,0.00011743849814387433,1.0737542338534944,1.1088167628584045,-0.0004699372673924278,1.2327876182339412
2024-08-31,2513.393798828125,2532.389892578125,2493.70556640625,2525.859130859375,6646876013,2526.238949059829,54841926.26292522,4.98,2.217898553,2.683,24648430075.0,3728,43140064.04,21570.03202,-0.004920466505769938,-0.004932611857999092,0.8924750009451163,0.04671427658083975,2525.822021484375,0.0002486103613887902,1.0001650660940904,1.6506609409039363,7.35068493150685e-05,0.0001078501601,0.0393653084365,0.00027277795455889914,-0.00016492779445889915,1.0684708621103898,1.1090924261945327,-0.002625161047343868,1.2295513521989057
2024-09-01,2427.90234375,2515.46728515625,2401.88916015625,2513.42431640625,11800443265,2512.551042140711,17001842.18939668,4.98,2.357411211,2.674,23767039406.0,5345,126265065.7,63132.53287,-0.034014349489517204,-0.034606299423962206,0.8700854350330416,0.04554235313936072,2513.393798828125,-0.005418294624984665,0.9996646937348987,-3.3530626510125394,7.326027397260274e-05,0.00031566266435,0.11521687248775,0.0002592632411837799,5.639942316622011e-05,1.0321275207872012,1.1030830366630717,-0.016950775321592382,1.208709503481422
2024-09-02,2538.187255859375,2563.0859375,2426.095947265625,2427.973388671875,12520444224,2428.0478118640967,38418239.65894532,4.98,6.337719825,2.751,24914851835.0,4382,129768575.1,64884.28756,0.04542394894641233,0.04442249591739866,0.8845082485880694,0.04629727770393672,2427.90234375,-0.0336324432257572,1.0000599151421683,0.5991514216829863,7.536986301369863e-05,0.0003244214378,0.11841382479700001,0.0002679297403494295,5.649169745057048e-05,1.079010828597626,1.0659836590592051,0.022768466170656733,1.2362299649215898
2024-09-03,2420.603759765625,2552.802734375,2419.875244140625,2538.16064453125,11406800197,2534.3305196973765,42370268.16460086,4.97,4.586226303,2.972,24087711312.0,5200,134029554.8,67014.77742,-0.04632577672207194,-0.0474331508867607,0.8589299048765003,0.0449584460040497,2538.187255859375,0.04377290567094838,0.9984805155123622,-15.194844876378344,8.142465753424657e-05,0.0003350738871,0.12230196879149999,0.0002526577333873815,8.241615371261846e-05,1.0290248138713147,1.112644861213976,-0.023080472207323354,1.2076971935743568
2024-09-04,2448.97705078125,2488.91650390625,2313.26513671875,2420.1923828125,16709600747,2433.4649604371107,38973544.39197168,4.96,7.372142345,2.906,24164509872.0,7202,205930640.8,102965.3204,0.011721576032903469,0.011653410515005902,0.7769347774339478,0.04066662488012316,2420.603759765625,-0.039799686140507884,1.0053132201499724,53.13220149972375,7.961643835616439e-05,0.000514826602,0.18791170973,0.0002067217973925815,0.00030810480460741847,1.0410866064668516,1.068361944951811,0.0061688928210591526,1.2151473481218111
2024-09-05,2367.737548828125,2465.38525390625,2348.86328125,2448.98681640625,13632325040,2448.3471542985985,103054291.11146644,4.94,7.697793202,3.019,23290537236.0,5083,157246848.7,78623.42436,-0.03317283105091118,-0.033735528614387,0.7834389389022672,0.04100706825101395,2448.97705078125,0.0061156392647685465,0.9997427920027055,-2.5720799729445076,8.27123287671233e-05,0.0003931171218,0.143487749457,0.00021019745581791458,0.00018291966598208543,1.0065508163611603,1.0748956612113427,-0.016403495859473503,1.1952146836282447
2024-09-06,2223.87646484375,2406.511962890625,2150.86328125,2367.700927734375,25825618367,2366.818645303044,82965706.92662835,4.93,10.716003869,2.948,21680185840.0,8457,440295583.1,220147.7916,-0.06075888100671323,-0.06268304999646546,0.7938061006165794,0.04154971029607719,2367.737548828125,-0.03329940725620295,0.9996119065115405,-3.8809348845947333,8.076712328767123e-05,0.001100738958,0.40176971967,0.00021579730321099282,0.0008849416547890073,0.9453939150826625,1.0391022728307406,-0.029494498848567606,1.1599624255181804
2024-09-07,2274.107177734375,2310.19482421875,2222.100830078125,2223.92919921875,11124608320,2220.564314732752,240774800.2160128,4.93,4.131274307,3.943,22250182735.0,5185,101940708.0,50970.35398,0.022587006825558698,0.022335697564614954,0.6204425877779041,0.032475449303673354,2223.87646484375,-0.06179363630607437,0.9985106411424562,-14.893588575437544,0.00010802739726027397,0.0002548517699,0.0930208960135,0.00013183185093443227,0.00012301991896556771,0.9667475338954762,0.9748923648986226,0.011416523331744916,1.173205163613056
2024-09-08,2297.29296875,2332.359375,2243.911376953125,2274.437744140625,10718443487,2270.878082017049,53147795.45487558,4.93,2.861727001,2.755,22631599038.0,4514,107017238.8,53508.61941,0.010195557730363625,0.010143933626153512,0.6153575426287917,0.03220928587582368,2274.107177734375,0.022658099542751886,0.9985800600125879,-14.199399874120777,7.547945205479452e-05,0.00026754309705,0.09765323042325,0.00012967976207881686,0.00013786333497118315,0.9766040641879942,0.9969815731459645,0.005235642200152996,1.179347646077106
2024-09-09,2358.482177734375,2379.78662109375,2274.115478515625,2297.896240234375,15887712451,2294.3399330108755,89944381.54872389,4.89,7.578194225,2.904,23115283807.0,5379,147486694.1,73743.34705,0.026635352920471922,0.026286807450088823,0.6239099692889121,0.032656940346834216,2297.29296875,0.01033162069757032,0.99871455849154,-12.854415084599946,7.956164383561643e-05,0.00036871673525,0.13458160836625,0.00013330946910208605,0.00023540726614791393,1.0026162581012086,1.0072820086021754,0.013553083726383874,1.195331443466903
2024-09-10,2389.5810546875,2398.50390625,2323.07177734375,2358.497802734375,12795818970,2357.5051495984258,47219339.97793001,4.85,8.632845891,3.022,23344514453.0,4773,120692551.6,60346.27582,0.013185970725884122,0.013099792549208011,0.6227390959735746,0.0325956540364772,2358.482177734375,0.02753088837392026,0.9995857385969786,-4.142614030213654,8.27945205479452e-05,0.0003017313791,0.1101319533715,0.00013280958275821404,0.00016892179634178596,1.0158367267298265,1.0350133771420602,0.006761907159283847,1.203414163712199
2024-09-11,2339.841552734375,2389.71826171875,2279.0537109375,2389.603759765625,15355180967,2387.593768698015,43345603.01953864,4.89,5.411321308,3.017,22861589904.0,5449,157215631.9,78607.81597,-0.020815155801287455,-0.02103484508209963,0.5766268606851678,0.03018202932907112,2389.5810546875,0.012762907052277006,0.9991683538059584,-8.316461940416353,8.265753424657534e-05,0.00039303907984999996,0.14345926414524998,0.00011386936180261366,0.0002791697180473863,0.9946919269942753,1.0482231566723876,-0.010128408182596341,1.191225493849404
2024-09-12,2361.78173828125,2390.186767578125,2316.15771484375,2339.8408203125,12162634681,2341.9472287116846,35031178.34588097,4.85,6.614454081,2.896,22957976116.0,4357,143904101.0,71952.05052,0.009376782595058808,0.009333093465772713,0.5787105593762012,0.0302910951033068,2339.841552734375,-0.019118218762659178,1.0008999224647708,8.999224647707749,7.934246575342465e-05,0.00035976025260000004,0.131312492199,0.00011469380531969715,0.0002450664472803029,1.0040189369427608,1.0281829970510397,0.0049334577448097066,1.19710235448785
2024-09-13,2441.607177734375,2462.802978515625,2338.14404296875,2361.740966796875,13759640866,2363.118885369828,30137469.386133324,4.78,5.724035813,2.875,23937247640.0,4528,97734618.25,48867.30913,0.03379882152498004,0.03324019383426968,0.5919615352399871,0.03098468287978391,2361.78173828125,0.009040193732200441,1.0005661603131673,5.661603131672521,7.876712328767124e-05,0.00024433654565,0.08918283916225,0.00012000632164509675,0.00012433022400490325,1.0379535938001894,1.0374779705365356,0.01702374098649492,1.2174815149049745
2024-09-14,2418.595703125,2442.632080078125,2386.979736328125,2441.580810546875,8170291680,2446.6279066772568,22115929.531749107,4.78,3.898855225,2.859,23615098451.0,3630,74902649.19,37451.3246,-0.009424724345186375,-0.009469418098884574,0.5807855546109926,0.03039970531782185,2441.607177734375,0.03533847654658273,1.0020563213397582,20.563213397581936,7.832876712328768e-05,0.000187256623,0.06834866739499999,0.00011551776042630077,7.173886257369922e-05,1.028171167295527,1.0741408614659371,-0.004640623310019488,1.2118316418073887
2024-09-15,2320.897216796875,2430.38330078125,2286.628173828125,2418.26611328125,10155470375,2416.778541299174,11902623.539251609,4.78,3.924347692,2.811,22939025457.0,3836,85730469.27,42865.23463,-0.04039471590968735,-0.04123324147661833,0.5950534322987617,0.031146520168458806,2418.595703125,-0.01220020637246022,0.9992486706961903,-7.513293038097224,7.701369863013698e-05,0.00021432617315,0.07822905319975,0.0001212632148255264,9.30629583244736e-05,0.9866384850860925,1.0610361212829604,-0.020104294996519202,1.1874686209943768
2024-09-16,2295.28369140625,2334.789794921875,2253.715087890625,2320.89453125,16819033263,2319.230777409928,17794730.455166243,4.75,11.760153151,3.155,22286481674.0,4824,143853116.3,71926.55815,-0.011036044683605084,-0.011097393608622497,0.5940023316179868,0.03109150304432196,2320.897216796875,-0.04036272344457659,0.999281984839791,-7.180151602089735,8.643835616438355e-05,0.00035963279074999996,0.13126596862374998,0.00012083519519438521,0.00023879759555561476,0.975749898678118,1.01820981375491,-0.005279224746246928,1.1811997072650315
2024-09-17,2341.707763671875,2392.149169921875,2263.79296875,2295.284423828125,15356783863,2293.9877479649454,29861168.02798357,4.75,12.374310175,2.939,22830699435.0,4249,127516266.8,63758.13341,0.020225853753695455,0.02002402803394876,0.5999539145554301,0.031403023132995714,2295.28369140625,-0.010884224929600839,0.9994353885551678,-5.646114448322193,8.052054794520548e-05,0.00031879066705000004,0.11635859347325002,0.000123268732736433,0.00019552193431356704,0.9954852734289648,1.0071273891164747,0.010308448811161294,1.1933760439831318
2024-09-18,2369.72900390625,2369.72900390625,2278.66455078125,2341.73291015625,18159056422,2338.030023017909,30514204.158247817,4.65,12.498574776,3.113,22815692912.0,4422,167162348.1,83581.17406,0.011966155926492306,0.011895127545669126,0.6007747409372627,0.03144598714945015,2341.707763671875,0.01919900186565293,0.9984294621596168,-15.705378403831904,8.528767123287672e-05,0.0004179058703,0.1525356426595,0.000123606263475423,0.00029429960682457706,1.0073974054333426,1.0264632297390721,0.00627737757007073,1.200867315994291
2024-09-19,2464.752197265625,2492.20458984375,2369.374755859375,2369.374755859375,18437147349,2363.0096463003947,60689888.06279984,4.61,20.854605871,3.261,24005713552.0,4283,125725678.1,62862.83904,0.04009875947956032,0.03931566968280631,0.6138129320829064,0.032128437264743535,2369.72900390625,0.010684047269094554,0.997164503791455,-28.35496208544952,8.934246575342466e-05,0.0003143141952,0.11472468124799999,0.00012902956013432013,0.00018528463506567986,1.0477927916941472,1.0374300114055919,0.02023466437484584,1.2251664630921575
2024-09-20,2561.072021484375,2571.99267578125,2439.3779296875,2464.7822265625,19112788620,2464.053133039145,64623651.37879114,4.56,20.278518564,3.278,24874676396.0,4091,146078149.4,73039.07472,0.039078907942797114,0.03833465528030011,0.6240317653223993,0.0326633154425946,2464.752197265625,0.0427605053990987,0.9997163754525686,-2.8362454743136034,8.98082191780822e-05,0.0003651953736,0.133296311364,0.00013336152196280485,0.00023183385163719517,1.088739389743889,1.0817910430094877,0.019771287823035753,1.2493895818650833
2024-09-21,2615.857177734375,2621.62255859375,2530.837890625,2560.879638671875,10797825021,2555.4935899107,36528081.25375914,4.56,17.446122954,3.302,25005163960.0,2956,59717553.59,29858.7768,0.021391493792606076,0.021165907208287926,0.6286723779618848,0.03290621620969272,2561.072021484375,0.037109774803748996,0.9978218372904477,-21.781627095522893,9.046575342465754e-05,0.000149293884,0.054492267659999996,0.00013535238315488045,1.3941500845119536e-05,1.1120291516413612,1.1219360650002825,0.010709688397148157,1.2627701549735018
2024-09-22,2582.862548828125,2632.039306640625,2528.522216796875,2615.84814453125,13180663011,2615.2072934619687,18862439.470686104,4.56,14.996005909,3.173,25130250992.0,3127,87999011.21,43999.5056,-0.012613314361003103,-0.012693537511001551,0.6004824167750134,0.031430686203482903,2615.857177734375,0.023366798409130585,0.999751559726602,-2.4844027339798735,8.693150684931507e-05,0.000219997528,0.08029909772,0.00012348600440272633,9.651152359727366e-05,1.098002778373109,1.1481521188590773,-0.006210145656904278,1.2549281683799247
2024-09-23,2648.54638671875,2701.677734375,2541.910400390625,2582.77490234375,19912841456,2581.675048799389,29666192.855727885,4.53,26.508000498,3.19,25844049999.0,3985,154970474.4,77485.23718,0.025430636221980274,0.02511265725874967,0.607929222208175,0.03182046981454206,2582.862548828125,-0.012822021698398633,0.9995402387830221,-4.597612169778831,8.73972602739726e-05,0.0003874261859,0.14141055785349999,0.00012656778740227282,0.0002608583984977272,1.1259256876006392,1.133430487478004,0.012976176509487864,1.2712123377995508
2024-09-24,2654.35498046875,2671.27587890625,2593.152099609375,2648.482177734375,16658812503,2648.2573293247347,41809036.56864209,4.5,27.533718846,3.209,25992362970.0,3473,140379840.9,70189.92047,0.0021931251720292977,0.002190723783408899,0.6076842317798239,0.0318076464294416,2648.54638671875,0.02579034125782398,0.9998908618722085,-1.091381277914527,8.791780821917809e-05,0.00035094960235,0.12809660485774998,0.00012646579642254613,0.00022448380592745385,1.1283949835679505,1.1626620465420834,0.0013210463919421027,1.2728916682717932
2024-09-25,2579.388671875,2672.4619140625,2557.724365234375,2654.361572265625,14119729962,2653.9633062753014,36290114.69625472,4.51,26.228093948,3.171,25223942683.0,3465,165354247.2,82677.1236,-0.028242759218479185,-0.028649257997379607,0.6096265381467378,0.03190931139118581,2654.35498046875,0.0021546157495282436,0.9998524409145233,-1.475590854767006,8.687671232876711e-05,0.000413385618,0.15088575057,0.00012727551918245754,0.0002861100988175425,1.0965259957437012,1.1651671364989418,-0.013835269510422049,1.2552808689836823
2024-09-26,2632.199951171875,2665.99267578125,2559.954345703125,2579.217529296875,17336033595,2578.3396870470942,33296557.89654445,4.5,24.870875017,3.124,25882496914.0,3764,166044365.4,83022.18272,0.020474339471486358,0.020267557896731958,0.5300415805369509,0.027743644322056754,2579.388671875,-0.02849459864399595,0.999593320371085,-4.0667962891505205,8.558904109589041e-05,0.00041511091359999996,0.15151548346399998,9.621372503359899e-05,0.00031889718856640094,1.1189766412198674,1.1319661665912304,0.01055606692430958,1.2685316978454797
2024-09-27,2695.900634765625,2728.067626953125,2616.950927734375,2632.241943359375,17023020294,2630.35757958108,33494009.9342965,4.5,18.270065484,3.233,26516820363.0,3785,113271861.2,56635.93062,0.024200548885121798,0.02391235596212482,0.5277623621595416,0.027624344579702427,2632.199951171875,0.020174957083936462,0.9993000639674144,-6.999360325855575,8.857534246575341e-05,0.0002831796531,0.10336057338150001,9.538805168226685e-05,0.00018779160141773317,1.1460564901270183,1.1548035354226764,0.012288066043978632,1.2841194991274851
2024-09-28,2677.5390625,2704.9287109375,2652.25048828125,2695.81591796875,10252590559,2696.039799535901,34758063.22371434,4.5,9.530104313,2.968,26222189293.0,3151,76951132.44,38475.56622,-0.006810923232421495,-0.006834223427554242,0.5286549570750968,0.027671065132900824,2695.900634765625,0.02497083303984926,1.0000516208826398,0.5162088263976905,8.131506849315068e-05,0.0001923778311,0.0702179083515,9.571098069865496e-05,9.666685040134503e-05,1.1382507873527448,1.1836399416995438,-0.0033087947658094023,1.2798706112500984
2024-09-29,2659.346923828125,2683.44580078125,2635.5849609375,2677.628662109375,11126215671,2677.4021199955746,34283624.689274855,4.5,10.414202133,2.877,25985543935.0,3367,74198310.96,37099.15548,-0.006794350426726936,-0.006817537110907601,0.5294345069783731,0.027711868639723594,2677.5390625,-0.006912983830407282,0.9999488550862456,-0.5114491375435293,7.882191780821916e-05,0.00018549577740000002,0.06770595875100001,9.5993457938162e-05,8.950231946183802e-05,1.1305171126299725,1.1754574579215507,-0.00330767289390163,1.2756372179215651
2024-09-30,2603.062744140625,2662.489013671875,2576.97607421875,2659.292724609375,17826446789,2656.427953346308,31002156.59096326,4.52,14.737841011,2.959,25560791739.0,4132,200929040.0,100464.52,-0.021164662339909768,-0.021391845020683142,0.5351187139227355,0.028009393629286863,2659.346923828125,-0.007833775319973646,0.9989023731895743,-10.976268104256892,8.106849315068494e-05,0.0005023226,0.183347749,9.806576643504194e-05,0.0004042568335649581,1.1065900996716693,1.166249188298006,-0.010178074336389925,1.2626536874912937
2024-10-01,2448.921142578125,2657.615478515625,2415.07861328125,2603.26416015625,25482371785,2594.92692322582,47326257.63946884,4.5,22.450165618,3.025,24082372334.0,5805,275937873.2,137968.9366,-0.059215476810716816,-0.061041152664752296,0.5644995207298822,0.02954725534407306,2603.062744140625,-0.023151777951672114,0.9968745198581485,-31.25480141851544,8.287671232876712e-05,0.000689844683,0.251793309295,0.00010913003729598175,0.0005807146457040182,1.0410628392855927,1.1392484460542127,-0.02902702375965439,1.2260026089042686
2024-10-02,2365.231689453125,2498.121337890625,2354.539306640625,2448.877197265625,20148256472,2449.9854266301904,58700881.56099624,4.48,14.912598609,3.063,23357199334.0,5084,240489566.9,120244.7834,-0.03417400898294953,-0.03477159451833245,0.5540592980829233,0.02900078911501442,2448.921142578125,-0.055855714200787165,1.0004345930269298,4.345930269298304,8.391780821917808e-05,0.000601223917,0.219446729705,0.00010513072116169237,0.0004960931958383077,1.005485548464032,1.0756149104477177,-0.016590911295636456,1.205662108371719
2024-10-03,2349.791259765625,2402.862548828125,2311.02783203125,2365.213623046875,18051447791,2363.659938216086,74839527.20022042,4.48,10.775795193,3.021,23014324628.0,5055,192580332.2,96290.16608,-0.006528083382423278,-0.006549484508482806,0.5300222822096321,0.02774263420143829,2365.231689453125,-0.03523510281970932,0.9993354768397331,-6.645231602668833,8.276712328767124e-05,0.0004814508304,0.175729553096,9.620671905435169e-05,0.0003852441113456483,0.9989216549638371,1.03771550848368,-0.0028787975798659905,1.2021912512120023
2024-10-04,2414.7939453125,2440.242431640625,2339.870849609375,2349.73291015625,14879264082,2346.79292316798,50760662.34367777,4.53,9.240179421,2.949,23745044916.0,4585,165319578.8,82659.78938,0.027663174452933648,0.02728746203317911,0.5374691516542327,0.028132421163009295,2349.791259765625,-0.00713597365483809,0.998723998744491,-12.76001255508974,8.07945205479452e-05,0.0004132989469,0.1508541156185,9.892914006161666e-05,0.0003143698068383834,1.026554998969915,1.0303103979539237,0.014145957033305208,1.2191973969974625
2024-10-05,2415.6318359375,2427.517578125,2390.844482421875,2414.84716796875,8152969183,2415.9830411214803,39561218.68146704,4.53,8.622349572,2.882,23630402140.0,3011,60810956.33,30405.47816,0.0003469822452661919,0.0003469220608485202,0.5238941313283396,0.02742187212418721,2414.7939453125,0.029482839014231876,1.000492421231753,4.924212317529708,7.895890410958905e-05,0.0001520273908,0.055489997642,9.399488384940944e-05,5.803250695059056e-05,1.0269111953283467,1.0606868735514883,0.00023152362958368653,1.2194796700039945
2024-10-06,2439.957763671875,2456.630615234375,2407.099365234375,2415.53173828125,8458690205,2414.329453847788,17173082.985411376,4.53,11.85699635,2.976,23787873333.0,3166,58870293.56,29435.14678,0.010070213255379601,0.01001984651153176,0.47205526726304653,0.024708501967019552,2415.6318359375,-0.0006844366229179499,0.999460852407086,-5.3914759291395775,8.153424657534246e-05,0.0001471757339,0.0537191428735,7.631375868177613e-05,7.086197521822387e-05,1.0372524100596399,1.0599609006097812,0.0051059686029080245,1.2257062949109194
2024-10-07,2421.796630859375,2520.40625,2405.13427734375,2439.94482421875,17414044416,2437.191994047116,13241185.125709273,4.55,26.92153446,3.051,23644264006.0,4121,150997925.3,75498.96267,-0.0074432160600884645,-0.007471055019700579,0.4681944924889359,0.02450641977936932,2439.957763671875,0.009469519647739677,0.998866468237304,-11.335317626960384,8.358904109589042e-05,0.00037749481334999996,0.13778560687275,7.507057630033299e-05,0.000302424237049667,1.0295319162627186,1.0699982211839414,-0.003419183792994565,1.2215153798123886
2024-10-08,2439.8408203125,2464.12744140625,2400.5107421875,2421.98095703125,14067361080,2423.459978944734,55086905.565423526,4.53,37.055653325,3.358,23840952331.0,3702,118602744.8,59301.3724,0.007450745129958358,0.007423125435155775,0.4677018804412016,0.02448063528633529,2421.796630859375,-0.0056343591870985366,1.0006868240149334,6.8682401493336265,9.2e-05,0.000296506862,0.10822500463,7.491268800282056e-05,0.00022159417399717944,1.0372026961739498,1.0639694668762345,0.003946966738976359,1.2263366603876562
2024-10-09,2368.283447265625,2470.9130859375,2350.946533203125,2439.840087890625,14954047093,2440.8006029292646,65887617.205262266,4.54,27.454198159,3.431,23043001012.0,3958,130333324.1,65166.66206,-0.029328705566008972,-0.029767390727599263,0.4719257537303549,0.024701722918888554,2439.8408203125,0.007155316834273284,1.0003933791945663,3.93379194566279,9.4e-05,0.00032583331030000003,0.11892915825950001,7.627188939519301e-05,0.000249561420904807,1.0067828836855934,1.0715825055137267,-0.014414791362099678,1.208659273288474
2024-10-10,2383.85791015625,2417.2880859375,2329.78466796875,2368.273193359375,15327769940,2367.2490760771334,52004354.27387475,4.54,17.313253382,3.149,23094808364.0,4405,127869011.0,63934.50552,0.0065762664129611625,0.006554737109736308,0.4702123252125925,0.02461203797130404,2368.283447265625,-0.03013418087649611,0.9995632401224246,-4.3675987757541,8.627397260273971e-05,0.0003196725276,0.116680472574,7.571905163761398e-05,0.00024395347596238603,1.0134037561487192,1.0392912444684872,0.0035320866824429674,1.2129283626112672
2024-10-11,2436.513427734375,2470.395751953125,2380.504638671875,2383.940185546875,13489061564,2380.2236119399927,36995014.28845768,4.53,23.926852862,3.188,23816397990.0,4363,114795650.2,57397.82509,0.022088362462288513,0.021847948378954207,0.4699502778335671,0.024598321784600644,2383.85791015625,0.005480849477977223,0.9984754551851545,-15.24544814845541,8.734246575342466e-05,0.00028698912544999997,0.10475103078925,7.563467932734483e-05,0.00021135444612265514,1.0357881856351767,1.0449874433431987,0.011255535677266913,1.2265805210706073
2024-10-12,2476.523193359375,2488.23779296875,2434.202880859375,2436.515625,9372169184,2434.936771098221,30185851.31896719,4.53,18.014491508,3.062,24129105261.0,4464,101738599.5,50869.29977,0.016420909144015505,0.01628754401931154,0.47205858532720685,0.02470867564243537,2436.513427734375,0.02298656264216903,0.999352904597936,-6.470954020639796,8.38904109589041e-05,0.00025434649885,0.09283647208025,7.631483150038488e-05,0.00017803166734961512,1.0527967693239366,1.0690081126698872,0.008388486239357368,1.2368696748930719
2024-10-13,2467.677001953125,2484.12939453125,2436.9697265625,2476.520263671875,9189490605,2477.308938289851,35585505.77111578,4.53,15.474154149,3.085,24066158590.0,3641,58750179.33,29375.08967,-0.00357202041554483,-0.0035784153134814645,0.45824741154225335,0.023985765766625824,2476.523193359375,0.01740175256071197,1.0003172774366027,3.1727743660270313,8.452054794520548e-05,0.00014687544835,0.053609538647750005,7.191461992642992e-05,7.496082842357009e-05,1.0490361577704919,1.0876107273319622,-0.001711049379348845,1.2347533298035107
2024-10-14,2628.89990234375,2652.8818359375,2443.552978515625,2467.6474609375,21434687898,2465.419933964148,14644331.656330535,4.53,24.807943963,3.183,25707294338.0,4660,221732239.6,110866.1198,0.06533387483978648,0.0632882475334613,0.5063650929312321,0.02650436032048236,2467.677001953125,-0.00479916095321975,0.9990853470745197,-9.146529254803193,8.720547945205479e-05,0.000554330599,0.202330668635,8.781013949974498e-05,0.000466520459500255,1.1175737548046796,1.0823911083970477,0.033133457879393494,1.2756649772479962
2024-10-15,2606.02197265625,2685.166748046875,2537.94091796875,2629.017578125,22003780898,2627.4938603869887,82537155.96502163,4.52,20.847953152,3.08,25389227061.0,4587,214160285.8,107080.1429,-0.00870247272142377,-0.008740560369298933,0.48296187739465574,0.025279380032744457,2628.89990234375,0.06573887238846243,0.9994651595690244,-5.3484043097562495,8.438356164383561e-05,0.0005354007145000001,0.19542126079250002,7.98808818549899e-05,0.00045551983264501016,1.1078480996893127,1.1535462793463676,-0.003895716528066875,1.2706953481118552
2024-10-16,2611.10205078125,2644.854248046875,2589.60693359375,2606.01953125,17012396419,2601.651552487879,42412606.12400114,4.51,17.124047413,3.018,25637911080.0,4213,141631733.3,70815.86663,0.0019493612019787498,0.001947463663023008,0.48001063596026894,0.025124904995934706,2606.02197265625,-0.009835344732376794,0.9983229534461998,-16.77046553800188,8.268493150684931e-05,0.00035407933315000003,0.12923895659975002,7.890760638184309e-05,0.00027517172676815694,1.110007695792533,1.1422007540242454,0.0012498523277575317,1.2722835296505635
2024-10-17,2604.2734375,2646.8740234375,2577.305908203125,2611.192138671875,15150712321,2610.7074330496807,42425682.26912515,4.54,22.997540304,2.977,25414333486.0,3610,129036202.0,64518.101,-0.0026152226716711358,-0.00261864834037695,0.4771625657407295,0.02497583018732234,2611.10205078125,0.0034808199249978244,0.9998488692805204,-1.5113071947958634,8.156164383561643e-05,0.00032259050500000003,0.11774553432500001,7.797401169324523e-05,0.0002446164933067548,1.1071047785007668,1.1461765491672005,-0.0010629948425288133,1.2709310988203106
2024-10-18,2641.55224609375,2674.371826171875,2595.958984375,2604.814453125,17043738652,2602.18138599972,33667231.24044673,4.53,27.003396509,2.975,25758078603.0,3222,106753678.2,53376.83908,0.014314475606500121,0.014212990821686589,0.47774138091352353,0.025006126758142195,2604.2734375,-0.0032657995078372304,0.999196685159801,-8.033148401990209,8.15068493150685e-05,0.0002668841954,0.097412731321,7.816329693053439e-05,0.00018872089846946562,1.1229524028464557,1.1424333663570356,0.007345958701719527,1.2802673061849756
2024-10-19,2648.656982421875,2661.872802734375,2631.656982421875,2641.48828125,8557834553,2642.093102407646,30379392.90162244,4.53,14.969141624,2.894,25788468831.0,2694,37428041.82,18714.02091,0.002689606589697968,0.002685996070363572,0.46005164823408645,0.02408020383127787,2641.55224609375,0.015337791832137126,1.0002047494289372,2.0474942893722314,7.928767123287671e-05,9.357010454999999e-05,0.034153088160749995,7.248202706948618e-05,2.108807748051381e-05,1.1259727030290687,1.1599557715123074,0.001365891372329498,1.2820160122527693
2024-10-20,2746.364013671875,2756.436767578125,2635.94580078125,2648.665771484375,14559296242,2648.9612751079617,20062369.635804266,4.53,11.186653617,2.833,26623435589.0,3156,80720630.37,40360.31518,0.03688927328017333,0.036225147538878844,0.45803210822524826,0.023974496275952474,2648.656982421875,0.002599519560479102,1.0001148856526558,1.1488565265582729,7.761643835616439e-05,0.00020180157589999999,0.0736575752035,7.184705896070737e-05,0.0001299545169392926,1.1675090177771235,1.1629710992296443,0.018574591157025956,1.305828935537125
2024-10-21,2665.712158203125,2765.549560546875,2655.29443359375,2746.3056640625,17328615363,2743.063986117053,37567374.516499504,4.51,11.426175036,2.835,26137349445.0,3948,110205971.5,55102.98574,-0.029366775513825272,-0.029806611723017795,0.4660840950629876,0.024395956529477902,2746.364013671875,0.03552438153527038,0.9987984012540239,-12.015987459761401,7.767123287671233e-05,0.00027551492869999996,0.10056294897549999,7.439533687352194e-05,0.00020111959182647803,1.133223042541696,1.204284928273171,-0.014482268165086158,1.2869175707149474
2024-10-22,2620.197509765625,2669.7900390625,2605.61865234375,2665.65673828125,15541911074,2666.216266378761,56680863.21563421,4.51,13.313277417,2.974,25719663412.0,3578,110554777.1,55277.38855,-0.01707410468059689,-0.017221547923448988,0.46797690821337595,0.024495030897868565,2665.712158203125,-0.028015285143630275,1.0001891082553998,1.891082553997503,8.147945205479453e-05,0.00027638694275,0.10088123410375001,7.500081733594196e-05,0.00020138612541405806,1.1138742736868745,1.1705465426134216,-0.008335666214884388,1.2761902553993978
2024-10-23,2509.098876953125,2624.450439453125,2457.169921875,2620.088623046875,17876984551,2619.2237314188137,37545241.63973955,4.52,14.533212749,2.934,24426217585.0,3953,144883352.8,72441.67638,-0.04240086191916037,-0.04332602482144399,0.48327026780839877,0.025295521924749518,2620.197509765625,-0.017625177504363543,0.9996283568917298,-3.716431082702032,8.038356164383563e-05,0.0003622083819,0.1322060593935,7.998292868068545e-05,0.00028222545321931455,1.0666450444129723,1.149915452022741,-0.020918205506360872,1.249494645371738
2024-10-24,2534.49853515625,2559.1513671875,2506.722900390625,2523.60693359375,16128627601,2521.920677089822,52183805.863016985,4.5,12.64402108,2.95,24782171015.0,3901,121351256.6,60675.62831,0.010123020035770258,0.010072125451519476,0.484869276066435,0.025379217842217063,2509.098876953125,-0.03714957724374435,1.0051101215079523,51.10121507952314,8.082191780821919e-05,0.00030337814155,0.11073302166575,8.051308728533862e-05,0.00022286505426466138,1.0774427135686198,1.107196579114047,0.0052843750721497905,1.256097443728525
2024-10-25,2435.93408203125,2563.734130859375,2381.45068359375,2534.454833984375,22560233078,2534.4389499548997,56318418.78282206,4.52,10.600484429,2.97,23973588131.0,5077,229020177.2,114510.0886,-0.03888913398757343,-0.03966551140843677,0.49405691208946323,0.025860120690867523,2534.49853515625,0.004963785331869808,0.9999764903390064,-0.23509660993625836,8.136986301369863e-05,0.000572550443,0.208980911695,8.359323026827932e-05,0.0004889572127317206,1.035541899516715,1.1126924652529497,-0.018955609781054997,1.2322873507382264
2024-10-26,2479.603271484375,2503.23046875,2427.46142578125,2436.050048828125,13597102184,2420.8898235839115,52440677.63281439,4.52,7.821803264,2.925,24204811508.0,3790,81882847.05,40941.42353,0.017927081761059283,0.01776828664444796,0.49272014693085814,0.025790151204577623,2435.93408203125,-0.044802470532189664,0.9938240289183878,-61.75971081612164,8.013698630136986e-05,0.00020470711765,0.07471809794225,8.314148739437208e-05,0.00012156563025562793,1.0541061438163537,1.062841093867065,0.009085106510785269,1.2434828125715767
2024-10-27,2505.940673828125,2523.17138671875,2462.27197265625,2479.93701171875,9801434566,2478.94335239314,25068737.552482106,4.52,7.863706378,2.818,24534483012.0,2832,60070766.7,30035.38335,0.01062161945285034,0.01056560633718373,0.4860430119147132,0.025440653984396117,2479.603271484375,0.02398024405889121,0.9997338610176779,-2.661389823220839,7.720547945205479e-05,0.00015017691675,0.05481457461374999,8.090335939422126e-05,6.927355735577873e-05,1.0653024581388826,1.088328282693816,0.005380083283780948,1.250172853665162
2024-10-28,2565.34814453125,2587.43017578125,2470.268310546875,2505.590576171875,18971841402,2504.497741549069,21012372.214147568,4.49,13.019189706,2.769,25058243871.0,3810,148775906.6,74387.95331,0.02370665487957191,0.023430015732824216,0.49399451488464985,0.025856854671897314,2505.940673828125,0.010308581328112743,0.9994241953554105,-5.75804644589506,7.586301369863015e-05,0.00037193976654999997,0.13575801479074998,8.357211669045224e-05,0.0002883676498595477,1.0905572158563406,1.0995474033076507,0.012141695089645502,1.2653520712637165
2024-10-29,2637.95751953125,2680.054443359375,2560.15380859375,2565.41796875,22185845095,2563.5538760253867,41137818.36016408,4.49,14.830679383,2.946,25646894445.0,4263,166902208.6,83451.10432,0.02830390688093809,0.02791075260486675,0.5039758741784228,0.02637930289533021,2565.34814453125,0.02358003103639872,0.9993005750468261,-6.994249531738772,8.071232876712329e-05,0.0004172555216,0.15229826538400001,8.698345265544709e-05,0.0003302720689445529,1.1214242457422736,1.1254747652036368,0.014482225509413598,1.2836771853085613
2024-10-30,2657.37255859375,2720.271484375,2600.609619140625,2637.64013671875,22382690746,2636.3941282565006,59733450.16668553,4.47,16.87739464,2.994,25931084451.0,4141,206500434.3,103250.2171,0.007359875554762585,0.007332923830771776,0.4987558032746034,0.026106071896462586,2637.95751953125,0.02841377858773453,0.9994073478199803,-5.926521800196927,8.202739726027397e-05,0.0005162510855,0.1884316462075,8.51908737329092e-05,0.00043106021176709077,1.1296777886350302,1.1574537559882154,0.004110997989148383,1.2889543796360807
2024-10-31,2515.79931640625,2667.5595703125,2501.572265625,2657.213134765625,19760409505,2656.7849672039074,47374360.81313207,4.44,13.038349318,2.916,24561133828.0,4574,240195559.3,120097.7797,-0.05327564692788833,-0.054747302007758236,0.4893459092381958,0.025613535531693116,2657.37255859375,0.00773436669762706,0.999778882570326,-2.211174296740115,7.989041095890411e-05,0.0006004888985,0.21917844795250002,8.200665030416322e-05,0.0005184822481958368,1.0694934736254327,1.166405927772574,-0.02611934121574833,1.2552877403828326
2024-11-01,2511.885498046875,2583.777099609375,2467.8193359375,2515.870361328125,20215438328,2515.549321432777,33046249.549127325,4.41,11.135953998,3.176,24459410999.0,4733,244226941.6,122113.4708,-0.001555695771857435,-0.0015569071230174814,0.47229086522212316,0.024720833727808967,2515.79931640625,-0.05316036017765169,0.9999006300018278,-0.9936999817217185,8.701369863013699e-05,0.000610567354,0.22285708421,7.638995252474718e-05,0.0005341774014752528,1.0678296671504846,1.104399368538836,-0.00024367048445346462,1.254981863811005
2024-11-02,2491.068603515625,2522.360595703125,2471.95556640625,2512.208251953125,9639457439,2512.614402333334,66176727.35062005,4.41,7.707818443,2.836,24323422289.0,3455,74079888.69,37039.94434,-0.00828735806127956,-0.008321889126305493,0.47273518773226375,0.024744090630924257,2511.885498046875,-0.0011667110139471637,1.0002901821309236,2.9018213092357747,7.76986301369863e-05,0.00018519972170000001,0.0675978984205,7.65337526439242e-05,0.00010866596905607581,1.0589801803503516,1.1031108536317655,-0.004035013061583704,1.249917995598477
2024-11-03,2456.42529296875,2495.4365234375,2411.3984375,2491.094482421875,15667779706,2490.4520495334355,23382790.06294167,4.41,7.416499173,2.868,24063736030.0,4792,161014598.3,80507.29914,-0.013907007819047301,-0.014004616269903458,0.4667792701415881,0.024432343656130708,2491.068603515625,-0.008820435312046904,0.9997524941780731,-2.4750582192689663,7.857534246575341e-05,0.00040253649570000003,0.14692582093050002,7.46174270664088e-05,0.00032791906863359124,1.044252934702003,1.0933809357052897,-0.006625584840890059,1.241636557874484
2024-11-04,2397.0263671875,2488.350341796875,2359.578125,2456.09521484375,17110200696,2454.9947237926917,31139190.82475923,4.44,8.500719274,2.868,23347094296.0,4661,156107835.3,78053.91767,-0.024181043059307794,-0.024478204713173746,0.4748897831789029,0.024856867310951745,2456.42529296875,-0.014237305129960798,0.9994176215412889,-5.8237845871111915,7.857534246575341e-05,0.00039026958834999996,0.14244839974774998,7.723298156428268e-05,0.0003130366067857173,1.0190018095231654,1.0778141377003714,-0.01177748492286818,1.227013202034435
2024-11-05,2422.650634765625,2478.618896484375,2380.601318359375,2397.036376953125,17894057485,2394.865652709156,32190393.956425004,4.43,9.684216303,2.933,23668012636.0,5494,184690635.0,92345.31748,0.010690023242502233,0.010633288913420635,0.4750616688254718,0.02486586421688815,2397.0263671875,-0.02449254595164374,0.9990985854357209,-9.014145642790572,8.035616438356164e-05,0.0004617265874,0.168530204401,7.728890040658982e-05,0.00038443768699341014,1.02989496255112,1.0514157254054137,0.005729449308244527,1.2340433119760381
2024-11-06,2724.169189453125,2743.964111328125,2421.81298828125,2422.539306640625,41887574364,2419.7975864882487,43933740.3767637,4.44,25.175772946,3.217,26520046509.0,7210,504733499.6,252366.7498,0.12445812465100636,0.1173012526406989,0.6263991099098932,0.032787227921605475,2422.650634765625,0.010410577207489169,0.9988223443213667,-11.776556786332604,8.813698630136988e-05,0.001261833749,0.460569318385,0.0001343752893479132,0.0011274584596520868,1.158073758177751,1.0623615699919151,0.06335652078515527,1.3122280027210298
2024-11-07,2895.58544921875,2918.744384765625,2701.5908203125,2724.005859375,35352318438,2720.36153189985,66832470.40828514,4.43,20.750104459,3.002,28021205364.0,5869,254944009.5,127472.0047,0.06292423408548897,0.06102382126501471,0.6573091369902687,0.03440513268378346,2724.169189453125,0.1242103666397143,0.9986022683289949,-13.97731671005098,8.224657534246575e-05,0.0006373600235,0.2326364085775,0.0001479641443735931,0.000489395879126407,1.2309446624255898,1.1943178901045535,0.031951512921870893,1.3541556727064115
2024-11-08,2962.296630859375,2983.744873046875,2889.484375,2895.597900390625,32303261101,2891.931361066263,62920193.28333043,4.43,16.92868314,3.031,29086536614.0,4736,177777631.6,88888.81579,0.023038926949513483,0.022777538004595144,0.647088689649433,0.033870170020006765,2895.58544921875,0.06306876021974617,0.9987380485858316,-12.619514141684052,8.304109589041096e-05,0.00044444407894999997,0.16222208881675,0.00014339855214802062,0.0003010455268019793,1.2593043065821063,1.2696420387417107,0.01182050900155872,1.3701624820251492
2024-11-09,3131.14453125,3156.3662109375,2957.182373046875,2962.791015625,29210133088,2962.3604469651705,211629013.2993598,4.43,12.208215584,3.103,30478858199.0,4726,163722543.2,81861.27161,0.05699898471735465,0.0554337463553356,0.6683397642976989,0.03498250210517204,2962.296630859375,0.0243536505904276,1.0000215427803991,0.2154278039911972,8.5013698630137e-05,0.00040930635805,0.14939682068825,0.0001529719316922958,0.0002563344263577042,1.3310833735074787,1.3005624573281445,0.02875582678503503,1.409562637025618
2024-11-10,3191.331298828125,3249.9140625,3073.248779296875,3130.729248046875,47418730187,3126.509113479216,34743512.07307445,4.43,20.779683794,2.923,31191231893.0,6166,280264795.2,140132.3976,0.01922197042565066,0.01903956214350444,0.6677365049614656,0.034950926068361005,3131.14453125,0.05541144281824639,0.9985195771946901,-14.804228053099111,8.008219178082192e-05,0.000700661988,0.25574162561999997,0.0001526959041295046,0.0005479660838704954,1.3566694187471149,1.372628499563941,0.010158951296695824,1.4238823152048032
2024-11-11,3374.81298828125,3389.529296875,3109.76953125,3191.656982421875,55417771668,3187.410358711756,77159345.68775742,4.43,29.962313387,3.057,32597301109.0,6599,523677964.2,261838.9821,0.05749377681988088,0.055901747117085065,0.6871945560133432,0.03596940700911445,3191.331298828125,0.01947899175152834,0.9987713779143492,-12.286220856507768,8.375342465753424e-05,0.0013091949105,0.47785614233249996,0.00016172478007341645,0.0011474701304265834,1.434669467526919,1.3993659187848597,0.029894358540367025,1.4664483636548236
2024-11-12,3246.25732421875,3444.154052734375,3211.198486328125,3375.15478515625,56686078066,3373.6893068543136,100701620.79561184,4.43,33.34061201,3.47,31966821903.0,7365,676423081.0,338211.5405,-0.0380926778784183,-0.038837171708260954,0.7068902321649202,0.03700032581604694,3374.81298828125,0.058442097872156484,0.9996670389053147,-3.3296109468528012,9.506849315068494e-05,0.0016910577025,0.6172360614125,0.0001711280138117037,0.0015199296886882962,1.3800190656384141,1.4811477987694446,-0.017526409250520857,1.4407467894886525
2024-11-13,3192.595947265625,3337.877197265625,3121.666015625,3244.543212890625,52010205682,3255.027840489225,99794335.39067216,4.4,51.653811463,3.142,31152381971.0,6218,556021467.4,278010.7337,-0.016530228997185037,-0.016668377768942477,0.6844658646319021,0.03582658077447324,3246.25732421875,-0.035172612405061865,1.0027017316849907,27.017316849906603,8.60821917808219e-05,0.0013900536685,0.5073695890025,0.00016044298624873194,0.001229610682251268,1.35720703446293,1.4290519613287163,-0.007035503816341251,1.4306104099528238
2024-11-14,3058.94873046875,3240.270751953125,3032.971923828125,3192.5205078125,35743352141,3185.6599414525363,70927020.13621274,4.41,34.612821835,3.524,30289196741.0,5897,436235052.7,218117.5264,-0.041861613246530704,-0.042763057630081036,0.7039945897724373,0.03684876096609775,3192.595947265625,-0.02131100022366106,0.9978274714596975,-21.725285403024763,9.654794520547945e-05,0.001090587632,0.39806448567999997,0.00016972889809207617,0.0009208587339079238,1.3003921584907718,1.3985974346612167,-0.020009947889357428,1.4019839701996957
2024-11-15,3103.04052734375,3130.703857421875,3016.14404296875,3059.526123046875,32701369872,3052.216614588692,116307704.78921597,4.41,22.577680444,3.218,30204008073.0,5935,309128608.4,154564.3042,0.014414035918883572,0.014311141275921813,0.7045650195456558,0.036878618625043776,3058.94873046875,-0.04188875439197037,0.9977992060432389,-22.007939567610933,8.816438356164384e-05,0.0007728215210000001,0.28207985516500006,0.00017000406396142822,0.0006028174570385719,1.3191360577718922,1.3400119302274531,0.007809835416480358,1.412933234263499
2024-11-16,3133.27392578125,3218.089599609375,3073.286376953125,3089.739990234375,26650658846,3089.433078336805,109060561.339399,4.41,15.677183132,3.027,30864520874.0,5325,274941928.8,137470.9644,0.00974315294018413,0.009695994492798121,0.7040323986056278,0.036850739970875464,3103.04052734375,0.01219325770334545,0.9956148013901084,-43.851986098916164,8.293150684931508e-05,0.000687354822,0.25088451003,0.00016974712955013482,0.0005176076924498652,1.3319886021316754,1.3563510410182738,0.00538918416254193,1.420547791672321
2024-11-17,3075.66162109375,3160.152587890625,3039.246826171875,3133.306640625,28348163224,3129.525835021484,93098168.46495524,4.41,13.121945711,2.923,30155667996.0,5156,382132865.6,191066.4328,-0.01838725437104416,-0.01855840112515672,0.7085819761804344,0.037088875744908836,3133.27392578125,0.012977383121133279,0.9988037781411558,-11.962218588441598,8.008219178082192e-05,0.000955332164,0.34869623986000003,0.00017194808800266088,0.0007833840759973391,1.3074969888849488,1.373952928124316,-0.00841024310952474,1.4086006393956583
2024-11-18,3207.8564453125,3225.130615234375,3052.4912109375,3075.722900390625,35445557613,3072.174949361242,107546696.36122972,4.42,17.39508191,2.915,30945709395.0,5718,479920081.1,239960.0405,0.04298093890177013,0.042082900589674566,0.7201433748968669,0.03769402701158729,3075.66162109375,-0.01832574283888233,0.9988663669278195,-11.336330721805066,7.986301369863014e-05,0.0011998002025,0.4379270739125,0.00017760495904378405,0.001022195243456216,1.3636944370784612,1.3487742200907804,0.02251266469434128,1.4403119932786073
2024-11-19,3111.384033203125,3222.00439453125,3070.36279296875,3208.25048828125,29823634432,3205.7046162151564,109137743.94078992,4.41,18.168529385,3.033,30310831925.0,5258,339114597.8,169557.2989,-0.030073793436219964,-0.030535286086054825,0.7229701118992303,0.03784198518857809,3207.8564453125,0.043464213156766185,0.9993292003136587,-6.707996863413168,8.30958904109589e-05,0.0008477864945,0.3094420704925,0.00017900198037657046,0.0006687845141234296,1.3226829722676412,1.4073976302931572,-0.014368112203986552,1.4196174289504326
2024-11-20,3072.18798828125,3159.949462890625,3032.603271484375,3111.116943359375,29785491216,3111.296113038513,80232298.2324813,4.42,15.569818899,3.033,30113280218.0,5227,334040751.3,167020.3756,-0.012597623598885388,-0.01267764643441005,0.7152691882433531,0.037438900421825384,3111.384033203125,-0.029450156667306326,0.9999717424259834,-0.28257574016588016,8.30958904109589e-05,0.000835101878,0.30481218547,0.00017520890809941963,0.0006598929699005803,1.3060203100423584,1.365949549587828,-0.0056389188295421135,1.4116123214995777
2024-11-21,3361.053955078125,3388.54296875,3035.8466796875,3072.05517578125,51619069348,3069.335718756808,102364467.60206048,4.43,19.788689829,2.985,33070140729.0,6555,496036452.3,248018.2261,0.09402613638837987,0.08986459438020589,0.7693867103061901,0.040271540989724644,3072.18798828125,-0.013486467619029052,0.9990715836611165,-9.284163388835198,8.178082191780822e-05,0.0012400911305,0.4526332626325,0.00020272462671088403,0.001037366503789116,1.4288203538403954,1.3475277152180845,0.048050434697979046,1.4794409071726558
2024-11-22,3331.600830078125,3428.46044921875,3262.808837890625,3360.654296875,36775716442,3363.5039681699704,152251431.69346422,4.43,15.119706693,3.044,32432798258.0,5801,316839300.5,158419.6503,-0.008763062239896535,-0.008801683663303805,0.7493940350554669,0.03922507653944406,3361.053955078125,0.09584101459331773,1.0007289419106598,7.289419106597528,8.339726027397261e-05,0.0007920982515000001,0.28911586179750004,0.00019232582869065562,0.0005997724228093444,1.416299512150061,1.476676138637201,-0.003781758697138923,1.4738460186550524
2024-11-23,3396.223388671875,3499.370849609375,3317.65478515625,3331.6455078125,38835184688,3326.860389969475,99314073.56826726,4.43,16.147451017,2.978,33394590359.0,5989,349039347.2,174519.6736,0.019396849109391878,0.01921112799239566,0.7501669764787511,0.03926553414261485,3331.600830078125,-0.010894465577346302,0.9985771284285162,-14.22871571483797,8.158904109589041e-05,0.0008725983680000001,0.31849840432000004,0.00019272277143810655,0.0006798755965618936,1.4437712600809411,1.4605885412759292,0.010378300151257833,1.4891420350133908
2024-11-24,3363.659912109375,3451.80224609375,3288.430908203125,3396.99951171875,27901454185,3396.029954495001,85088992.44272162,4.43,11.388793891,3.01,32849261119.0,5303,228957292.4,114478.6462,-0.009588143309746888,-0.009634405505680732,0.732368109797864,0.03833389888103783,3396.223388671875,0.020791243520188907,0.9999430443304999,-0.5695566950014719,8.246575342465753e-05,0.000572393231,0.208923529315,0.00018368597542770419,0.0003887072555722958,1.4299281743327912,1.4909559933203944,-0.004405364399301149,1.4825818217068398
2024-11-25,3413.5439453125,3545.27880859375,3304.093994140625,3364.6015625,51544793988,3358.0722645080814,69514016.15953021,4.42,15.590458925,2.905,33637513072.0,6745,593827873.4,296913.9367,0.01483028442427825,0.014721391049258514,0.7320780159810216,0.038318714676684754,3363.659912109375,-0.011177077497999899,0.9983388190996427,-16.61180900357273,7.95890410958904e-05,0.0014845696835000001,0.5418679344775,0.00018354048680914694,0.0013010291966908533,1.4511344158644355,1.474291462636945,0.008716171408829979,1.495504258992452
2024-11-26,3326.517333984375,3461.29296875,3255.54296875,3412.950927734375,39902959158,3415.28262823372,113717879.61337668,4.4,13.426702331,2.996,32623884592.0,5936,381992228.5,190996.1142,-0.0254945044570557,-0.02582512070414822,0.7430560673300014,0.03889333214663273,3413.5439453125,0.017036668427389934,1.0005093483338943,5.0934833389426615,8.208219178082191e-05,0.000954980571,0.348567908415,0.00018908641068353686,0.0007658941603164632,1.4141384630313927,1.4994084774512224,-0.011981358068211387,1.4775860869729283
2024-11-27,3657.249267578125,3687.009033203125,3303.56787109375,3326.029052734375,43383987191,3323.5646006018123,122233864.04135822,4.4,17.284288408,2.96,35903173735.0,6211,404948191.5,202474.0958,0.09942287996365606,0.09478538754645882,0.7995029544537317,0.04184789725426372,3326.517333984375,-0.026855179385063543,0.9991123649492528,-8.87635050747182,8.109589041095891e-05,0.001012370479,0.36951522483500004,0.00021890581307542665,0.0007934646659245734,1.5547361816933518,1.4591415938177847,0.050504904647752605,1.5522114314043418
2024-11-28,3579.8115234375,3664.878173828125,3531.87060546875,3656.609619140625,32362724276,3659.9021222613937,154381902.80378616,4.4,12.590901697,2.909,35133585056.0,5319,242975295.1,121487.6475,-0.021173767078749073,-0.021401146668093673,0.8054920708411072,0.04216138193349667,3657.249267578125,0.10119782886081996,1.0007253688466866,7.253688466866137,7.96986301369863e-05,0.0006074382375,0.2217149566875,0.00022219776581777238,0.0003852404716822276,1.5218165599132731,1.606803555112661,-0.010201643067692308,1.5363763244155628
2024-11-29,3593.494384765625,3647.264404296875,3538.44677734375,3579.91064453125,27622629486,3578.789966625452,113603705.76300168,4.39,12.489713592,2.807,35281699273.0,4845,139650997.3,69825.49864,0.003822229533186672,0.003814943374230495,0.8057418315670041,0.042174455007382455,3579.8115234375,-0.022162383836052957,0.9997146339114895,-2.8536608851048584,7.690410958904108e-05,0.0003491274932,0.127431535018,0.00022233558189621588,0.00012679191130378413,1.5276332921126663,1.5711929579751196,0.0020379066778971203,1.5395073159868522
2024-11-30,3705.705322265625,3739.934814453125,3572.254150390625,3593.59814453125,30670867436,3597.1711670394066,63218132.48311,4.39,12.053616991,2.804,36403092741.0,5312,173876982.7,86938.49133,0.03122613408711894,0.030748515695558254,0.7737437273420443,0.040499597684494563,3593.494384765625,0.005136149532487533,1.001023177408978,10.231774089779488,7.682191780821917e-05,0.00043469245665,0.15866274667725,0.00020502717657573967,0.00022966528007426035,1.5753353741281233,1.5792628399516713,0.01584273232363373,1.5638973183043077
2024-12-01,3711.1650390625,3747.455322265625,3663.234130859375,3706.619873046875,28018113530,3710.112409763995,108527667.6929968,4.39,16.031439336,2.793,36647561588.0,4843,168153932.4,84076.96621,0.0014733272945559595,0.0014722430127669384,0.7731027878471816,0.04046604937804016,3705.705322265625,0.03139723896362234,1.0011892708985493,11.89270898549255,7.652054794520548e-05,0.00042038483104999997,0.15344046333324998,0.00020468764403324804,0.00021569718701675193,1.5776563587329058,1.6288473327240027,0.0009523608342947316,1.5653867128591192
2024-12-02,3644.198486328125,3761.343017578125,3557.252197265625,3710.495361328125,47284967570,3710.261783154424,87245821.5562218,4.38,30.241773826,2.946,35450104491.0,5433,347201928.8,173600.9644,-0.018044617264257212,-0.01820940675586158,0.7772945534058234,0.04068545641516845,3711.1650390625,4.026114951005688e-05,0.9997566112262406,-2.4338877375940093,8.071232876712329e-05,0.000868004822,0.31682176003,0.00020691329546382143,0.0006610915265361785,1.549188153565049,1.6289129119899945,-0.008361217105592428,1.5522981746986944
2024-12-03,3620.711669921875,3670.2197265625,3504.226318359375,3643.7421875,36839829742,3640.273785773703,168346153.6591624,4.36,29.529962557,3.113,35553300143.0,5686,308749091.1,154374.5456,-0.0064449882448404106,-0.006465846852197643,0.7744767406681093,0.04053796535553855,3644.198486328125,-0.018863358294146537,0.9989230277743799,-10.769722256200875,8.528767123287672e-05,0.0007718727280000001,0.28173354572000003,0.0002054158293958555,0.0005664568986041446,1.5392036541262761,1.5981861441011658,-0.0026560372238160607,1.548175212964233
2024-12-04,3841.3310546875,3895.17431640625,3617.74462890625,3620.03759765625,56799745752,3623.810065539938,107736703.49929242,4.35,28.878213625,3.145,38042144489.0,5668,324121628.3,162060.8141,0.06093260244895049,0.05914833494591143,0.778555573534711,0.04075146122540121,3620.711669921875,-0.004522659888414271,1.0008557421580409,8.557421580408509,8.616438356164383e-05,0.0008103040704999999,0.2957609857325,0.00020758519900067226,0.0006027188714993277,1.6329913384711243,1.59095809173302,0.03106902009597457,1.5962754997679087
2024-12-05,3811.00830078125,3956.54150390625,3683.4208984375,3840.844482421875,60568296606,3839.910406028195,128565769.03489642,4.34,25.555541675,2.996,37506409249.0,6071,584556041.9,292278.021,-0.007893814272854183,-0.00792513536220163,0.7827613420211865,0.04097160120927094,3841.3310546875,0.05963346217927645,0.9996301676062075,-3.69832393792513,8.208219178082191e-05,0.0014613901050000001,0.533407388325,0.00020983401320644147,0.0012515560917935587,1.6201008081360537,1.6858324309251949,-0.002695351044633533,1.5919729769320863
2024-12-06,4005.810546875,4093.172119140625,3782.681396484375,3792.20849609375,52853668566,3795.663116246593,198350482.37104005,4.31,24.242699086,3.34,39648039924.0,5924,444366836.5,222183.4183,0.051115670898385535,0.04985214378216085,0.7032388090243479,0.036809201593719434,3811.00830078125,-0.011523000565882846,0.9959734581182855,-40.265418817144734,9.150684931506848e-05,0.0011109170915,0.4054847383975,0.00016936466524588466,0.0009415524262541154,1.7029133478669447,1.6664065828696601,0.026499387875446884,1.6341592863350396
2024-12-07,4002.692626953125,4029.452880859375,3974.17626953125,4006.02880859375,22574636761,4009.607448807852,146753155.77386266,4.31,15.168739621,2.894,39392112943.0,4370,158002036.0,79001.018,-0.0007783493216640958,-0.0007786523927713063,0.6826971393163067,0.03573400146020589,4005.810546875,0.056365469223417675,1.0009478486035277,9.478486035277012,7.928767123287671e-05,0.00039500509,0.14417685785,0.00015961485754474957,0.00023539023245525042,1.7015878864177798,1.7603343718301006,-0.00015378442837679746,1.633907978083314
2024-12-08,4005.70458984375,4018.0,3927.85400390625,4007.690673828125,20943378971,3998.98467528338,102597703.03592218,4.31,12.184030924,2.781,39300530029.0,4172,79847044.17,39923.52208,0.0007524841828581152,0.000752201208582548,0.6821530903972862,0.03570552463827842,4002.692626953125,-0.0026493300553974697,0.999073635670954,-9.263643290460255,7.619178082191781e-05,0.00019961761040000002,0.07286042779600001,0.0001593605612118384,4.025704918816163e-05,1.7028683043880521,1.755670665071262,0.00041649914061721923,1.6345884993520332
2024-12-09,3718.6904296875,4008.77783203125,3525.23291015625,4006.101806640625,57029832059,4013.757828255235,89812691.31988375,4.3,31.744871529,2.857,36556593528.0,6572,413370147.2,206685.0736,-0.07165135464156769,-0.07434792132244716,0.7225110282738646,0.037817955653379504,4005.70458984375,0.0036942259526933086,1.002010442415525,20.10442415524949,7.827397260273973e-05,0.001033425368,0.37720025932,0.00017877472122512236,0.0008546506467748776,1.5808554836024589,1.7621565092065505,-0.03497102667400896,1.577425261340165
2024-12-10,3631.833740234375,3780.75341796875,3520.365234375,3719.00048828125,58416417599,3717.3938203468338,211451772.7614417,4.29,29.43714179,3.413,35862802728.0,6475,394879219.4,197439.6097,-0.02335679484361486,-0.0236338879518474,0.7279309955932882,0.03810164970884385,3718.6904296875,-0.07383704263922408,0.9996513263566349,-3.48673643365105,9.350684931506849e-05,0.0009871980485,0.36032728770249994,0.0001814669638169301,0.0008057310846830699,1.5439317663945527,1.6320440838992802,-0.01087266633712436,1.560274442801862
2024-12-11,3832.822021484375,3850.765380859375,3567.56640625,3631.276123046875,35968053196,3628.3598219830014,302073066.9548546,4.26,21.735605737,3.037,37667315223.0,5554,221616731.9,110808.366,0.055340716460503314,0.05386366878061288,0.7261454685204515,0.038008190950408326,3631.833740234375,-0.023950650016286268,0.9990434809245565,-9.565190754434738,8.320547945205479e-05,0.00055404183,0.20222526794999998,0.00018057782241533767,0.0003734640075846623,1.6293740565129575,1.592955567234658,0.02804382223783632,1.6040305019180365
2024-12-12,3883.1015625,3987.005859375,3800.0908203125,3833.172119140625,42971675764,3828.312304583448,122716727.69319417,4.23,23.025355646,2.925,37806016613.0,6034,424040967.4,212020.4837,0.013118151777930187,0.013032853981373549,0.7097699520872495,0.03715105724581762,3832.822021484375,0.05510822862413001,0.9988233951705432,-11.766048294568066,8.013698630136986e-05,0.0010601024185000001,0.38693738275250006,0.0001725251318102522,0.000887577286689748,1.6507484326893163,1.6807405268219062,0.0074466531756548415,1.6159751607489916
2024-12-13,3911.205322265625,3967.395263671875,3855.023681640625,3883.030029296875,34895127659,3873.956509202841,266593406.55741128,4.23,17.093997447,2.898,38211965632.0,5121,278654944.0,139327.472,0.007237451638409276,0.007211386970922717,0.7050549820904187,0.036904264436753986,3883.1015625,0.011922800698559888,0.9976449100931393,-23.5508990686073,7.939726027397261e-05,0.00069663736,0.25427263640000003,0.00017024059170223313,0.0005263967682977669,1.6626956446380852,1.7007796611491963,0.004145122587502405,1.6226735758886552
2024-12-14,3868.4052734375,3943.278076171875,3826.761962890625,3910.847900390625,28756190559,3906.9166892887138,148111733.88934517,4.23,10.991588536,2.797,37858056582.0,4728,193309786.7,96654.89334,-0.010942930708463194,-0.011003244988307515,0.6854027908621727,0.03587562173473583,3911.205322265625,0.00850814406604039,0.9989035009355052,-10.96499064494827,7.663013698630137e-05,0.0004832744667,0.1763951803455,0.00016088252935673124,0.00032239193734326876,1.644500881409547,1.715250139530845,-0.005149073416888328,1.6143183105147598
2024-12-15,3951.941162109375,3971.498046875,3832.0966796875,3868.441162109375,25069616984,3861.237592460254,355209360.28624666,4.23,10.197447224,2.762,38024218511.0,4443,174084752.2,87042.37608,0.02159439944037822,0.021364543575883133,0.6866831734150411,0.035942640020559684,3868.4052734375,-0.011691853310743627,0.9981471225296731,-18.528774703269193,7.567123287671233e-05,0.0004352118804,0.158852336346,0.00016148417145594234,0.0002737277089440576,1.6800128903227587,1.6951956865082178,0.011070927429133168,1.6321903113779896
2024-12-16,3987.48095703125,4106.95556640625,3882.705322265625,3951.65283203125,46536359669,3940.745185387296,171352208.56286386,4.25,18.852343249,2.856,39661401692.0,6421,478490075.0,239245.0375,0.00899299697642908,0.00895280078884042,0.6866657919563007,0.035941730233428254,3951.941162109375,0.020591220048798542,0.9971669677601922,-28.33032239807798,7.824657534246575e-05,0.0011962251875,0.43662219343750003,0.00016147599652156634,0.0010347491909784338,1.6951212411657932,1.7301018339148826,0.005531247679192974,1.6412183602498003
2024-12-17,3886.76611328125,4040.337890625,3849.28662109375,3987.333984375,35418700472,3984.9486636071447,175133146.55228367,4.26,19.687670212,2.868,37834965753.0,5574,342503134.2,171251.5671,-0.02525776168846805,-0.025582213898983852,0.6905158978129954,0.036143253984418124,3987.48095703125,0.011217035393143338,0.9993649390551597,-6.350609448403377,7.857534246575341e-05,0.0008562578354999999,0.3125341099575,0.00016329185107276958,0.0006929659844272303,1.6523062728233675,1.749508447419648,-0.011935914859806794,1.621628917635507
2024-12-18,3618.791259765625,3902.715576171875,3617.840576171875,3886.886962890625,48946681636,3873.819190036487,150111456.00785276,4.25,20.811104673,2.858,36005647146.0,7293,532556091.0,266278.0455,-0.06894545380539963,-0.07143741459791109,0.7318754588167166,0.03830811235013582,3886.76611328125,-0.027887303689896004,0.996668972902557,-33.3102709744304,7.83013698630137e-05,0.0013313902275,0.4859574330375,0.0001834389339788286,0.0011479512935211713,1.538387267018052,1.7007193740384179,-0.03332477560917864,1.5675884978339485
2024-12-19,3417.927978515625,3717.662353515625,3330.87255859375,3619.58203125,58879190250,3615.462327399373,151911622.34430787,4.23,24.265193363,2.97,33702040259.0,8406,616049194.1,308024.597,-0.05550562793804503,-0.05710555070104206,0.7532208003199485,0.039425378588000756,3618.791259765625,-0.06669306179844714,0.9990800982628472,-9.199017371528395,8.136986301369863e-05,0.001540122985,0.5621448895250001,0.00019429505960089855,0.0013458279253991015,1.4529981157503222,1.5872931917238573,-0.026406986043623414,1.5261932102495028
2024-12-20,3472.553466796875,3496.327392578125,3098.20361328125,3417.93017578125,66383827229,3422.1446369346645,171986156.86799765,4.23,23.134964258,3.278,33783903759.0,9364,512771320.7,256385.6603,0.015982047785855658,0.015855679498072206,0.7522576611917786,0.03937496558195407,3417.927978515625,-0.05346970123286088,1.0012336884935975,12.336884935975068,8.98082191780822e-05,0.0012819283015,0.46790383004749997,0.00019379848932250847,0.0010881298121774915,1.476220001069002,1.5024210989934286,0.009079153705105321,1.5400497529890462
2024-12-21,3337.222412109375,3552.921630859375,3293.505615234375,3472.589111328125,31579389836,3466.457638902884,191274928.17825156,4.23,10.125865201,2.926,32438677834.0,7024,233168645.0,116584.3225,-0.038971625917780583,-0.039751344867882565,0.700294714266797,0.03665510063107198,3472.553466796875,0.01294889803603172,0.9982445690319021,-17.554309680979372,8.016438356164385e-05,0.0005829216125,0.2127663885625,0.0001679495502842517,0.0004149720622157483,1.4186893074149953,1.521875796611477,-0.019070840896674546,1.5106797091768291
2024-12-22,3277.53515625,3398.657470703125,3219.294921875,3336.998779296875,24780768375,3328.310551035799,105744327.26718213,4.23,8.181341711,2.899,31784266531.0,6387,193434982.3,96717.49116,-0.01788530954448675,-0.018047184722854936,0.7024570538941871,0.03676828266004606,3337.222412109375,-0.03985252446667942,0.9973295573464812,-26.7044265351879,7.942465753424658e-05,0.0004835874558,0.176509421367,0.00016898832622113045,0.0003145991295788696,1.3933156100044246,1.461225204191771,-0.008628055642664504,1.4976454805878072
2024-12-23,3415.785400390625,3461.52783203125,3217.36865234375,3277.51416015625,34496081389,3268.2545441714856,150645625.91006118,4.24,12.01077517,2.861,33370048723.0,7595,310097422.2,155048.7111,0.042181162840310815,0.04131578891043297,0.7144115102881519,0.03739400750586233,3277.53515625,-0.018043991371425205,0.9971684172293874,-28.31582770612573,7.838356164383563e-05,0.0007752435555,0.28296389775749997,0.00017478897466856105,0.0006004545808314389,1.4520872826379683,1.4348588692156257,0.021691036000986846,1.5301309626239525
2024-12-24,3492.0498046875,3535.857666015625,3355.609130859375,3415.738037109375,23083678195,3409.076680703637,145659649.9358172,4.28,8.762799492,2.824,33759610053.0,5783,203841119.6,101920.5598,0.022327047913535125,0.022081448333141296,0.717480025658156,0.037554620941011925,3415.785400390625,0.04308787293917793,0.9980359657002397,-19.640342997603312,7.736986301369863e-05,0.000509602799,0.18600502163500002,0.00017629369425288644,0.0003333091047471136,1.4845081049720612,1.4966838858580411,0.011496833061514675,1.5477226228634948
2024-12-25,3493.2353515625,3542.833740234375,3440.09716796875,3491.95751953125,17651873225,3494.587649838559,115435689.1876013,4.28,6.934566458,2.743,33508349138.0,4721,144805318.0,72402.65898,0.00033949884489303805,0.00033944122819917766,0.7158328217684387,0.03746840234888575,3492.0498046875,0.025083322302176025,1.000726749414528,7.26749414527994,7.515068493150685e-05,0.0003620132949,0.1321348526385,0.00017548514682224841,0.00018652814807775157,1.4850120937589335,1.5342256901514917,0.0003562775705242706,1.5482740417194143
2024-12-26,3331.225830078125,3512.6044921875,3302.306396484375,3493.30419921875,22247726776,3493.9594151123765,147882735.89466494,4.24,8.237484329,2.752,32266644788.0,5488,179042015.8,89521.0079,-0.04637807223950974,-0.047487988220145994,0.7298138695006995,0.03820020383347985,3493.2353515625,-0.00017977363544208202,1.0002072759138754,2.0727591387537103,7.53972602739726e-05,0.00044760503949999996,0.16337583941749997,0.00018240694661492607,0.0002651980928850739,1.416140095598036,1.5339498768215845,-0.022923838026869793,1.5127816583658313
2024-12-27,3328.9169921875,3436.710693359375,3302.57568359375,3331.0537109375,24091627403,3327.317646230303,127733413.09327012,4.19,7.709954526,2.821,32111611770.0,5588,203780153.9,101890.0769,-0.000693089573747363,-0.0006933298713640568,0.6448605800983933,0.033753545435890174,3331.225830078125,-0.04769424858265381,0.9988268030907619,-11.731969092381167,7.728767123287672e-05,0.0005094503845,0.18594939034250002,0.0001424127286865878,0.0003670376558134122,1.4151585836628116,1.4607892900831245,2.049286893973071e-05,1.5128126596020908
2024-12-28,3397.90234375,3419.920166015625,3318.033935546875,3328.774658203125,14305648523,3327.382795436106,92388873.1039098,4.19,5.991375291,2.762,32950731845.0,4110,91730925.07,45865.46254,0.02072306150150305,0.02051125998172232,0.6464880449960138,0.03383873084194921,3328.9169921875,1.9580098063798346e-05,0.9995391303673252,-4.608696326747763,7.567123287671233e-05,0.0002293273127,0.08370446913549999,0.00014313246312423557,8.619484957576442e-05,1.444485002026436,1.460817892480675,0.010447725600327288,1.5286181111543147
2024-12-29,3349.513427734375,3406.6484375,3321.664794921875,3397.862548828125,13440907792,3397.39430202897,55819736.88991543,4.19,5.790899606,2.743,32132479266.0,4538,92059750.43,46029.87522,-0.014240820106154684,-0.014343193669390075,0.647626448989928,0.03389831763034791,3397.90234375,0.021041013582474788,0.9998504837191791,-1.4951628082093826,7.515068493150685e-05,0.00023014937610000002,0.0840045222765,0.0001436369922709945,8.651238382900551e-05,1.423914350966539,1.491554981597883,-0.007033897669248336,1.5178659677850956
2024-12-30,3356.392578125,3428.52734375,3298.804443359375,3349.5859375,26981583962,3349.927318947991,54082294.354694255,4.23,8.431892612,2.753,32316292712.0,7006,475871545.9,237935.773,0.0020537760301735375,0.002051669915347887,0.6368159967289956,0.03333247269760876,3349.513427734375,-0.013971584944564963,1.0001235675636315,1.2356756363152144,7.542465753424658e-05,0.001189678865,0.434232785725,0.00013888171701710415,0.001050797147982896,1.4268387521295742,1.4707155944729993,0.0020776851630696647,1.5210196153858913
2024-12-31,3332.53173828125,3444.396728515625,3311.41259765625,3356.394775390625,20845452085,3355.326994917581,86505833.20869873,4.23,11.362909495,2.963,32219799673.0,5916,320078589.8,160039.2949,-0.0071090729967826505,-0.007134462860038937,0.6367117878917621,0.033327018157773426,3356.392578125,0.0016118785440653038,0.9996825212836056,-3.1747871639442593,8.117808219178082e-05,0.0008001964745,0.2920717131925,0.00013883626741106997,0.00066136020708893,1.416695251286047,1.4730862093841526,-0.0028931762913023953,1.5166190374960509
2025-01-01,3353.504150390625,3366.531494140625,3310.255859375,3332.406494140625,14195410493,3335.331616983416,70422668.84273626,4.23,19.256054294,2.849,32398716256.0,4209,119669701.2,59834.85061,0.006293237021109732,0.0062735172957015806,0.6353606323608353,0.03325629544497071,3332.53173828125,-0.005959293375713437,1.0008401656524388,8.40165652438829,7.805479452054795e-05,0.00029917425305,0.10919860236324999,0.00013824764834039746,0.00016092660470960253,1.4256108502890705,1.4643076564947148,0.0033075451152644684,1.521635323385238
2025-01-02,3451.392578125,3493.4482421875,3348.35205078125,3353.412109375,22243574698,3348.6352203107585,29640947.900061782,4.22,21.08137992,2.991,33172489450.0,4683,206546000.4,103273.0002,0.029189893122086197,0.028771981247119882,0.6446030945669339,0.0337400680272015,3353.504150390625,0.003988689838096082,0.998548106738052,-14.518932619479452,8.194520547945206e-05,0.000516365001,0.188473225365,0.00014229902381002313,0.00037406597718997686,1.467224278642695,1.4701483255640215,0.014969012538233075,1.54441270161961
2025-01-03,3605.009765625,3627.0556640625,3421.83154296875,3451.680908203125,21877299255,3446.26098882767,53470909.76389417,4.2,13.963472216,2.904,34840087743.0,5418,155284272.1,77642.13603,0.04450875524089293,0.043546684210939546,0.6281865109144845,0.03288078476611196,3451.392578125,0.029153897660985528,0.9985131829598713,-14.868170401286518,7.956164383561643e-05,0.00038821068014999996,0.14169689825475,0.00013514325085442255,0.00025306742929557743,1.5325286049442983,1.5130088793939842,0.02250744504974204,1.5791734856354371
2025-01-04,3657.706787109375,3669.19677734375,3574.326904296875,3605.20068359375,16060610759,3601.1247764045024,47824191.20589149,4.2,11.573476281,2.872,35203568526.0,4209,105764442.6,52882.22129,0.014617719482165947,0.01451191049840972,0.6304463118888806,0.032999068155141115,3605.009765625,0.04493675553850407,0.9989223360065367,-10.776639934633181,7.868493150684931e-05,0.00026441110645,0.09651005385425,0.00013611731238845606,0.00012829379406154395,1.5549306781897692,1.5809985895348977,0.007437153535144517,1.5909180413067372
2025-01-05,3634.103759765625,3673.81298828125,3594.616943359375,3657.7431640625,12830306908,3658.4006632186665,45123726.84074244,4.2,9.452543925,2.808,35068959951.0,3952,79555752.67,39777.87633,-0.006452957745802013,-0.0064738680818550165,0.6028589019214833,0.03155507712121717,3657.706787109375,0.01590499923508637,1.0001897024965853,1.8970249658534222,7.693150684931507e-05,0.00019888938165,0.07259462430225,0.0001244653615157454,7.442402013425458e-05,1.5448967762257593,1.6061443708921228,-0.003152054852766752,1.5859033803742821
2025-01-06,3688.611328125,3743.941650390625,3611.21435546875,3634.11376953125,23973574043,3631.850623428405,37763630.63175989,4.21,16.142453864,2.85,35437930296.0,5050,320320622.5,160160.3112,0.01499890260780301,0.014887531318588998,0.6061336236564678,0.03172648389080888,3634.103759765625,-0.007257280498878638,0.9993800021996716,-6.199978003283979,7.808219178082192e-05,0.000800801556,0.29229256794,0.0001258212225092194,0.0006749803334907806,1.5680685325114783,1.5944881306708638,0.008174431637392286,1.5988672391406609
2025-01-07,3381.577392578125,3701.10693359375,3358.08984375,3688.34130859375,32235312545,3684.977141350485,47887357.65460263,4.21,12.543379345,2.926,32668055293.0,5681,295289621.9,147644.811,-0.08323835401301194,-0.08690776855318205,0.6732157880599917,0.035237724853602284,3688.611328125,0.014627946859755436,0.9990147547542336,-9.852452457663752,8.016438356164385e-05,0.0007382240549999999,0.269451780075,0.0001552121566072725,0.0005830118983927274,1.4375450888856238,1.617812218314828,-0.04103616510811324,1.5332558591293315
2025-01-08,3326.329345703125,3413.682861328125,3209.214599609375,3381.615478515625,34337730882,3376.972610456464,67828810.09747489,4.21,11.154560019,3.017,31884772772.0,6285,253352167.3,126676.0836,-0.016337951334858714,-0.01647288739964914,0.6276011153012091,0.03285014375929519,3381.577392578125,-0.08358383758688459,0.9986382739215823,-13.617260784176688,8.265753424657534e-05,0.000633380418,0.23118385257,0.00013489149312579507,0.0004984889248742048,1.4140585471817453,1.482589264613124,-0.007670486742555152,1.521495040388935
2025-01-09,3219.4306640625,3355.8623046875,3159.384033203125,3326.359619140625,28815726276,3323.9479334094794,57986396.3977838,4.21,9.941396847,2.954,30890782392.0,6926,231720444.2,115860.2221,-0.03213713091240178,-0.03266486590657891,0.6319835847331997,0.03307953269336761,3326.329345703125,-0.015701838055422357,0.9992840720066635,-7.159279933365292,8.093150684931507e-05,0.0005793011105,0.21144490533250002,0.00013678193540144705,0.000442519175098553,1.3686147625331648,1.459309888077461,-0.015626046281102337,1.4977200884713497
2025-01-10,3267.489990234375,3320.50048828125,3196.1103515625,3219.49658203125,26503845190,3217.8466927133004,66686084.18974577,4.22,8.285964545,2.931,31456620529.0,5620,187030327.0,93515.16351,0.014927896012281394,0.014817571558857878,0.6008841417736358,0.031451713450941055,3219.4306640625,-0.031920247495377474,0.9995079964395938,-4.9200356040624005,8.03013698630137e-05,0.00046757581755,0.17066517340575,0.0001236512848750133,0.0003439245326749867,1.389045301389133,1.412728355277577,0.0078078725388156835,1.5094140960209579
2025-01-11,3282.2177734375,3317.654296875,3219.69873046875,3267.5224609375,11772144561,3266.904495981397,60089118.47364757,4.22,4.633523979,2.759,31610835967.0,4174,80495150.61,40247.57531,0.004507369034684849,0.004497241268525798,0.5983351844839898,0.031318294928634915,3267.489990234375,0.015245537762624384,0.9998208122275116,-1.7918777248837614,7.558904109589041e-05,0.00020123787655,0.07345182494075,0.00012260444965461994,7.863342689538007e-05,1.395306241168389,1.4342661587662915,0.0023323179442378047,1.512934529602393
2025-01-12,3265.951171875,3298.018310546875,3224.510498046875,3282.150390625,11647743556,3279.420875630935,27098445.451395325,4.22,3.934712853,2.7,31118082148.0,3972,92680996.72,46340.49836,-0.004955978757455792,-0.004968300347394816,0.5965574660129458,0.03122524489109742,3282.2177734375,0.0038312658557770884,0.9991478634266135,-8.521365733864528,7.397260273972604e-05,0.0002317024918,0.084571409507,0.0001218769898136257,0.0001098255019863743,1.388391133077013,1.4397612137284694,-0.0023681638767415218,1.5093516527015136
2025-01-13,3135.499755859375,3335.193603515625,2920.5927734375,3266.095458984375,39911742769,3263.516770538674,23758917.50458621,4.23,9.914078965,3.113,29926823038.0,8253,318568956.8,159284.4784,-0.03994285558798849,-0.04076247086264395,0.608601991507158,0.03185568416908926,3265.951171875,-0.0048496687968424546,0.9992546118394879,-7.453881605120616,8.528767123287672e-05,0.0007964223919999999,0.29069417307999995,0.0001268480767350955,0.0006695743152649044,1.332934826548874,1.4327788486953466,-0.01930185347872934,1.480218368253191
2025-01-14,3223.6845703125,3254.75146484375,3126.805908203125,3135.670166015625,22847737224,3133.410124715645,127955467.94456832,4.22,8.1949425,2.984,30959407039.0,5034,127522074.9,63761.03747,0.028124644018336253,0.02773640872797678,0.6127317387914979,0.032071845021376805,3135.499755859375,-0.039867006965480845,0.9993335572296489,-6.6644277035110555,8.175342465753424e-05,0.00031880518735,0.11636389338275001,0.00012857540538440152,0.00019022978196559849,1.370423144045204,1.3756582443544156,0.014252551791133725,1.5013152572089072
2025-01-15,3450.53759765625,3473.1015625,3186.139892578125,3223.6845703125,25991614661,3220.6565681279426,59700960.7987977,4.21,9.985282333,2.857,32902268917.0,5505,181009367.4,90504.68371,0.07037072715887938,0.06800506244582571,0.6642800625464731,0.03477000760365475,3223.6845703125,0.027843927203820895,0.9990607014679901,-9.392985320099134,7.827397260273973e-05,0.00045252341855,0.16517104777074998,0.00015111917859477614,0.00030140423995522384,1.4668608172070225,1.413961972367556,0.03548676781939491,1.5545920831651947
2025-01-16,3308.34521484375,3458.1806640625,3265.67578125,3450.30517578125,26395516475,3445.0026328846666,39951546.44431217,4.21,8.645006405,2.898,31545466064.0,5403,164726145.3,82363.07264,-0.041208762051769265,-0.04208191502412362,0.6732036601085742,0.03523709004761189,3450.53759765625,0.0696584873335715,0.9983959123426613,-16.040876573386598,7.939726027397261e-05,0.00041181536319999997,0.150312607568,0.00015520656437793863,0.0002566087988220613,1.4064132988276745,1.5124564245098733,-0.02034777222706257,1.5229595975509547
2025-01-17,3474.107177734375,3525.54345703125,3307.31103515625,3308.191162109375,28200207229,3305.632597736724,60111973.27782023,4.2,10.621789215,2.892,33453282301.0,5588,268303739.0,134151.8695,0.05010419171097702,0.0488893894473712,0.6551710025163516,0.03429321761044716,3308.34521484375,-0.0404557122301068,0.9991800683027712,-8.199316972288262,7.923287671232875e-05,0.0006707593475,0.24482716183749997,0.0001470030967596854,0.0005237562507403146,1.476880500377004,1.4512689226393256,0.025575852106228824,1.5619105869816796
2025-01-18,3305.78955078125,3493.06005859375,3228.333740234375,3473.563720703125,32420094038,3473.485063660588,58377311.85988489,4.2,17.613279624,2.981,31441520141.0,7292,372921286.9,186460.6434,-0.0484491750950794,-0.04966217811293383,0.6476713864651475,0.03390066976530298,3474.107177734375,0.05077771378428064,0.9998209283588675,-1.7907164113251106,8.167123287671232e-05,0.000932303217,0.340290674205,0.00014365692631701597,0.000788646290682984,1.40532685841973,1.5249610406171266,-0.023435941256856715,1.5253057422167144
2025-01-19,3208.96435546875,3444.20654296875,3127.623046875,3305.39794921875,57242875399,3299.39790869378,145316123.58352455,4.2,47.156948086,3.164,30962794807.0,8142,720813391.8,360406.6959,-0.02928958236001966,-0.02972708623132192,0.6521417195072039,0.03413465769091876,3305.78955078125,-0.05011887248000524,0.9980665308576708,-19.334691423291694,8.668493150684932e-05,0.0018020334795,0.6577422200175,0.0001456468569595249,0.001656386622540475,1.3641654216572976,1.4485317126854607,-0.012988404557469356,1.5054944541629727
2025-01-20,3278.035400390625,3444.28271484375,3147.52294921875,3208.933837890625,52383187336,3209.785385263705,250150874.32994345,4.2,39.77502198,3.472,31492388452.0,7911,1020119427.0,510059.7133,0.02152440391061483,0.02129602525998564,0.6431086597657548,0.033661845734632656,3208.96435546875,-0.02716026557268214,1.0002558550684915,2.558550684914618,9.512328767123288e-05,0.0025502985665,0.9308589767725,0.00014163998228277583,0.0024086585842172242,1.3935282691939435,1.4091892066784715,0.013170860539524638,1.525323111661781
2025-01-21,3327.40625,3365.778076171875,3202.49267578125,3278.43603515625,32804001146,3263.4026127627594,156532254.97314456,4.22,16.383612802,3.428,31803851247.0,7444,784097971.0,392048.9855,0.015061109347230373,0.014948816934856168,0.6421375856754662,0.033611017393686195,3278.035400390625,0.01670430295595904,0.9955361105538635,-44.638894461365155,9.391780821917808e-05,0.0019602449275,0.7154893985374999,0.0001412125612798345,0.0018190323662201652,1.41451635083473,1.4327287301090963,0.009349587039835352,1.5395842528581354
2025-01-22,3240.224609375,3364.74609375,3223.385986328125,3327.2373046875,22171220981,3319.93048042932,127383599.43303628,4.22,11.53907435,2.919,31125511344.0,6139,447414312.9,223707.1565,-0.026201080984625813,-0.026550445302570225,0.6313921648397813,0.033048576361316515,3327.40625,0.01732175718849005,0.9977532741694286,-22.467258305713944,7.997260273972604e-05,0.0011185357825,0.4082655606125,0.0001365260499387211,0.000982009732561279,1.377454493372432,1.4575461092890198,-0.012118530759751629,1.5209267537326447
2025-01-23,3334.714111328125,3346.732421875,3184.06689453125,3240.475341796875,32419520084,3233.4966795431183,115177398.37806876,4.22,12.885022894,2.843,31707919901.0,7643,964578756.4,482289.3782,0.029161404946970837,0.028744300670782152,0.6349761260953545,0.03323616946719686,3240.224609375,-0.026034822534905744,0.9979236223895048,-20.763776104951724,7.789041095890412e-05,0.0024114468909999997,0.8801781152149999,0.0001380803701065286,0.0022733665208934713,1.41762300164969,1.419599154997238,0.01685406899437889,1.5465605581754513
2025-01-24,3309.554931640625,3424.89990234375,3277.3232421875,3334.808349609375,25578325671,3330.794257736754,55872867.03746413,4.21,12.696140459,4.191,31783590197.0,6342,571372498.2,285686.2491,-0.007544628669076459,-0.0075732333452158684,0.6352816246376942,0.033252159991734566,3334.714111328125,0.030090514336753138,0.9988245308411731,-11.754691588269361,0.00011482191780821917,0.0014284312455,0.5213774046075,0.00013821326801448911,0.001290217977485511,1.4069275625095015,1.462315623723125,-0.002482096357052718,1.5427218458480425
2025-01-25,3317.26953125,3349.29833984375,3270.273193359375,3309.711669921875,13744316078,3306.6110286424514,55185089.62983032,4.21,7.140981333,2.803,31914833616.0,4624,237780978.5,118890.4893,0.0023310081774501334,0.002328295592443297,0.6135832056871007,0.03211641283562202,3309.554931640625,-0.007260499215203664,0.9991104837179076,-8.895162820924396,7.67945205479452e-05,0.0005944524465,0.2169751429725,0.00012893299667851335,0.00046551944982148666,1.410207122162791,1.4516984822847032,0.0016310235385465534,1.5452380614920507
2025-01-26,3236.13427734375,3359.3125,3233.922119140625,3317.29150390625,14471528757,3310.183212565046,57249294.72481435,4.21,6.590277276,2.735,31428284943.0,5155,375331044.2,187665.5221,-0.02445844485711024,-0.02476252101244647,0.6195709007199187,0.032429823117757176,3317.26953125,0.0010803157346452874,0.9978638097935069,-21.36190206493138,7.493150684931507e-05,0.0009383276105,0.3424895778325,0.00013146167843112723,0.0008068659320688727,1.3757156490282683,1.453266774997076,-0.011422356496486246,1.5275878014817492
2025-01-27,3178.92041015625,3250.396484375,3024.091552734375,3235.855224609375,39412486482,3229.1307485254483,33934333.02420267,4.2,12.219044894,3.075,30149637527.0,8744,403881811.1,201940.9055,-0.017679695057172262,-0.0178378476986758,0.6172933944844159,0.03231061299300612,3236.13427734375,-0.024485793937910283,0.997835834913485,-21.641650865149575,8.424657534246576e-05,0.0010097045275,0.3685421525375,0.00013049696399797698,0.000879207563502023,1.3513934158680687,1.4176823842076862,-0.007960639965084108,1.5154272249790985
2025-01-28,3077.112548828125,3222.7373046875,3040.09228515625,3179.0869140625,20718206194,3169.256852216487,88171638.18357322,4.2,7.196390152,2.906,29300827813.0,6207,174999221.8,87499.61088,-0.0320259233300908,-0.03254997236383872,0.6250121066821089,0.03271462885459226,3178.92041015625,-0.018541799936810266,0.9969601132796879,-30.398867203120794,7.961643835616439e-05,0.00043749805439999994,0.159686789856,0.00013378086763671506,0.00030371718676328486,1.3081137939426883,1.391396001065767,-0.015709244478282116,1.4916210082128571
2025-01-29,3112.9990234375,3177.98046875,3055.181640625,3076.380126953125,22727786058,3072.970762675948,107208812.68548292,4.2,5.188315316,2.799,29817112754.0,6652,211639098.3,105819.5492,0.011662386097330613,0.011594904629125935,0.6268335380002438,0.03280996692711894,3077.112548828125,-0.03038128306741661,0.9986540023848806,-13.45997615119443,7.668493150684932e-05,0.000529097746,0.19312067729000001,0.00013456174121982985,0.0003945360047801702,1.323369522066892,1.3491236052985165,0.0062257290534454765,1.5009074364604176
2025-01-30,3247.780029296875,3282.986328125,3093.123779296875,3113.289794921875,19958405782,3112.83810844084,57745913.99627866,4.19,4.992808431,2.881,30987994022.0,5970,226910245.1,113455.1226,0.0432961927853559,0.04238511728102168,0.6457475554423436,0.0337999718472673,3112.9990234375,0.012973551928679994,0.9999483086902861,-0.5169130971394154,7.893150684931506e-05,0.000567275613,0.207055598745,0.00014280476210950778,0.00042447085089049227,1.3806663840205644,1.3666265304500647,0.022072567243568444,1.534036316778062
2025-01-31,3298.26513671875,3437.569091796875,3214.935546875,3247.8671875,30128115902,3245.28129502835,60677083.48936779,4.2,6.350259485,2.797,31143457798.0,6968,485673380.9,242836.6904,0.015544497153892722,0.015424919053598884,0.6478053999748729,0.03390768435299703,3247.780029296875,0.042547405927849,0.9992306331568072,-7.693668431928424,7.663013698630137e-05,0.001214183452,0.44317695997999995,0.00014371638227280993,0.00107046706972719,1.4021281486974475,1.4247729441928914,0.008842715646673553,1.5476013637190007
2025-02-01,3118.32861328125,3329.6552734375,3103.9189453125,3298.822265625,19917507079,3293.745782036962,65900289.03191651,4.2,4.149546323,2.825,29708656417.0,6300,259029743.0,129514.8715,-0.05455489961504678,-0.056099456678397885,0.6668121787096231,0.03490254462111175,3298.26513671875,0.014933832417811432,0.9986297782335704,-13.702217664296468,7.73972602739726e-05,0.0006475743574999999,0.23636464048749997,0.00015227345262858711,0.0004953009048714128,1.3256351882978268,1.4460502645748998,-0.02678214890265198,1.5061532735539311
2025-02-02,2868.69287109375,3161.894287109375,2755.474609375,3118.611572265625,42060930305,3119.9952944458632,45890115.16020742,4.2,10.33698642,2.768,27113145524.0,10310,424009795.9,212004.898,-0.08005434100956466,-0.08344067699827828,0.7005870215404829,0.036670400693051414,3118.32861328125,-0.052751638738690265,1.000534479001833,5.344790018328993,7.583561643835615e-05,0.00106002449,0.38690893884999994,0.0001680897858736182,0.0008919347041263817,1.2195123368795542,1.3697687434200572,-0.03913523580065595,1.4472096100414682
2025-02-03,2884.566650390625,2919.477294921875,2159.280517578125,2868.07861328125,92453553253,2854.6062199425364,94859232.03528492,4.22,33.223755613,11.773,27033316297.0,15006,1479255383.0,739627.6914,0.005533453740142802,0.005518200428123343,0.6977082309948714,0.036519717909081456,2868.69287109375,-0.08506072909012574,0.9950895227254346,-49.104772745653946,0.00032254794520547944,0.003698138457,1.349820536805,0.0001667112245198606,0.0035314272324801395,1.2262604519812106,1.2532552154198817,0.00629815410255154,1.4563243591842028
2025-02-04,2735.05126953125,2888.25,2636.165771484375,2883.818359375,48795275985,2869.4396825440467,934231726.179326,4.22,4.780827197,3.31,25531413448.0,12530,760711896.9,380355.9485,-0.05183287439003281,-0.053224499427353855,0.7153265569289239,0.03744190323606892,2884.566650390625,0.005196325327774698,0.994755895883172,-52.44104116827963,9.06849315068493e-05,0.0019017797425,0.6941496060125,0.00017523701474239352,0.0017265427277576065,1.1626998480042037,1.2597675372379338,-0.0241898944672588,1.4210960266254387
2025-02-05,2787.779052734375,2824.400146484375,2701.10498046875,2735.225830078125,31960764447,2732.3074274583137,169605650.95957807,4.22,3.614491601,3.032,26206613015.0,9551,465684895.7,232842.4479,0.01927853557646908,0.019095058966454914,0.7172779546054757,0.037544044058708335,2735.05126953125,-0.047790603831111556,0.9989967858725345,-10.032141274655126,8.306849315068493e-05,0.0011642122395,0.42493746741750005,0.0001761944055352791,0.000988017833964721,1.185114998388708,1.1995624859465006,0.010627285622199263,1.4361984199969595
2025-02-06,2688.40087890625,2857.14208984375,2662.44580078125,2787.65869140625,29500645692,2786.56487363223,102754967.0014788,4.22,3.757970121,2.817,25330796824.0,10033,850301904.2,425150.9521,-0.035647794157377954,-0.036298692340943184,0.668448904093408,0.03498821474317012,2787.779052734375,0.019857738418691984,0.9995644636539779,-4.35536346022114,7.717808219178082e-05,0.0021257547605,0.7759004875825,0.00015302189636427337,0.0019727328641357266,1.142868262873326,1.223383084009302,-0.01585116421455325,1.4134330029969058
2025-02-07,2622.211181640625,2798.02880859375,2564.96826171875,2688.8974609375,29526663418,2682.318863684904,63950567.69900399,4.24,3.144417289,2.922,24275250806.0,9499,425072864.1,212536.4321,-0.024620471517087794,-0.024928623743828204,0.6705017154654311,0.03509566380123833,2688.40087890625,-0.03741022178731601,0.9977376829218192,-22.62317078180809,8.005479452054795e-05,0.0010626821605000001,0.38787898858250003,0.00015396320220619384,0.0009087189582938063,1.1147303073594697,1.1776160515056635,-0.01140151680025009,1.3973177228672085
2025-02-08,2632.308349609375,2665.484619140625,2591.778564453125,2623.001953125,17059263074,2617.353115576511,131445877.2138621,4.24,2.443721663,2.848,24749917962.0,6595,149118653.4,74559.32668,0.0038506311160004802,0.003843236412775397,0.6656245439996923,0.034840380979264125,2622.211181640625,-0.024219994493549835,0.9981473398869901,-18.526601130098854,7.802739726027397e-05,0.0003727966334,0.136070771191,0.00015173151834753368,0.0002210651150524663,1.119022722566937,1.1490941972226805,0.0021463806730527063,1.4003168986216845
2025-02-09,2628.72119140625,2695.222412109375,2530.435791015625,2632.578125,17517088276,2630.9868097719195,99837141.32039462,4.24,2.620459896,2.706,24559063187.0,7041,193021747.8,96510.87389,-0.0013627424019899692,-0.0013636717798481968,0.6614169971769912,0.034620147913022106,2632.308349609375,0.005208962487434743,0.9994979540152841,-5.020459847159264,7.413698630136986e-05,0.00048255436945,0.17613234484925,0.0001498193301899411,0.00033273503926005887,1.1174977828541046,1.1550797857905424,-0.00034863616173492573,1.3998286975129364
2025-02-10,2661.166748046875,2692.80859375,2564.0185546875,2628.650146484375,19414208113,2629.168768323585,103248065.2711859,4.23,2.744020018,2.857,25060988395.0,7743,211318864.7,105659.4324,0.0123427150611084,0.012267164782038265,0.6637053136513138,0.03473992387153388,2628.72119140625,-0.0006910112363854859,1.0001702641264498,1.7026412644982614,7.827397260273973e-05,0.0005282971620000001,0.19282846413000002,0.0001508577888249962,0.00037743937317500384,1.1312907395692933,1.1542816126796394,0.006548796903729203,1.4089958913529603
2025-02-11,2602.781982421875,2724.90234375,2565.397216796875,2661.315673828125,21156550492,2656.5518232877007,50648890.06821762,4.23,3.576134863,2.807,24260932113.0,7961,368679447.4,184339.7237,-0.02193953673434812,-0.022183787478294192,0.6657579968922767,0.03484736622291588,2661.166748046875,0.010415099743321443,0.9982658265354618,-17.341734645381912,7.690410958904108e-05,0.0009216986185,0.3364199957525,0.0001517923665842523,0.0007699062519157477,1.106470744831285,1.1663035708075797,-0.010199862115258312,1.3946243275401946
2025-02-12,2736.902099609375,2794.867431640625,2551.174560546875,2602.828125,26919387954,2600.645843134877,90971829.27209556,4.23,3.512973045,2.813,25781716831.0,8148,397055105.3,198527.5526,0.051529524214203315,0.05024579395397755,0.6840714218261706,0.0358059346944119,2602.781982421875,-0.02104456599067417,0.999179286124837,-8.20713875163026,7.706849315068494e-05,0.000992637763,0.362312783495,0.00016025811991756124,0.0008323796430824387,1.1634866558693762,1.1417592183465608,0.026597141750184097,1.4317173484680363
2025-02-13,2675.902587890625,2756.443359375,2615.667724609375,2737.028564453125,19481004625,2738.9918336069404,172279592.99347177,4.22,3.469604871,2.956,25070054895.0,7776,314228535.4,157114.2677,-0.022287794557012575,-0.022539920715982653,0.676660390428152,0.035418023581932884,2736.902099609375,0.053196782190572334,1.0007635399153896,7.635399153895772,8.098630136986301e-05,0.0007855713384999999,0.2867335385525,0.00015680454930629424,0.0006287667891937057,1.137555104313534,1.202497134799021,-0.010515130489312583,1.4166626537250822
2025-02-14,2726.091552734375,2790.023681640625,2666.26806640625,2675.939453125,17732289901,2675.1979431206987,56680465.17634326,4.22,2.555511909,2.851,25546959431.0,7652,309700883.3,154850.4417,0.018755901306300338,0.01858217824945818,0.6286970216836919,0.032907506121046266,2675.902587890625,-0.023291011569841924,0.9997366702461012,-2.6332975389875557,7.81095890410959e-05,0.0007742522084999999,0.2826020561025,0.0001353629948883372,0.0006388892136116628,1.1588909755805168,1.1744897601197153,0.010016839866761832,1.4308531366726682
2025-02-15,2693.559814453125,2738.68115234375,2668.53173828125,2726.07470703125,10803019357,2724.602909488817,68013206.28237356,4.22,1.895697655,2.688,25265227220.0,4947,107099636.8,53549.81839,-0.011933472391497446,-0.012005247865074509,0.6167276448654888,0.03228100030453184,2726.091552734375,0.018467779737631806,0.9994539276408143,-5.4607235918568975,7.364383561643836e-05,0.00026774909195,0.09772841856174999,0.00013025787258264811,0.00013749121936735187,1.1450613821186713,1.1961799783137101,-0.0058292449763813715,1.4225123432137796
2025-02-16,2663.31591796875,2724.096435546875,2655.297607421875,2693.5625,10593602117,2691.9444569712487,26473041.694760963,4.22,1.957794769,2.65,25119239869.0,4636,118440850.8,59220.4254,-0.011228225310643603,-0.01129173770093761,0.583072663277965,0.030519418056807534,2693.559814453125,-0.011986499905667247,0.9994002889881232,-5.997110118768356,7.26027397260274e-05,0.000296102127,0.108077276355,0.00011642935981577371,0.00017967276718422627,1.1322043749257258,1.181841967116492,-0.005434439888137575,1.4147817853944507
2025-02-17,2743.19970703125,2848.7841796875,2640.18212890625,2663.2294921875,24170425078,2661.4589802606715,31208753.89055954,4.22,12.652300822,2.765,25831733442.0,6631,423460097.3,211730.0486,0.029994109419593684,0.029553083215088094,0.5787545503486784,0.03029339769604406,2663.31591796875,-0.011324704947618724,0.9993027722713816,-6.972277286183548,7.575342465753425e-05,0.001058650243,0.38640733869500005,0.00011471124299633594,0.0009439390000036641,1.1661638368325906,1.1684579555441843,0.015940993709800507,1.4373348129361638
2025-02-18,2669.3388671875,2754.6767578125,2606.900390625,2743.02294921875,23004152928,2740.408721698653,69641132.80777225,4.23,2.942103785,2.944,25052336028.0,8171,416617071.4,208308.5357,-0.026925068435387,-0.02729418890354296,0.5775717478646358,0.03023148698445936,2743.19970703125,0.02966408350590055,0.9989825803329436,-10.17419667056374,8.065753424657535e-05,0.0010415426785,0.3801630776525,0.00011424285066144196,0.000927299827838558,1.1347647957189997,1.2031191899105809,-0.012535234389854941,1.4193174841593108
2025-02-19,2715.77099609375,2735.917724609375,2656.375732421875,2669.21337890625,15272401903,2667.992311053779,78502208.23249975,4.22,2.270480116,2.785,25502091882.0,6601,227449933.6,113724.9668,0.017394617624989728,0.017245063069149857,0.5753184711056736,0.03011354508847362,2669.3388671875,-0.026425405112558087,0.9994955469497434,-5.044530502565925,7.63013698630137e-05,0.000568624834,0.20754806441,0.00011335319972444171,0.00045527163427555833,1.1545035954348313,1.171326277918501,0.009152580446770421,1.4323079016125868
2025-02-20,2740.386474609375,2770.030517578125,2708.216064453125,2715.6826171875,15917259320,2717.248448471692,57714596.94916418,4.21,2.427071496,2.722,25696853697.0,5839,219047057.6,109523.5288,0.009063900656951951,0.009023070046993986,0.5729337806086376,0.029988724683061404,2715.77099609375,0.018461873826937092,1.0005440268638508,5.440268638507995,7.457534246575342e-05,0.0005476176440000001,0.19988044006000003,0.00011241545101455704,0.00043520219298544304,1.1649679013319465,1.1929511558716082,0.004967152521461419,1.439422393417591
2025-02-21,2659.655517578125,2842.8271484375,2616.91943359375,2740.022216796875,31441524621,2739.8879512043018,55190401.592883095,4.21,4.218117505,2.739,24939857710.0,8285,553213786.6,276606.8933,-0.029459697666460616,-0.0299023498437192,0.5745294834400699,0.030072247586593066,2740.386474609375,0.008331775015031573,0.999818082810694,-1.8191718930604672,7.504109589041096e-05,0.0013830344665,0.5048075802725001,0.00011304250936366906,0.001269991957136331,1.1306482991675761,1.2028905565062522,-0.013459856876093976,1.4200479740179455
2025-02-22,2764.029296875,2797.057861328125,2653.867431640625,2660.035888671875,16403164397,2654.904216526916,574372666.2149549,4.21,2.356566934,3.013,26019595555.0,6361,280866469.3,140433.2346,0.039243345090012705,0.03849289556023727,0.5830173192978836,0.030516521220492934,2659.655517578125,-0.03101722997104006,0.9982135652456468,-17.8643475435325,8.254794520547946e-05,0.000702166173,0.256290653145,0.00011640725842509945,0.0005857589145749005,1.1750187205472453,1.1655802234851054,0.020207431459581253,1.4487434961222303
2025-02-23,2821.310302734375,2850.6103515625,2746.773681640625,2764.031005859375,20493767269,2758.3670330156583,105692266.33716492,4.21,2.164691505,2.737,26257774676.0,6254,361958251.6,180979.1258,0.020723733255699095,0.020511918097523285,0.5904025163384693,0.030903080100901436,2764.029296875,0.03897045168133784,0.9979514457875887,-20.485542124113465,7.498630136986301e-05,0.000904895629,0.33028690458500004,0.0001193750449653413,0.0007855205840346588,1.1993694950823193,1.2110034112651547,0.011147387211884206,1.4648932008442035
2025-02-24,2513.8212890625,2839.010009765625,2478.8994140625,2820.456298828125,29127380459,2819.79554718565,31737358.710121177,4.19,3.022174125,2.792,23594781685.0,10157,703860919.0,351930.4595,-0.10898801644535905,-0.11539740204549709,0.7032287113412051,0.03680867305682747,2821.310302734375,0.022269884114309857,0.9994631021099462,-5.368978900538446,7.649315068493149e-05,0.0017596522975,0.6422730885875,0.0001693598015255521,0.0015902924959744478,1.0686525928282256,1.2379723168960635,-0.05290371572670508,1.3873949073767586
2025-02-25,2493.592529296875,2529.669189453125,2326.632080078125,2514.2109375,40044790246,2504.2817711912394,111500218.91916524,4.19,5.086704913,4.108,23637489715.0,11632,336656126.2,168328.0631,-0.008047015853369976,-0.008079567833921608,0.7009993610932262,0.036691983531665015,2513.8212890625,-0.11189243004136062,0.9962051726139934,-37.948273860065605,0.00011254794520547944,0.0008416403155,0.30719871515749997,0.00016828770693599708,0.0006733526085640029,1.0600531284719918,1.0994525860346296,-0.0033501553181209853,1.3827469189494763
2025-02-26,2331.45263671875,2503.422119140625,2255.054931640625,2493.381591796875,28815111323,2495.9992643781347,192444442.2421741,4.2,3.145682197,2.982,22242318413.0,8954,229416956.2,114708.4781,-0.06502260921668868,-0.06723293096623006,0.7296995810343618,0.03819422170174412,2493.592529296875,-0.0033073382190395018,1.0009651677461266,9.651677461266495,8.169863013698631e-05,0.0005735423905,0.2093429725325,0.0001823498214252477,0.0003911925690747523,0.9911257081504292,1.0958163244768155,-0.03212011203926959,1.3383329329908644
2025-02-27,2305.484375,2378.08740234375,2230.4482421875,2331.51025390625,24286213447,2326.351201886237,111465176.60421523,4.2,2.266206886,3.14,21334863382.0,8471,159349086.9,79674.54347,-0.01113823258073876,-0.011200727179471848,0.725305684222945,0.03796423463129527,2331.45263671875,-0.06796799378631413,0.9978119071551491,-21.88092844850886,8.602739726027399e-05,0.00039837271735,0.14540604183275,0.0001801603888925049,0.0002182123284574951,0.9800863194963003,1.0213358873438338,-0.005350903961911885,1.3311716419973665
2025-02-28,2237.9052734375,2310.94921875,2076.169921875,2305.56005859375,35737904667,2302.0837242504417,50489461.59901301,4.2,4.494694845,4.079,20886541385.0,13198,766436110.1,383218.055,-0.029312322518993406,-0.02975051281140484,0.7244193244284618,0.03791784043924981,2305.484375,-0.010431562360884716,0.9985249734127744,-14.750265872256474,0.00011175342465753425,0.001916090275,0.699372950375,0.00017972032794705105,0.001736369947052949,0.9513577132027715,1.0106817583435972,-0.012919791312443753,1.3139731821817173
2025-03-01,2216.643310546875,2279.873046875,2144.090087890625,2237.942138671875,16135258239,2230.6125724551644,268444796.1928031,4.2,2.260211286,2.849,20869805736.0,6480,196074691.5,98037.34573,-0.009500832382402846,-0.009546253209762767,0.6984312235079688,0.03655756106680234,2237.9052734375,-0.031046286910589416,0.9967412825426994,-32.58717457300553,7.805479452054795e-05,0.00049018672865,0.17891815595725,0.00016705690889412276,0.00032312981975587724,0.9423190230339259,0.9793038424987629,-0.004427286371445546,1.3081558466197993
2025-03-02,2519.694580078125,2548.811767578125,2175.321533203125,2216.521728515625,34854193845,2213.6153485415616,90980160.87050828,4.2,7.377621784,2.764,23662814664.0,8703,385259301.9,192629.651,0.13671629895947635,0.12814366644776953,0.8498730188662839,0.0444843869238577,2216.643310546875,-0.00761998032446054,0.9986339877097473,-13.660122902526828,7.572602739726027e-05,0.0009631482550000001,0.35154911307500003,0.0002473575849989352,0.0007157906700010648,1.0711493923022337,0.9718415664872537,0.06907394014973924,1.398515325275747
2025-03-03,2145.573974609375,2522.316650390625,2097.076171875,2519.531005859375,31473561910,2511.696755730195,76073699.06169881,4.21,3.434726501,3.33,20249116194.0,11502,532226225.3,266113.1127,-0.14847855308604507,-0.16073059198113704,0.9897460909630708,0.0518056781300221,2519.694580078125,0.1346581768982691,0.9968258754806378,-31.741245193621648,9.123287671232878e-05,0.0013305655635,0.48565643067750003,0.00033547853581393126,0.0009950870276860687,0.9121066803942016,1.1027079800643853,-0.07324418951533647,1.2960822037511477
2025-03-04,2170.01513671875,2220.358642578125,1996.767578125,2145.65283203125,33935738380,2145.918896094175,107585043.99179412,4.2,4.341521989,3.615,20468588674.0,13537,864226632.9,432113.3165,0.011391432967872817,0.011327039159087171,0.9589294330921396,0.05019266053562976,2145.573974609375,-0.14562978544345884,1.0001607595398163,1.6075953981631308,9.904109589041096e-05,0.0021605665825,0.7886068026125,0.00031491289645562066,0.0018456536860443793,0.9224968825034612,0.942120853520819,0.0075413701699807885,1.3058564394203593
2025-03-05,2241.977294921875,2272.79736328125,2156.099365234375,2169.98681640625,22105432727,2167.25678204526,151441768.20346335,4.21,2.457370965,3.112,20982072782.0,8302,276512285.6,138256.1428,0.03316205356610458,0.03262405447073036,0.9688128682549818,0.050709983175789855,2170.01513671875,0.009943472695973066,0.9987288776807055,-12.711223192944932,8.526027397260275e-05,0.000691280714,0.25231746061,0.0003214377992111113,0.00036984291478888874,0.9530887735356054,0.95148880650411,0.016950869697841178,1.3279918417690606
2025-03-06,2202.476806640625,2319.396240234375,2177.677001953125,2241.906494140625,18509069102,2240.698534213216,74796296.00691949,4.2,2.653903301,2.875,20808405705.0,8013,147433453.4,73716.72669,-0.017618594251921915,-0.017775649142083516,0.955975609979771,0.0500380503676184,2241.977294921875,0.033886963822832517,0.9994296281628029,-5.703718371971034,7.876712328767124e-05,0.00036858363345,0.13453302620925,0.0003129758105740395,5.560782287596051e-05,0.9362966891486196,0.9837318732679449,-0.008753689303084998,1.3163670137891827
2025-03-07,2138.987548828125,2254.232421875,2103.47265625,2202.498291015625,22425792863,2203.3442577826104,84103616.48339356,4.2,3.007171295,3.053,19934083061.0,10100,536429336.1,268214.6681,-0.02882630029114286,-0.029249939244508028,0.9540978481446112,0.049939763821073443,2202.476806640625,-0.016670817542049243,1.0003938525660612,3.9385256606117025,8.364383561643835e-05,0.0013410733405,0.48949176928250004,0.0003117475013130745,0.0010293258391869255,0.9093067196256187,0.9673322586983967,-0.013383824306384504,1.2987489889539083
2025-03-08,2201.51025390625,2232.3271484375,2107.72802734375,2139.7978515625,10533204814,2137.934029421359,85566929.97647156,4.2,2.293764421,2.95,20627774763.0,6461,186004386.7,93002.19335,0.029230046295678047,0.028810994834996606,0.9575285312213172,0.05011933398039078,2138.987548828125,-0.02968679457611345,0.9995074681910405,-4.925318089594732,8.082191780821919e-05,0.00046501096675,0.16972900286375,0.0003139934548297442,0.0001510175119202558,0.9358857971372467,0.9386152646475695,0.01476604065975928,1.3179263693316228
2025-03-09,2015.5091552734373,2210.313720703125,1991.1934814453125,2201.708740234375,16103964994,2199.2240608520515,40429725.80809959,4.2,2.547768823,2.718,18876325587.0,9252,421224491.5,210612.2457,-0.08448795471326176,-0.0882717578959733,0.9974001211898591,0.05220630838251506,2201.51025390625,0.028667877767622585,0.9989615342239982,-10.384657760017513,7.446575342465753e-05,0.0010530612285,0.38436734840250003,0.0003406873293662828,0.0007123738991337172,0.8568147202919302,0.9655233723253107,-0.041531603457497165,1.2631907739743629
2025-03-10,1861.1513671875,2150.706298828125,1812.766845703125,2015.430419921875,35005066442,2014.113466348824,61591002.352237694,4.19,6.342953942,3.064,17539127202.0,12188,783511531.7,391755.7658,-0.07658500963990711,-0.07967653516610529,1.0262334022325899,0.05371551128896828,2015.5091552734373,-0.08417086635161197,0.9993075253858502,-6.924746141497851,8.394520547945205e-05,0.001958778829,0.7149542725850001,0.00036066951912940985,0.0015981093098705902,0.7911955566787584,0.8842544335939593,-0.03669439551008296,1.21683875210946
2025-03-11,1919.844970703125,1961.7977294921875,1760.9417724609375,1859.7777099609373,30898385863,1872.889837188395,242198567.86495185,4.2,4.582418632,4.851,18198547493.0,11390,611864394.4,305932.1972,0.031536179458804936,0.031049127522702946,1.0364616684436743,0.05425088321111855,1861.1513671875,-0.07011701749675436,1.0063071011889988,63.071011889987986,0.0001329041095890411,0.001529660986,0.55832625989,0.00036789479114830313,0.0011617661948516967,0.8161468417411888,0.822253150002069,0.016929855924254163,1.2374396568657222
2025-03-12,1908.982666015625,1954.5711669921875,1832.01904296875,1919.664794921875,22898872951,1918.467725400197,183001283.99136895,4.21,2.734663329,3.602,17872120380.0,9553,393871773.7,196935.8868,-0.005657907202539225,-0.005673973790330855,1.033391575589913,0.05409018720669536,1919.844970703125,0.024335594815455996,0.9992826268141726,-7.1737318582743015,9.868493150684931e-05,0.000984679434,0.35940799341,0.0003657185440069188,0.0006189608899930812,0.8115291586469717,0.8422631694962517,-0.002209992711276531,1.2347049242434045
2025-03-13,1862.9696044921875,1919.688232421875,1823.525390625,1909.015380859375,17977225564,1908.038587259471,136523058.44951686,4.2,2.547974809,2.825,17422495242.0,7608,240613443.6,120306.7218,-0.024103446480985946,-0.024398688433319826,1.0337201280362558,0.0541073844277195,1908.982666015625,-0.005436181178680277,0.9995054545161877,-4.945454838123364,7.73972602739726e-05,0.000601533609,0.21955976728499998,0.0003659511312011278,0.00023558247779887216,0.7919685090037649,0.8376844743067405,-0.011816140762694102,1.2201154770581528
2025-03-14,1909.467529296875,1945.0914306640625,1861.10595703125,1862.9979248046875,12122715282,1861.4463828556704,65010860.37234711,4.2,2.407553079,2.811,17946296370.0,6477,221541765.9,110770.883,0.024959035666801466,0.02465264658862143,1.0183294300097687,0.05330179847447697,1862.9696044921875,-0.024418900495467022,0.9991823690344469,-8.176309655530956,7.701369863013698e-05,0.000553854415,0.20215686147499998,0.0003551352150767194,0.00019871919992328055,0.8117352792669734,0.8172291404820466,0.012678237033324012,1.2355843902843233
2025-03-15,1937.3946533203125,1955.2384033203125,1904.9656982421875,1909.528076171875,6456484591,1907.1943283552384,20704964.27403099,4.2,1.977907259,2.794,18164216941.0,4702,114302959.8,57151.47988,0.01462560823630299,0.014519685568091134,1.0217006873223584,0.05347825814713863,1909.467529296875,0.024576558272597415,0.998809510553723,-11.904894462769766,7.654794520547945e-05,0.0002857573994,0.10430145078099999,0.00035749051180649987,-7.173311240649989e-05,0.8236074014531182,0.8373138200751684,0.007241071005744995,1.2445313445879622
2025-03-16,1887.43505859375,1940.474365234375,1863.489013671875,1937.384765625,9292997638,1938.248832025876,19624696.765071183,4.2,2.211954856,2.714,17497436401.0,5601,143184096.9,71592.04847,-0.025786999381329778,-0.02612531278119512,1.0174299156699087,0.053254715742057396,1937.3946533203125,0.01628282090027966,1.0004408904009825,4.408904009824965,7.435616438356164e-05,0.00035796024235,0.13065548845775,0.000354508093595917,3.4521487540829787e-06,0.802369037901388,0.8509476510447813,-0.012890047541910806,1.228489276388825
2025-03-17,1927.0029296875,1951.6259765625,1880.484375,1887.44921875,10436892087,1886.368224764909,14609615.433140583,4.2,2.391279729,2.688,18032973845.0,6099,197439332.0,98719.66599,0.020963831795744126,0.020747114260993627,1.0239242839243992,0.053594646512708476,1887.43505859375,-0.026766742434582547,0.9994347705771472,-5.652294228527532,7.364383561643836e-05,0.00049359832995,0.18016339043175,0.00035904826685277186,0.00013455006309722812,0.8191897674500658,0.8281705544439526,0.01061646596096929,1.2415314909750228
2025-03-18,1932.54345703125,1935.1820068359373,1872.5089111328125,1927.0057373046875,10170844746,1928.1587021638927,21405598.768168908,4.2,2.215525377,2.793,17872525625.0,6251,162646954.4,81323.47722,0.002875204421535882,0.002871078927171311,1.0250929666383977,0.05365581816175092,1927.0029296875,0.02215393413138722,1.000599777228455,5.997772284549452,7.652054794520548e-05,0.0004066173861,0.14841534592650002,0.00035986835282585995,4.674903327414007e-05,0.8215451054915152,0.8465177903566583,0.0014843512440420809,1.243374359788169
2025-03-19,2057.7490234375,2068.764404296875,1928.24951171875,1932.5445556640625,20065206266,1931.1847703055807,46476428.64115341,4.2,2.69123588,2.873,19006836697.0,7664,393368279.5,196684.1397,0.06478796942480636,0.06277568959842839,1.047807442626762,0.05484474817389201,1932.54345703125,0.0015694082329904546,0.9992969437656235,-7.030562343764979,7.87123287671233e-05,0.0009834206985,0.3589485549525,0.00037599330028220386,0.0006074273982177962,0.8747713446671987,0.8478463223462169,0.03300141211062097,1.2844074694433179
2025-03-20,1982.099853515625,2067.483642578125,1952.2432861328125,2057.951171875,13217865782,2055.6098037153824,76118768.24205878,4.19,2.21547134,2.93,18435321289.0,6630,265556707.1,132778.3535,-0.03676306928602102,-0.037455863474503026,1.0505650791575998,0.05498908946689693,2057.7490234375,0.06442937792540349,0.9989604078545283,-10.395921454716683,8.027397260273973e-05,0.0006638917675,0.24232049513749998,0.00037797499504979934,0.00028591677245020064,0.8426120651137727,0.9024725334713248,-0.01809561787056031,1.261165322686178
2025-03-21,1964.8475341796875,1994.8914794921875,1937.2115478515625,1981.85302734375,9708125480,1979.0260558467407,13683165.48355174,4.19,1.882264217,2.741,18316718570.0,5296,206264736.0,103132.368,-0.008704061657306195,-0.0087421632555289,1.0460074704422755,0.05475053332375629,1982.099853515625,-0.03725597520026491,0.9984492215851627,-15.50778414837306,7.509589041095891e-05,0.00051566184,0.18821657160000002,0.0003747026124044685,0.00014095922759553158,0.8352779177458324,0.8688500391453969,-0.004211071601057566,1.2558544652115757
2025-03-22,1980.037841796875,2005.0411376953125,1964.27099609375,1964.9404296875,6117036512,1962.4107702652136,12060012.797236236,4.19,2.044824221,2.668,18527091642.0,3680,102089556.4,51044.77819,0.007731036303297412,0.007701304979779167,1.0457024941803652,0.05473457013662569,1964.8475341796875,-0.008395688137829094,0.9987598203564985,-12.401796435015378,7.30958904109589e-05,0.00025522389095,0.09315672019674999,0.00037448414600514966,-0.00011926025505514968,0.8417354816512681,0.8615554451781916,0.003746257896593556,1.2605592199188471
2025-03-23,2005.2991943359373,2019.889404296875,1977.7093505859373,1979.983642578125,7522339707,1977.68056665268,3091814.196891776,4.19,1.641667849,2.664,18643354885.0,3983,113223356.2,56611.6781,0.012758015026691494,0.012677317190987303,1.0464763761399225,0.054775076969715016,1980.037841796875,0.007781141756270982,0.9988094797511264,-11.905202488735611,7.298630136986302e-05,0.0002830583905,0.1033163125325,0.00037503863212977556,-9.198024162977557e-05,0.8524743555746744,0.8682593302280103,0.006287027271715971,1.26848439011209
2025-03-24,2077.47900390625,2101.9833984375,1978.7637939453125,2005.7183837890625,14044912402,2002.1029793396565,16255875.928851388,4.19,2.091352271,2.669,19433883314.0,6361,263113024.9,131556.5125,0.03599453377041595,0.035361867539989156,1.0447278669687239,0.054683555816807644,2005.2991943359373,0.012349017884274671,0.9984061156533106,-15.938843466893893,7.312328767123289e-05,0.0006577825625,0.2400906353125,0.00037378640959623966,0.00028399615290376036,0.8831587725548207,0.8789814802251843,0.018281263038111735,1.2916738869074678
2025-03-25,2067.76416015625,2096.518310546875,2038.64453125,2078.568115234375,11735658914,2075.513590219406,17673174.754598875,4.19,1.880860738,2.704,19270593654.0,5661,179250542.5,89625.27127,-0.004676265671871183,-0.00468723360820178,1.0392947382974407,0.054399172864701605,2077.47900390625,0.036666750730255826,0.9990539429360545,-9.460570639454602,7.408219178082192e-05,0.00044812635635,0.16356612006775,0.0003699087510454609,7.821760530453908e-05,0.8790288875039107,0.9112108750571124,-0.0022599152306310524,1.2887548134174371
2025-03-26,2009.1893310546875,2078.369140625,1982.412353515625,2067.5087890625,13178523590,2067.607905107557,11155591.578601418,4.2,1.917314637,2.689,18766002009.0,5742,203823912.2,101911.9561,-0.028327615997143618,-0.028736584831998258,0.9707556193145204,0.05081167141380985,2067.76416015625,-0.003809025943796951,0.9999244328479506,-0.755671520493717,7.367123287671233e-05,0.0005095597805,0.18598931988249998,0.00032272824398312265,0.0001868315365168773,0.8541280947283035,0.90774004919375,-0.013976976462054933,1.2707419177249415
2025-03-27,2002.357421875,2037.3961181640625,1987.7177734375,2008.9405517578125,11593274543,2005.8190953021588,9306551.970810363,4.2,2.291073785,2.749,18799065658.0,4889,163017666.3,81508.83315,-0.003400331205273277,-0.0034061254701009958,0.9708554926650892,0.050816899023901546,2009.1893310546875,-0.02988420079685472,0.9983225892650148,-16.77410734985174,7.531506849315069e-05,0.00040754416575,0.14875362049875002,0.00032279465330067576,8.474951244932425e-05,0.8512237763144983,0.8806129632922971,-0.0016154160901873144,1.268689140784573
2025-03-28,1895.5029296875,2015.454345703125,1863.0106201171875,2002.4105224609373,18160526498,2000.4163561927844,20175923.587590985,4.2,2.030846156,3.019,17711261719.0,6864,337197442.4,168598.7212,-0.05336434495667708,-0.054840995788628,0.9621526277272776,0.05036137025354933,2002.357421875,-0.0026935325932573306,0.9990306097897358,-9.693902102642094,8.27123287671233e-05,0.000842993606,0.30769266618999996,0.00031703345172688543,0.0005259601542731145,0.8057987770799261,0.8782410035736243,-0.026156212324065425,1.2355050382449757
2025-03-29,1827.3203125,1911.90087890625,1799.2008056640625,1895.5496826171875,12194771785,1896.3516574339912,18917174.958504062,4.2,1.813869685,2.812,17025405314.0,6291,183151331.0,91575.6655,-0.03597072635426679,-0.03663361798023512,0.9676573092128447,0.05064949845112785,1895.5029296875,-0.052021519638466795,1.0004477586044307,4.477586044306925,7.704109589041095e-05,0.0004578783275,0.1671255895375,0.0003206714616688503,0.00013720686583114968,0.7768136097729812,0.8325535719589122,-0.017848156311302245,1.213453551198978
2025-03-30,1806.2186279296875,1847.570556640625,1769.4127197265625,1827.31103515625,9854857162,1827.6756447245405,12756649.125937032,4.2,1.723956237,2.765,16846136448.0,6046,150304861.2,75152.43059,-0.01154788485957492,-0.011615079486720248,0.9645298280622094,0.05048579860595861,1827.3203125,-0.036214808809447496,1.0001944553574487,1.9445535744866405,7.575342465753425e-05,0.00037576215295,0.13715318582675,0.0003186019826101765,5.716017033982352e-05,0.767843055649972,0.8024028035267976,-0.005716782259447636,1.2065165014648198
2025-03-31,1823.47998046875,1852.5513916015625,1778.6922607421875,1806.3165283203125,15765030938,1803.467065662741,13412958.371348873,4.21,2.18025876,2.743,17094090195.0,6802,201541600.6,100770.8003,0.009556624138489678,0.009511248469109113,0.9662214656974237,0.05057434296662112,1806.2186279296875,-0.01324555543084227,0.9984766172685859,-15.23382731414058,7.515068493150685e-05,0.0005038540015,0.1839067105475,0.00031972052081317737,0.0001841334806868226,0.7751810431301682,0.7917745327148201,0.004962445549931661,1.2125037739084332
